tsrunid,temp_in_avg,temp_in_sd,temp_in_25,temp_in_50,temp_in_75,ph_in_avg,ph_in_sd,ph_in_25,ph_in_50,ph_in_75,turb_in_avg,turb_in_sd,turb_in_25,turb_in_50,turb_in_75,alk_in_avg,alk_in_sd,alk_in_25,alk_in_50,alk_in_75,tds_in_avg,tds_in_sd,tds_in_25,tds_in_50,tds_in_75,th_in_avg,th_in_sd,th_in_25,th_in_50,th_in_75,cah_in_avg,cah_in_sd,cah_in_25,cah_in_50,cah_in_75,nh3_in_avg,nh3_in_sd,nh3_in_25,nh3_in_50,nh3_in_75,br_in_avg,br_in_sd,br_in_25,br_in_50,br_in_75,toc_in_avg,toc_in_sd,toc_in_25,toc_in_50,toc_in_75,br_toc_in_avg,br_toc_in_sd,br_toc_in_25,br_toc_in_50,br_toc_in_75,uv_in_avg,uv_in_sd,uv_in_25,uv_in_50,uv_in_75,tsuva_in_avg,tsuva_in_sd,tsuva_in_25,tsuva_in_50,tsuva_in_75,cl2d_in_avg,cl2d_in_sd,cl2d_in_25,cl2d_in_50,cl2d_in_75,tox_in_avg,tox_in_sd,tox_in_25,tox_in_50,tox_in_75,thm4_in_avg,thm4_in_sd,thm4_in_25,thm4_in_50,thm4_in_75,haa5_in_avg,haa5_in_sd,haa5_in_25,haa5_in_50,haa5_in_75,haa6_in_avg,haa6_in_sd,haa6_in_25,haa6_in_50,haa6_in_75,haa9_in_avg,haa9_in_sd,haa9_in_25,haa9_in_50,haa9_in_75,chcl3_in_avg,chcl3_in_sd,chcl3_in_25,chcl3_in_50,chcl3_in_75,bdcm_in_avg,bdcm_in_sd,bdcm_in_25,bdcm_in_50,bdcm_in_75,dbcm_in_avg,dbcm_in_sd,dbcm_in_25,dbcm_in_50,dbcm_in_75,chbr3_in_avg,chbr3_in_sd,chbr3_in_25,chbr3_in_50,chbr3_in_75,mcaa_in_avg,mcaa_in_sd,mcaa_in_25,mcaa_in_50,mcaa_in_75,dcaa_in_avg,dcaa_in_sd,dcaa_in_25,dcaa_in_50,dcaa_in_75,tcaa_in_avg,tcaa_in_sd,tcaa_in_25,tcaa_in_50,tcaa_in_75,mbaa_in_avg,mbaa_in_sd,mbaa_in_25,mbaa_in_50,mbaa_in_75,dbaa_in_avg,dbaa_in_sd,dbaa_in_25,dbaa_in_50,dbaa_in_75,bcaa_in_avg,bcaa_in_sd,bcaa_in_25,bcaa_in_50,bcaa_in_75,tbaa_in_avg,tbaa_in_sd,tbaa_in_25,tbaa_in_50,tbaa_in_75,cdbaa_in_avg,cdbaa_in_sd,cdbaa_in_25,cdbaa_in_50,cdbaa_in_75,dcbaa_in_avg,dcbaa_in_sd,dcbaa_in_25,dcbaa_in_50,dcbaa_in_75,time_sds_avg,time_sds_sd,time_sds_25,time_sds_50,time_sds_75,temp_sds_avg,temp_sds_sd,temp_sds_25,temp_sds_50,temp_sds_75,ph_sds_avg,ph_sds_sd,ph_sds_25,ph_sds_50,ph_sds_75,rescl2_sds_avg,rescl2_sds_sd,rescl2_sds_25,rescl2_sds_50,rescl2_sds_75,prcsname,chemdose,chemunits,tsid,scale,tech,prtcl,toc_feed_avg,br_feed_avg,lime_softening,extracted_date
1004-3-NF45,22.6,0.0,22.6,22.6,22.6,6.23,0.0,6.23,6.23,6.23,0.15,0.0,0.15,0.15,0.15,6.6000000000000005,0.0,6.6000000000000005,6.6000000000000005,6.6000000000000005,83.15,0.0,83.15,83.15,83.15,44.0,0.0,44.0,44.0,44.0,31.0,0.0,31.0,31.0,31.0,,,,,,48.0,0.0,48.0,48.0,48.0,3.5,0.0,3.5,3.5,3.5,13.71,0.0,13.71,13.71,13.71,0.056,0.0,0.056,0.056,0.056,1.59,0.0,1.59,1.59,1.59,2.9,0.0,2.9,2.9,2.9,397.5,0.0,397.5,397.5,397.5,122.1,0.0,122.1,122.1,122.1,78.7,0.0,78.7,78.7,78.7,86.60000000000001,0.0,86.60000000000001,86.60000000000001,86.60000000000001,101.25,0.0,101.25,101.25,101.25,96.0,0.0,96.0,96.0,96.0,22.0,0.0,22.0,22.0,22.0,4.1,0.0,4.1,4.1,4.1,0.0,0.0,0.0,0.0,0.0,4.1,0.0,4.1,4.1,4.1,34.0,0.0,34.0,34.0,34.0,39.5,0.0,39.5,39.5,39.5,0.0,0.0,0.0,0.0,0.0,1.1,0.0,1.1,1.1,1.1,7.9,0.0,7.9,7.9,7.9,0.0,0.0,0.0,0.0,0.0,1.15,0.0,1.15,1.15,1.15,13.5,0.0,13.5,13.5,13.5,72.0,0.0,72.0,72.0,72.0,28.0,0.0,28.0,28.0,28.0,7.32,0.02,7.3,7.32,7.33,1.49,0.51,1.03,1.42,1.95,Pre-oxidation,1.7,mg/L,1004.0,Bench-Scale,Membrane,RBSMT,3.1750000000000003,42.5,False,
1004-3-NTR7450,20.25,0.0,20.25,20.25,20.25,6.66,0.0,6.66,6.66,6.66,0.39,0.0,0.39,0.39,0.39,7.2,0.0,7.2,7.2,7.2,84.45,0.0,84.45,84.45,84.45,44.0,0.0,44.0,44.0,44.0,31.0,0.0,31.0,31.0,31.0,,,,,,48.0,0.0,48.0,48.0,48.0,3.08,0.0,3.08,3.08,3.08,15.61,0.0,15.61,15.61,15.61,0.047,0.0,0.047,0.047,0.047,1.53,0.0,1.53,1.53,1.53,2.9,0.0,2.9,2.9,2.9,397.5,0.0,397.5,397.5,397.5,122.1,0.0,122.1,122.1,122.1,78.7,0.0,78.7,78.7,78.7,86.60000000000001,0.0,86.60000000000001,86.60000000000001,86.60000000000001,101.25,0.0,101.25,101.25,101.25,96.0,0.0,96.0,96.0,96.0,22.0,0.0,22.0,22.0,22.0,4.1,0.0,4.1,4.1,4.1,0.0,0.0,0.0,0.0,0.0,4.1,0.0,4.1,4.1,4.1,34.0,0.0,34.0,34.0,34.0,39.5,0.0,39.5,39.5,39.5,0.0,0.0,0.0,0.0,0.0,1.1,0.0,1.1,1.1,1.1,7.9,0.0,7.9,7.9,7.9,0.0,0.0,0.0,0.0,0.0,1.15,0.0,1.15,1.15,1.15,13.5,0.0,13.5,13.5,13.5,72.0,0.0,72.0,72.0,72.0,28.0,0.0,28.0,28.0,28.0,7.36,0.04,7.33,7.33,7.4,1.27,0.37,1.03,1.03,1.47,Pre-oxidation,1.7,mg/L,1004.0,Bench-Scale,Membrane,RBSMT,3.1750000000000003,42.5,False,
1004-4-NF45,22.15,0.0,22.15,22.15,22.15,6.5600000000000005,0.0,6.5600000000000005,6.5600000000000005,6.5600000000000005,0.16,0.0,0.16,0.16,0.16,14.5,0.0,14.5,14.5,14.5,88.02,0.0,88.02,88.02,88.02,41.0,0.0,41.0,41.0,41.0,31.0,0.0,31.0,31.0,31.0,,,,,,42.0,0.0,42.0,42.0,42.0,3.1,0.0,3.1,3.1,3.1,13.55,0.0,13.55,13.55,13.55,0.054,0.0,0.054,0.054,0.054,1.74,0.0,1.74,1.74,1.74,2.6,0.0,2.6,2.6,2.6,232.5,0.0,232.5,232.5,232.5,66.8,0.0,66.8,66.8,66.8,55.3,0.0,55.3,55.3,55.3,61.2,0.0,61.2,61.2,61.2,,,,,,48.0,0.0,48.0,48.0,48.0,16.0,0.0,16.0,16.0,16.0,2.8000000000000003,0.0,2.8000000000000003,2.8000000000000003,2.8000000000000003,0.0,0.0,0.0,0.0,0.0,2.65,0.0,2.65,2.65,2.65,21.0,0.0,21.0,21.0,21.0,30.5,0.0,30.5,30.5,30.5,0.0,0.0,0.0,0.0,0.0,1.15,0.0,1.15,1.15,1.15,5.9,0.0,5.9,5.9,5.9,,,,,,2.1,0.0,2.1,2.1,2.1,11.0,0.0,11.0,11.0,11.0,72.0,0.0,72.0,72.0,72.0,15.5,0.0,15.5,15.5,15.5,7.34,0.04,7.3,7.34,7.38,1.21,0.21,1.06,1.24,1.41,Pre-oxidation,1.2,mg/L,1004.0,Bench-Scale,Membrane,RBSMT,3.1750000000000003,42.5,False,
1004-4-NTR7450,19.0,0.0,19.0,19.0,19.0,7.08,0.0,7.08,7.08,7.08,0.1,0.0,0.1,0.1,0.1,15.0,0.0,15.0,15.0,15.0,88.60000000000001,0.0,88.60000000000001,88.60000000000001,88.60000000000001,41.0,0.0,41.0,41.0,41.0,28.5,0.0,28.5,28.5,28.5,,,,,,42.0,0.0,42.0,42.0,42.0,2.95,0.0,2.95,2.95,2.95,14.24,0.0,14.24,14.24,14.24,0.053,0.0,0.053,0.053,0.053,1.8,0.0,1.8,1.8,1.8,2.6,0.0,2.6,2.6,2.6,232.5,0.0,232.5,232.5,232.5,66.8,0.0,66.8,66.8,66.8,55.3,0.0,55.3,55.3,55.3,61.2,0.0,61.2,61.2,61.2,,,,,,48.0,0.0,48.0,48.0,48.0,16.0,0.0,16.0,16.0,16.0,2.8000000000000003,0.0,2.8000000000000003,2.8000000000000003,2.8000000000000003,0.0,0.0,0.0,0.0,0.0,2.65,0.0,2.65,2.65,2.65,21.0,0.0,21.0,21.0,21.0,30.5,0.0,30.5,30.5,30.5,0.0,0.0,0.0,0.0,0.0,1.15,0.0,1.15,1.15,1.15,5.9,0.0,5.9,5.9,5.9,,,,,,2.1,0.0,2.1,2.1,2.1,11.0,0.0,11.0,11.0,11.0,72.0,0.0,72.0,72.0,72.0,15.5,0.0,15.5,15.5,15.5,7.35,0.05,7.3,7.38,7.38,1.26,0.18,1.1,1.33,1.41,Pre-oxidation,1.2,mg/L,1004.0,Bench-Scale,Membrane,RBSMT,3.1750000000000003,42.5,False,
1005-1-NF70,24.09,1.04,24.1,24.5,24.6,6.03,0.09,5.97,6.01,6.07,0.28,0.27,0.13,0.2,0.28,69.85000000000001,7.77,65.75,68.0,74.5,607.67,7.18,601.0,609.5,614.25,249.97,5.76,245.4,247.0,255.5,249.01,6.28,244.5,247.0,254.8,0.62,0.05,0.59,0.62,0.65,,,,,,14.83,1.44,14.0,14.0,15.25,,,,,,0.428,0.028,0.415,0.427,0.45,3.01,0.41,2.87,3.21,3.24,20.61,5.34,15.43,21.95,24.38,1606.67,11.55,1600.0,1600.0,1610.0,526.78,152.72,374.24,580.7,636.1800000000001,291.38,63.85,249.1,307.6,339.43,311.75,64.62,269.9,324.2,361.3,,,,,,441.11,142.86,293.78000000000003,495.5,537.9300000000001,68.06,6.32,66.68,68.35000000000001,72.75,17.16,11.71,7.13,13.53,30.15,0.45,0.85,0.0,0.0,0.38,9.78,6.87,6.75,11.15,13.08,166.21,33.5,157.0,168.0,188.0,108.14,34.72,81.68,107.75,128.75,7.44,15.39,0.75,1.0,3.65,2.43,1.46,1.55,1.7,2.81,18.13,7.3,17.35,18.6,20.98,,,,,,,,,,,,,,,,96.0,0.0,96.0,96.0,96.0,23.0,1.11,22.47,22.95,23.82,8.71,0.05,8.700000000000001,8.700000000000001,8.700000000000001,2.17,1.64,1.2,1.3,3.4,Scale Control,204.0,mg/L,1005.0,Full-Scale,Membrane,2-Stage Array,14.86,,False,
1005-2-NF70,24.92,0.14,24.9,24.9,25.0,6.2700000000000005,0.15,6.17,6.2700000000000005,6.3500000000000005,0.33,0.3,0.15,0.23,0.39,89.16,7.12,86.78,89.95,94.28,604.0,8.02,597.0,600.0,614.0,255.71,12.89,246.0,251.8,259.3,248.29,7.52,243.0,246.6,254.0,0.59,0.08,0.55,0.59,0.61,,,,,,14.86,4.04,12.0,13.0,18.0,,,,,,0.436,0.03,0.428,0.431,0.453,3.13,0.79,2.42,3.33,3.7,24.51,6.92,18.73,22.5,31.3,1898.89,268.86,1700.0,1960.0,2000.0,827.49,125.56,785.88,824.12,882.25,430.46,85.08,374.35,411.15,474.55,453.97,89.16,392.9,437.3,499.63,,,,,,685.23,106.25,649.0500000000001,679.26,713.0,91.99,27.7,81.0,83.0,93.75,46.8,33.21,32.11,35.7,44.22,7.94,12.5,0.0,0.0,14.6,15.47,6.37,12.38,14.8,16.05,219.23,32.78,194.0,214.0,233.25,191.64,54.3,163.0,194.0,220.25,1.59,1.32,1.03,1.3,2.15,2.54,1.13,1.6,2.2,3.48,23.51,4.97,19.4,22.0,27.73,,,,,,,,,,,,,,,,94.0,6.7700000000000005,96.0,96.0,96.0,25.85,1.11,25.0,25.7,26.4,8.74,0.04,8.700000000000001,8.72,8.77,1.53,1.35,0.5700000000000001,1.15,1.85,Scale Control,204.0,mg/L,1005.0,Full-Scale,Membrane,2-Stage Array,14.86,,False,
1006-1-PVD1,24.61,0.74,24.23,24.95,25.13,6.140000000000001,0.13,6.07,6.16,6.21,0.35,0.3,0.2,0.21,0.27,99.7,17.490000000000002,86.0,96.0,112.0,547.78,28.25,527.0,548.0,570.0,305.04,12.51,300.0,302.0,310.0,241.65,13.01,231.0,242.0,247.0,0.26,0.07,0.23,0.24,0.29,154.13,12.67,150.0,160.0,160.0,8.0,0.6,8.0,8.0,8.0,19.33,1.83,17.64,18.75,20.0,0.235,0.014,0.225,0.229,0.243,2.95,0.27,2.79,2.91,3.0700000000000003,25.6,1.57,24.83,25.83,26.75,814.8100000000001,81.95,777.5,815.0,860.0,294.7,54.14,256.0,301.0,324.0,131.06,22.71,121.95,131.9,140.75,143.57,24.07,134.45,143.9,153.75,165.04,27.62,153.15,163.8,177.20000000000002,223.0,44.55,190.0,230.0,247.5,56.53,11.15,47.0,59.0,62.5,15.17,3.0,13.0,15.0,17.25,0.0,0.0,0.0,0.0,0.0,4.37,2.67,3.18,5.0,6.0,55.07,10.45,52.0,56.0,58.25,69.27,12.31,65.75,70.0,76.5,0.07,0.28,0.0,0.0,0.0,2.31,0.26,2.2,2.3000000000000003,2.5,12.51,1.69,12.0,13.0,13.0,0.0,0.0,0.0,0.0,0.0,3.23,1.68,2.48,3.1,3.75,18.23,3.93,17.0,18.0,20.0,44.7,1.91,44.0,44.75,46.0,22.68,1.13,21.67,22.6,23.6,8.290000000000001,0.1,8.23,8.290000000000001,8.35,2.57,1.68,1.08,2.93,3.56,pH adjustment,,,1006.0,Full-Scale,Membrane,3-Stage Array,8.0,154.1300048828125,False,
1007-1-DS5-DL,9.4,,9.4,9.4,9.4,7.52,,7.52,7.52,7.52,0.05,0.03,0.04,0.06,0.07,36.0,2.0,35.0,36.0,37.0,163.37,1.51,162.55,163.07,164.04,69.0,5.29,66.0,67.0,71.0,46.9,4.55,44.85,47.7,49.35,,,,,,40.63,1.17,40.2,41.1,41.3,4.17,0.47,3.9,4.0,4.3500000000000005,9.82,0.85,9.55,10.28,10.31,0.091,0.003,0.09,0.092,0.093,2.2,0.21,2.1,2.19,2.3000000000000003,1.65,0.12,1.6,1.69,1.72,285.67,12.9,278.5,282.0,291.0,49.370000000000005,4.07,47.15,48.5,51.15,36.5,1.06,35.9,36.1,36.9,39.27,0.91,38.75,38.9,39.6,,,,,,38.73,4.8500000000000005,36.3,38.7,41.15,9.13,1.04,8.55,8.8,9.55,1.5,0.1,1.45,1.5,1.55,0.0,0.0,0.0,0.0,0.0,0.0,0.0,0.0,0.0,0.0,14.53,0.91,14.2,14.9,15.05,21.97,1.97,20.85,21.2,22.7,0.0,0.0,0.0,0.0,0.0,0.0,0.0,0.0,0.0,0.0,2.77,0.15,2.7,2.8000000000000003,2.85,,,,,,,,,,,,,,,,6.1000000000000005,0.11,6.0200000000000005,6.11,6.16,9.0,0.0,9.0,9.0,9.0,7.15,0.1,7.1000000000000005,7.15,7.2,1.33,0.66,0.98,1.08,1.24,Filtration,3.0,mg/L,1007.0,Pilot-Scale,Membrane,2-Stage Pilot,4.41,40.59999847412109,False,
1007-2-DS5-DL,7.65,3.0500000000000003,5.55,6.95,7.98,7.53,0.32,7.4,7.5,7.7,0.03,0.0,0.03,0.03,0.04,35.64,0.85,35.0,36.0,36.0,193.24,15.68,181.4,201.44,205.53,68.39,7.73,64.95,73.10000000000001,73.95,43.24,4.84,41.2,45.9,46.7,,,,,,37.49,3.76,34.5,37.5,40.45,4.51,0.28,4.3,4.5,4.65,8.3,0.7000000000000001,7.92,8.0,8.44,0.129,0.012,0.12,0.132,0.138,2.85,0.14,2.81,2.88,2.94,2.09,0.23,1.91,2.06,2.24,413.5,26.67,392.25,409.0,437.5,70.54,6.42,69.48,72.3,74.15,63.71,4.74,61.25,63.85,67.45,66.81,4.51,64.48,66.7,70.25,,,,,,63.68,6.45,62.73,66.1,67.3,6.71,0.5700000000000001,6.25,6.8,7.1000000000000005,0.14,0.38,0.0,0.0,0.0,0.0,0.0,0.0,0.0,0.0,0.89,0.85,0.0,1.3,1.53,28.81,1.2,28.35,28.4,29.85,34.0,4.1,31.4,35.5,37.3,0.0,0.0,0.0,0.0,0.0,0.0,0.0,0.0,0.0,0.0,3.1,0.35,2.93,3.0,3.33,,,,,,,,,,,,,,,,6.25,0.41,6.0,6.19,6.57,9.85,0.86,9.0,10.0,10.75,7.05,0.21,7.0,7.1000000000000005,7.17,0.71,0.24,0.59,0.76,0.9,Filtration,3.0,mg/L,1007.0,Pilot-Scale,Membrane,2-Stage Pilot,4.41,40.59999847412109,False,
1008-1-10,20.44,3.78,18.1,21.0,23.2,7.48,0.74,7.0,7.23,7.7,0.16,0.17,0.08,0.1,0.15,33.62,4.68,30.0,32.0,35.5,,,,,,102.94,6.86,98.0,102.0,108.0,62.59,7.58,60.0,64.0,68.0,0.0,0.03,0.0,0.0,0.0,10.65,2.67,10.0,10.0,10.0,2.73,0.22,2.58,2.71,2.84,3.92,1.03,3.52,3.72,3.92,0.057,0.007,0.054,0.058,0.061,2.08,0.19,2.01,2.09,2.17,2.58,0.22,2.4,2.5,2.65,274.69,35.27,248.0,274.0,304.0,89.98,19.75,90.45,95.7,100.5,54.34,9.52,46.6,57.7,60.5,58.34,9.96,50.3,61.9,65.0,,,,,,76.63,18.31,78.0,82.3,86.5,12.29,1.37,11.9,12.45,12.8,1.05,0.69,1.0,1.1,1.5,0.0,0.0,0.0,0.0,0.0,3.93,1.37,3.2,4.3,5.1,31.84,6.49,26.4,33.35,36.0,18.56,3.47,16.7,18.9,20.5,0.0,0.0,0.0,0.0,0.0,0.0,0.0,0.0,0.0,0.0,4.01,1.15,3.7,4.3,4.6,,,,,,,,,,,,,,,,47.85,0.44,47.5,48.0,48.0,23.24,3.33,23.0,24.5,25.5,8.19,0.44,8.01,8.27,8.5,0.77,0.39,0.5,0.7,0.89,Coagulation,42.0,mg/L,1008.0,Pilot-Scale,GAC,Pilot Columns,2.74,10.609999656677246,False,2026-01-10
1008-1-20,20.44,3.78,18.1,21.0,23.2,7.48,0.74,7.0,7.23,7.7,0.16,0.17,0.08,0.1,0.15,33.62,4.68,30.0,32.0,35.5,,,,,,102.94,6.86,98.0,102.0,108.0,62.59,7.58,60.0,64.0,68.0,0.0,0.03,0.0,0.0,0.0,10.65,2.67,10.0,10.0,10.0,2.73,0.22,2.58,2.71,2.84,3.92,1.03,3.52,3.72,3.92,0.057,0.007,0.054,0.058,0.061,2.08,0.19,2.01,2.09,2.17,2.58,0.22,2.4,2.5,2.65,274.69,35.27,248.0,274.0,304.0,89.98,19.75,90.45,95.7,100.5,54.34,9.52,46.6,57.7,60.5,58.34,9.96,50.3,61.9,65.0,,,,,,76.63,18.31,78.0,82.3,86.5,12.29,1.37,11.9,12.45,12.8,1.05,0.69,1.0,1.1,1.5,0.0,0.0,0.0,0.0,0.0,3.93,1.37,3.2,4.3,5.1,31.84,6.49,26.4,33.35,36.0,18.56,3.47,16.7,18.9,20.5,0.0,0.0,0.0,0.0,0.0,0.0,0.0,0.0,0.0,0.0,4.01,1.15,3.7,4.3,4.6,,,,,,,,,,,,,,,,47.82,0.47,47.5,48.0,48.0,23.36,3.33,23.0,24.5,25.5,8.2,0.35,8.04,8.26,8.47,0.83,0.36,0.53,0.7,1.08,Coagulation,42.0,mg/L,1008.0,Pilot-Scale,GAC,Pilot Columns,2.74,10.609999656677246,False,2026-01-20
1009-1-10,19.48,6.25,15.25,22.0,24.85,7.23,0.63,6.85,7.1,7.42,0.09,0.04,0.06,0.08,0.12,51.39,6.88,50.0,51.0,55.0,,,,,,114.0,7.31,110.0,114.0,118.0,89.86,13.07,80.5,92.0,97.5,0.05,0.01,0.05,0.05,0.05,15.89,8.28,10.0,10.0,23.5,2.4,0.26,2.33,2.41,2.54,6.68,3.55,4.17,4.42,9.03,0.045,0.006,0.041,0.046,0.05,1.87,0.19,1.78,1.85,1.97,2.41,0.25,2.33,2.4,2.5,192.14,29.61,181.5,192.0,214.0,61.63,14.65,54.55,59.63,70.7,39.45,8.2,34.23,38.35,44.33,43.98,9.21,37.43,44.0,50.75,,,,,,46.68,13.06,37.69,46.35,54.88,12.45,3.19,10.03,12.4,15.25,2.5,1.56,1.33,2.35,3.4,0.0,0.0,0.0,0.0,0.0,3.12,1.22,2.45,3.15,3.65,21.17,4.77,17.4,21.63,24.55,14.98,3.87,12.6,14.35,17.38,0.15,0.38,0.0,0.0,0.0,0.05,0.21,0.0,0.0,0.0,4.53,1.82,3.2,4.75,5.8,,,,,,,,,,,,,,,,47.73,1.04,47.5,48.0,48.0,18.46,6.66,11.13,17.25,25.0,7.94,0.53,7.45,7.96,8.41,0.82,0.47,0.53,0.7,1.0,Coagulation,59.2,mg/L,1009.0,Pilot-Scale,GAC,Pilot Columns,2.43,16.68000030517578,False,2026-01-10
1009-1-20,19.48,6.25,15.25,22.0,24.85,7.23,0.63,6.85,7.1,7.42,0.09,0.04,0.06,0.08,0.12,51.39,6.88,50.0,51.0,55.0,,,,,,114.0,7.31,110.0,114.0,118.0,89.86,13.07,80.5,92.0,97.5,0.05,0.01,0.05,0.05,0.05,15.89,8.28,10.0,10.0,23.5,2.4,0.26,2.33,2.41,2.54,6.68,3.55,4.17,4.42,9.03,0.045,0.006,0.041,0.046,0.05,1.87,0.19,1.78,1.85,1.97,2.41,0.25,2.33,2.4,2.5,192.14,29.61,181.5,192.0,214.0,61.63,14.65,54.55,59.63,70.7,39.45,8.2,34.23,38.35,44.33,43.98,9.21,37.43,44.0,50.75,,,,,,46.68,13.06,37.69,46.35,54.88,12.45,3.19,10.03,12.4,15.25,2.5,1.56,1.33,2.35,3.4,0.0,0.0,0.0,0.0,0.0,3.12,1.22,2.45,3.15,3.65,21.17,4.77,17.4,21.63,24.55,14.98,3.87,12.6,14.35,17.38,0.15,0.38,0.0,0.0,0.0,0.05,0.21,0.0,0.0,0.0,4.53,1.82,3.2,4.75,5.8,,,,,,,,,,,,,,,,48.0,0.64,47.75,48.0,48.0,20.87,6.07,16.0,24.6,26.0,7.89,0.53,7.45,7.94,8.3,0.91,0.5,0.58,0.9,1.1,Coagulation,59.2,mg/L,1009.0,Pilot-Scale,GAC,Pilot Columns,2.43,16.68000030517578,False,2026-01-20
1010-1-10,17.37,1.72,16.45,17.1,18.15,6.32,0.03,6.31,6.32,6.34,0.18,0.03,0.18,0.2,0.2,21.2,0.85,20.9,21.2,21.5,,,,,,90.83,1.31,90.36,90.83,91.29,69.73,5.41,67.81,69.73,71.64,0.0,0.0,0.0,0.0,0.0,30.0,1.41,29.5,30.0,30.5,2.73,0.12,2.67,2.71,2.78,11.25,0.26,11.16,11.25,11.35,0.057,0.002,0.056,0.056,0.057,2.08,0.05,2.05,2.06,2.1,3.2,0.03,3.19,3.19,3.22,273.68,4.73,272.08,275.9,276.4,58.47,0.9,57.95,58.0,58.75,55.8,4.36,53.45,55.0,57.75,60.17,4.34,57.85,59.5,62.15,66.53,4.74,64.0,65.8,68.7,44.83,2.39,43.65,44.9,46.04,0.0,0.0,0.0,0.0,0.0,13.64,1.66,12.71,13.1,14.3,0.0,0.0,0.0,0.0,0.0,2.13,1.87,1.45,2.9,3.2,21.33,2.08,20.5,22.0,22.5,32.33,2.08,31.5,33.0,33.5,0.0,0.0,0.0,0.0,0.0,0.0,0.0,0.0,0.0,0.0,4.37,0.12,4.3,4.3,4.4,0.0,0.0,0.0,0.0,0.0,0.0,0.0,0.0,0.0,0.0,6.37,0.4,6.15,6.3,6.55,48.1,0.12,48.0,48.1,48.2,12.98,0.06,12.95,13.0,13.0,7.25,0.04,7.23,7.26,7.28,1.38,0.15,1.31,1.36,1.46,Coagulation,63.0,mg/L,1010.0,Bench-Scale,GAC,RSSCT,2.68,28.0,False,2026-01-10
1010-1-20,17.37,1.72,16.45,17.1,18.15,6.32,0.03,6.31,6.32,6.34,0.18,0.03,0.18,0.2,0.2,21.2,0.85,20.9,21.2,21.5,,,,,,90.83,1.31,90.36,90.83,91.29,69.73,5.41,67.81,69.73,71.64,0.0,0.0,0.0,0.0,0.0,30.0,1.41,29.5,30.0,30.5,2.73,0.12,2.67,2.71,2.78,11.25,0.26,11.16,11.25,11.35,0.057,0.002,0.056,0.056,0.057,2.08,0.05,2.05,2.06,2.1,3.2,0.03,3.19,3.19,3.22,273.68,4.73,272.08,275.9,276.4,58.47,0.9,57.95,58.0,58.75,55.8,4.36,53.45,55.0,57.75,60.17,4.34,57.85,59.5,62.15,66.53,4.74,64.0,65.8,68.7,44.83,2.39,43.65,44.9,46.04,0.0,0.0,0.0,0.0,0.0,13.64,1.66,12.71,13.1,14.3,0.0,0.0,0.0,0.0,0.0,2.13,1.87,1.45,2.9,3.2,21.33,2.08,20.5,22.0,22.5,32.33,2.08,31.5,33.0,33.5,0.0,0.0,0.0,0.0,0.0,0.0,0.0,0.0,0.0,0.0,4.37,0.12,4.3,4.3,4.4,0.0,0.0,0.0,0.0,0.0,0.0,0.0,0.0,0.0,0.0,6.37,0.4,6.15,6.3,6.55,48.09,0.14,48.0,48.1,48.18,13.04,0.07,13.0,13.1,13.1,7.3,0.02,7.29,7.3,7.31,1.33,0.08,1.29,1.31,1.33,Coagulation,63.0,mg/L,1010.0,Bench-Scale,GAC,RSSCT,2.68,28.0,False,2026-01-20
1010-2-10Bit,16.6,1.63,15.7,16.5,17.3,6.81,0.04,6.81,6.82,6.84,0.09,0.02,0.1,0.1,0.1,56.0,1.77,55.38,56.0,56.63,,,,,,127.75,1.77,127.13,127.75,128.38,100.0,0.14,99.95,100.0,100.05,0.08,0.01,0.07,0.08,0.08,36.0,0.0,36.0,36.0,36.0,2.68,0.05,2.65,2.71,2.72,13.26,0.03,13.25,13.26,13.27,0.053,0.001,0.053,0.053,0.054,1.99,0.04,1.97,1.97,2.0,2.52,0.03,2.49,2.52,2.53,234.77,19.49,223.2,230.45,233.75,54.38,2.13,52.94,54.12,56.37,44.62,4.38,42.5,43.5,49.0,49.5,4.45,47.6,48.6,53.8,,,,,,37.29,1.89,36.63,37.66,38.13,2.62,0.33,2.39,2.53,2.7,14.47,0.85,14.07,14.16,14.43,0.0,0.0,0.0,0.0,0.0,1.98,1.15,2.0,2.5,2.5,16.2,0.84,16.0,16.0,17.0,26.0,2.35,24.0,25.0,28.0,0.0,0.0,0.0,0.0,0.0,0.44,0.6,0.0,0.0,1.1,4.88,0.25,4.8,4.9,5.1,,,,,,1.47,1.29,1.0,2.0,2.2,9.5,0.87,9.25,10.0,10.0,48.14,0.4,48.0,48.15,48.5,13.01,0.06,13.0,13.0,13.0,7.32,0.06,7.31,7.32,7.34,1.4,0.1,1.32,1.36,1.5,Coagulation,74.0,mg/L,1010.0,Bench-Scale,GAC,RSSCT,2.68,28.0,False,
1010-2-10Lig,16.6,1.63,15.7,16.5,17.3,6.81,0.04,6.81,6.82,6.84,0.09,0.02,0.1,0.1,0.1,56.0,1.77,55.38,56.0,56.63,,,,,,127.75,1.77,127.13,127.75,128.38,100.0,0.14,99.95,100.0,100.05,0.08,0.01,0.07,0.08,0.08,36.0,0.0,36.0,36.0,36.0,2.68,0.05,2.65,2.71,2.72,13.26,0.03,13.25,13.26,13.27,0.053,0.001,0.053,0.053,0.054,1.99,0.04,1.97,1.97,2.0,2.52,0.03,2.49,2.52,2.53,234.77,19.49,223.2,230.45,233.75,54.38,2.13,52.94,54.12,56.37,44.62,4.38,42.5,43.5,49.0,49.5,4.45,47.6,48.6,53.8,,,,,,37.29,1.89,36.63,37.66,38.13,2.62,0.33,2.39,2.53,2.7,14.47,0.85,14.07,14.16,14.43,0.0,0.0,0.0,0.0,0.0,1.98,1.15,2.0,2.5,2.5,16.2,0.84,16.0,16.0,17.0,26.0,2.35,24.0,25.0,28.0,0.0,0.0,0.0,0.0,0.0,0.44,0.6,0.0,0.0,1.1,4.88,0.25,4.8,4.9,5.1,,,,,,1.47,1.29,1.0,2.0,2.2,9.5,0.87,9.25,10.0,10.0,47.94,0.46,47.8,47.95,48.0,12.96,0.06,12.9,13.0,13.0,7.3,0.05,7.31,7.32,7.33,1.34,0.09,1.31,1.33,1.36,Coagulation,74.0,mg/L,1010.0,Bench-Scale,GAC,RSSCT,2.68,28.0,False,
1010-2-20Bit,16.6,1.63,15.7,16.5,17.3,6.81,0.04,6.81,6.82,6.84,0.09,0.02,0.1,0.1,0.1,56.0,1.77,55.38,56.0,56.63,,,,,,127.75,1.77,127.13,127.75,128.38,100.0,0.14,99.95,100.0,100.05,0.08,0.01,0.07,0.08,0.08,36.0,0.0,36.0,36.0,36.0,2.68,0.05,2.65,2.71,2.72,13.26,0.03,13.25,13.26,13.27,0.053,0.001,0.053,0.053,0.054,1.99,0.04,1.97,1.97,2.0,2.52,0.03,2.49,2.52,2.53,234.77,19.49,223.2,230.45,233.75,54.38,2.13,52.94,54.12,56.37,44.62,4.38,42.5,43.5,49.0,49.5,4.45,47.6,48.6,53.8,,,,,,37.29,1.89,36.63,37.66,38.13,2.62,0.33,2.39,2.53,2.7,14.47,0.85,14.07,14.16,14.43,0.0,0.0,0.0,0.0,0.0,1.98,1.15,2.0,2.5,2.5,16.2,0.84,16.0,16.0,17.0,26.0,2.35,24.0,25.0,28.0,0.0,0.0,0.0,0.0,0.0,0.44,0.6,0.0,0.0,1.1,4.88,0.25,4.8,4.9,5.1,,,,,,1.47,1.29,1.0,2.0,2.2,9.5,0.87,9.25,10.0,10.0,48.1,0.5,47.95,48.1,48.35,12.98,0.05,13.0,13.0,13.0,7.31,0.05,7.3,7.32,7.33,1.38,0.09,1.32,1.36,1.43,Coagulation,74.0,mg/L,1010.0,Bench-Scale,GAC,RSSCT,2.68,28.0,False,
1010-2-20Lig,16.6,1.63,15.7,16.5,17.3,6.81,0.04,6.81,6.82,6.84,0.09,0.02,0.1,0.1,0.1,56.0,1.77,55.38,56.0,56.63,,,,,,127.75,1.77,127.13,127.75,128.38,100.0,0.14,99.95,100.0,100.05,0.08,0.01,0.07,0.08,0.08,36.0,0.0,36.0,36.0,36.0,2.68,0.05,2.65,2.71,2.72,13.26,0.03,13.25,13.26,13.27,0.053,0.001,0.053,0.053,0.054,1.99,0.04,1.97,1.97,2.0,2.52,0.03,2.49,2.52,2.53,234.77,19.49,223.2,230.45,233.75,54.38,2.13,52.94,54.12,56.37,44.62,4.38,42.5,43.5,49.0,49.5,4.45,47.6,48.6,53.8,,,,,,37.29,1.89,36.63,37.66,38.13,2.62,0.33,2.39,2.53,2.7,14.47,0.85,14.07,14.16,14.43,0.0,0.0,0.0,0.0,0.0,1.98,1.15,2.0,2.5,2.5,16.2,0.84,16.0,16.0,17.0,26.0,2.35,24.0,25.0,28.0,0.0,0.0,0.0,0.0,0.0,0.44,0.6,0.0,0.0,1.1,4.88,0.25,4.8,4.9,5.1,,,,,,1.47,1.29,1.0,2.0,2.2,9.5,0.87,9.25,10.0,10.0,48.16,0.38,48.0,48.2,48.4,13.0,0.05,13.0,13.0,13.0,7.31,0.05,7.31,7.32,7.34,1.38,0.09,1.32,1.36,1.45,Coagulation,74.0,mg/L,1010.0,Bench-Scale,GAC,RSSCT,2.68,28.0,False,
1010-3-10,17.8,0.69,17.4,17.4,18.0,7.12,0.01,7.11,7.12,7.13,0.1,0.05,0.08,0.1,0.13,46.03,0.81,45.74,46.03,46.31,,,,,,105.25,1.06,104.88,105.25,105.63,78.0,1.84,77.35,78.0,78.65,0.03,0.0,0.03,0.03,0.03,10.0,0.0,10.0,10.0,10.0,2.64,0.11,2.56,2.6,2.68,3.68,0.16,3.62,3.68,3.73,0.054,0.001,0.054,0.054,0.055,2.05,0.08,2.02,2.07,2.1,2.06,0.08,2.02,2.03,2.09,238.7,2.46,237.7,239.45,240.08,50.48,1.43,50.05,51.26,51.3,47.87,1.47,47.3,48.4,48.7,52.23,1.76,51.4,52.4,53.15,63.2,0.0,63.2,63.2,63.2,38.44,1.54,37.96,39.27,39.32,1.6,0.07,1.58,1.63,1.64,10.44,0.17,10.39,10.53,10.54,0.0,0.0,0.0,0.0,0.0,1.53,1.33,1.1,2.2,2.3,18.67,1.53,18.0,19.0,19.5,27.67,1.15,27.0,27.0,28.0,0.0,0.0,0.0,0.0,0.0,0.0,0.0,0.0,0.0,0.0,4.37,0.47,4.1,4.2,4.55,0.0,0.0,0.0,0.0,0.0,0.0,0.0,0.0,0.0,0.0,9.2,0.66,8.9,9.3,9.55,48.0,0.2,47.93,48.1,48.1,12.92,0.06,12.9,12.9,12.9,7.38,0.04,7.37,7.39,7.42,1.54,0.13,1.42,1.53,1.63,Coagulation,39.0,mg/L,1010.0,Bench-Scale,GAC,RSSCT,2.68,28.0,False,2026-03-10
1010-3-20,17.8,0.69,17.4,17.4,18.0,7.12,0.01,7.11,7.12,7.13,0.1,0.05,0.08,0.1,0.13,46.03,0.81,45.74,46.03,46.31,,,,,,105.25,1.06,104.88,105.25,105.63,78.0,1.84,77.35,78.0,78.65,0.03,0.0,0.03,0.03,0.03,10.0,0.0,10.0,10.0,10.0,2.64,0.11,2.56,2.6,2.68,3.68,0.16,3.62,3.68,3.73,0.054,0.001,0.054,0.054,0.055,2.05,0.08,2.02,2.07,2.1,2.06,0.08,2.02,2.03,2.09,238.7,2.46,237.7,239.45,240.08,50.48,1.43,50.05,51.26,51.3,47.87,1.47,47.3,48.4,48.7,52.23,1.76,51.4,52.4,53.15,63.2,0.0,63.2,63.2,63.2,38.44,1.54,37.96,39.27,39.32,1.6,0.07,1.58,1.63,1.64,10.44,0.17,10.39,10.53,10.54,0.0,0.0,0.0,0.0,0.0,1.53,1.33,1.1,2.2,2.3,18.67,1.53,18.0,19.0,19.5,27.67,1.15,27.0,27.0,28.0,0.0,0.0,0.0,0.0,0.0,0.0,0.0,0.0,0.0,0.0,4.37,0.47,4.1,4.2,4.55,0.0,0.0,0.0,0.0,0.0,0.0,0.0,0.0,0.0,0.0,9.2,0.66,8.9,9.3,9.55,48.09,0.14,48.0,48.1,48.2,13.01,0.08,12.95,13.0,13.1,7.37,0.04,7.35,7.37,7.4,1.41,0.12,1.37,1.41,1.44,Coagulation,39.0,mg/L,1010.0,Bench-Scale,GAC,RSSCT,2.68,28.0,False,2026-03-20
1013-1-ESNA1,25.92,0.21,25.95,26.0,26.0,6.25,0.33,6.11,6.24,6.5,0.42,0.44,0.14,0.18,0.59,100.8,25.9,81.0,106.0,119.5,396.46,27.74,371.5,410.5,415.0,254.46,10.08,249.5,253.0,258.13,233.58,8.31,230.0,232.0,237.75,0.55,0.09,0.5,0.51,0.5700000000000001,181.88,6.67,176.75,181.25,185.0,12.75,0.94,12.11,12.65,13.5,14.33,1.16,13.83,14.45,14.93,0.433,0.024,0.416,0.432,0.447,3.42,0.35,3.16,3.43,3.61,20.64,0.8,20.18,20.45,20.6,1518.71,132.14,1443.75,1527.5,1574.38,520.5600000000001,34.61,499.58,524.58,550.15,309.61,79.51492452503611,253.925,281.0,385.7,329.385,79.46029773834645,272.0125,300.2,408.65,,,,,,444.21,30.79,426.75,448.0,465.75,66.66,9.46,59.95,69.3,70.60000000000001,9.46,1.61,8.6,9.15,9.63,0.23,0.53,0.0,0.0,0.0,4.8100000000000005,6.43,0.0,0.55,12.85,146.77,33.77,128.75,140.0,162.0,150.68,46.69,119.5,133.0,184.25,2.08,5.09,0.0,0.0,0.33,0.68,1.12,0.0,0.0,1.43,21.3,5.0,18.5,20.4,24.45,,,,,,,,,,,,,,,,39.97,3.34,40.75,41.0,41.0,21.95,0.68,21.52,22.0,22.27,8.33,0.06,8.3,8.33,8.4,0.63,0.24,0.4,0.6,0.8,Filtration,4.0,mg/L,1013.0,Pilot-Scale,Membrane,2-Stage Pilot,13.33,180.5,False,
1013-1-NF200B,25.38,0.38,25.3,25.5,25.5,6.45,0.18,6.3500000000000005,6.44,6.58,0.59,0.5700000000000001,0.23,0.28,0.65,127.65,19.15,116.0,120.0,135.0,367.62,4.72,364.0,367.0,371.0,261.23,12.86,256.0,262.5,265.0,235.08,9.16,230.0,238.0,240.0,0.6,0.12,0.58,0.65,0.68,176.23,10.69,170.0,172.0,181.5,14.05,1.17,13.2,13.7,15.1,12.64,1.47,11.52,12.29,13.48,0.437,0.017,0.426,0.439,0.448,3.11,0.24,2.89,3.15,3.33,19.98,0.95,19.4,19.6,20.8,1507.69,73.95,1445.0,1490.0,1555.0,488.99,38.48,468.55,484.6,510.3,258.5,21.92,245.13,252.76,259.7,273.39,22.46,261.31,268.16,276.90000000000003,,,,,,410.81,32.88,392.0,406.0,428.0,69.73,7.75,66.2,69.2,71.4,8.46,0.9,7.7,8.3,9.0,0.0,0.0,0.0,0.0,0.0,10.01,3.65,7.390000000000001,8.28,12.1,108.74,7.05,104.5,110.0,115.0,137.04,17.39,126.0,135.5,139.0,0.24,0.6,0.0,0.0,0.0,2.47,3.65,1.3,1.48,1.69,14.89,2.22,13.0,15.4,17.2,,,,,,,,,,,,,,,,40.83,0.38,41.0,41.0,41.0,22.3,1.01,21.5,22.0,22.6,8.33,0.11,8.26,8.3,8.370000000000001,0.71,0.23,0.5,0.8,0.8200000000000001,Filtration,4.0,mg/L,1013.0,Pilot-Scale,Membrane,2-Stage Pilot,13.33,180.5,False,
1014-1-BW30,21.73,0.46,21.53,21.65,22.0,6.7,0.33,6.55,6.71,6.99,0.16,0.1,0.1,0.1,0.21,251.33,50.18,262.5,271.0,272.75,365.0,38.59,330.0,363.0,396.0,306.0,10.58,299.5,308.0,315.0,276.33,4.93,274.25,275.0,275.75,0.29,0.03,0.27,0.3,0.3,91.17,3.76,90.75,93.0,93.0,9.52,0.74,9.11,9.65,9.88,9.62,0.8300000000000001,9.07,9.64,10.22,0.289,0.019,0.272,0.289,0.306,3.04,0.12,2.95,3.0500000000000003,3.12,10.16,0.5,9.86,10.23,10.55,1333.33,121.11,1325.0,1400.0,1400.0,200.19,47.52,178.70000000000002,185.35,186.75,136.4,17.02,126.98,133.75,139.4,138.04,16.44,129.2,137.25,140.5,,,,,,172.5,43.33,152.5,160.0,160.0,24.92,4.05,22.88,24.0,24.0,2.78,0.5700000000000001,2.69,2.98,3.08,0.0,0.0,0.0,0.0,0.0,4.43,0.61,4.3,4.6000000000000005,4.79,59.42,4.82,59.0,60.0,62.5,71.92,13.76,63.13,70.0,72.0,0.64,0.72,0.0,0.53,1.24,0.0,0.0,0.0,0.0,0.0,1.64,1.73,0.19,1.43,2.48,,,,,,,,,,,,,,,,27.0,0.0,27.0,27.0,27.0,22.0,0.0,22.0,22.0,22.0,7.99,0.1,7.9,8.0,8.02,0.72,0.19,0.5700000000000001,0.75,0.8200000000000001,Scale Control,311.0,mg/L,1014.0,Pilot-Scale,Membrane,2-Stage Pilot,9.16,94.52999877929688,False,
1014-2-BW30,22.56,0.41,22.53,22.7,22.8,6.18,0.46,5.8,6.12,6.49,7.27,26.69,0.1,0.1,0.19,153.54,92.93,82.25,124.5,247.5,396.0,0.0,396.0,396.0,396.0,307.79,15.26,298.0,309.5,315.0,271.14,7.32,266.0,270.0,277.0,0.22,0.08,0.18,0.22,0.29,95.96,5.3100000000000005,89.5,100.0,100.0,9.0,0.86,8.52,9.05,9.27,10.74,1.04,10.01,10.79,11.57,0.277,0.015,0.267,0.274,0.28,3.1,0.29,2.94,3.19,3.27,11.02,0.75,10.85,11.13,11.4,1042.86,302.03000000000003,895.0,1100.0,1175.0,201.2,27.72,185.55,197.2,208.59,142.07,9.54,134.0,142.8,148.70000000000002,145.41,10.32,136.1,146.4,152.1,,,,,,172.14,26.58,160.0,170.0,178.75,26.5,2.11,25.0,27.0,28.0,2.5500000000000003,0.34,2.23,2.53,2.8000000000000003,0.0,0.0,0.0,0.0,0.0,5.2,1.88,4.8500000000000005,5.4,5.88,58.24,7.55,56.0,60.0,63.0,77.31,8.96,71.0,75.0,84.0,0.94,0.58,0.7000000000000001,1.1,1.2,0.11,0.43,0.0,0.0,0.0,3.46,1.96,1.69,3.75,5.0,,,,,,,,,,,,,,,,26.96,0.18,27.0,27.0,27.0,26.0,0.0,26.0,26.0,26.0,8.040000000000001,0.13,8.0,8.0,8.1,0.98,0.54,0.67,0.9,1.02,Scale Control,311.0,mg/L,1014.0,Pilot-Scale,Membrane,2-Stage Pilot,9.16,94.52999877929688,False,
1015-1-10,23.0,0.0,23.0,23.0,23.0,8.2,0.0,8.2,8.2,8.2,0.1,0.0,0.1,0.1,0.1,160.0,0.0,160.0,160.0,160.0,,,,,,,,,,,156.0,1.0,155.5,156.0,156.5,0.05,0.0,0.05,0.05,0.05,305.0,5.0,302.5,305.0,307.5,5.83,0.03,5.83,5.85,5.85,52.28,0.65,51.93,52.14,52.56,0.137,0.002,0.136,0.137,0.138,2.34,0.02,2.33,2.34,2.35,6.12,0.03,6.11,6.12,6.14,388.33,20.21,382.5,400.0,400.0,275.67,6.43,272.0,273.0,278.0,76.8,2.46,75.5,76.5,77.95,105.8,2.46,104.5,105.5,106.95,,,,,,87.0,2.65,85.5,86.0,88.0,90.33,2.52,89.0,90.0,91.5,78.67,2.08,77.5,78.0,79.5,19.67,0.58,19.5,20.0,20.0,5.73,0.4,5.5,5.5,5.85,31.33,0.58,31.0,31.0,31.5,21.67,0.58,21.5,22.0,22.0,2.07,1.79,1.5,3.0,3.1,16.0,0.0,16.0,16.0,16.0,29.0,0.0,29.0,29.0,29.0,,,,,,16.67,0.58,16.5,17.0,17.0,29.33,1.15,29.0,30.0,30.0,24.0,0.0,24.0,24.0,24.0,31.0,0.0,31.0,31.0,31.0,8.0,0.0,8.0,8.0,8.0,1.01,0.23,0.85,0.99,1.12,Coagulant aid addition,0.8,mg/L,1015.0,Bench-Scale,GAC,RSSCT,4.42,420.0,False,2026-01-10
1015-1-20,23.0,0.0,23.0,23.0,23.0,8.2,0.0,8.2,8.2,8.2,0.1,0.0,0.1,0.1,0.1,160.0,0.0,160.0,160.0,160.0,,,,,,,,,,,156.0,1.0,155.5,156.0,156.5,0.05,0.0,0.05,0.05,0.05,305.0,5.0,302.5,305.0,307.5,5.83,0.03,5.83,5.85,5.85,52.28,0.65,51.93,52.14,52.56,0.137,0.002,0.136,0.137,0.138,2.34,0.02,2.33,2.34,2.35,6.12,0.03,6.11,6.12,6.14,388.33,20.21,382.5,400.0,400.0,275.67,6.43,272.0,273.0,278.0,77.8,1.47,77.0,77.5,78.45,106.8,1.47,106.0,106.5,107.45,,,,,,87.0,2.65,85.5,86.0,88.0,90.33,2.52,89.0,90.0,91.5,78.67,2.08,77.5,78.0,79.5,19.67,0.58,19.5,20.0,20.0,5.73,0.4,5.5,5.5,5.85,31.33,0.58,31.0,31.0,31.5,21.67,0.58,21.5,22.0,22.0,3.07,0.12,3.0,3.0,3.1,16.0,0.0,16.0,16.0,16.0,29.0,0.0,29.0,29.0,29.0,,,,,,16.67,0.58,16.5,17.0,17.0,29.33,1.15,29.0,30.0,30.0,24.0,0.0,24.0,24.0,24.0,31.0,0.0,31.0,31.0,31.0,8.0,0.0,8.0,8.0,8.0,1.03,0.16,0.93,1.05,1.1,Coagulant aid addition,0.8,mg/L,1015.0,Bench-Scale,GAC,RSSCT,4.42,420.0,False,2026-01-20
1015-2-10,23.0,0.0,23.0,23.0,23.0,8.54,0.04,8.53,8.56,8.57,0.7,0.0,0.7,0.7,0.7,172.5,7.5,168.75,172.5,176.25,,,,,,,,,,,192.0,0.0,192.0,192.0,192.0,0.05,0.0,0.05,0.05,0.05,570.0,30.0,555.0,570.0,585.0,3.93,0.13,3.88,3.9,3.95,147.44,8.01,144.23,150.0,151.92,0.095,0.005,0.093,0.093,0.097,2.47,0.17,2.37,2.38,2.52,3.71,0.06,3.7,3.75,3.75,360.0,60.83,340.0,390.0,395.0,249.0,3.46,248.0,251.0,251.0,41.13,3.95,39.8,43.0,43.4,55.8,4.52,54.3,58.0,58.4,97.77,7.72,93.65,96.6,101.3,11.0,1.0,10.5,11.0,11.5,38.33,2.08,37.5,39.0,39.5,99.67,0.58,99.5,100.0,100.0,100.0,0.0,100.0,100.0,100.0,1.97,1.82,1.15,2.3,2.95,6.0,0.69,5.6,5.6,6.2,2.07,0.31,1.9,2.0,2.2,3.77,0.6,3.45,3.7,4.05,27.33,1.53,26.5,27.0,28.0,14.67,0.58,14.5,15.0,15.0,17.67,2.08,16.5,17.0,18.5,15.67,2.08,14.5,15.0,16.5,8.63,1.19,7.95,8.1,9.05,24.0,0.0,24.0,24.0,24.0,23.0,0.0,23.0,23.0,23.0,8.51,0.09,8.5,8.5,8.5,1.16,0.16,1.04,1.14,1.29,Coagulant aid addition,0.97,mg/L,1015.0,Bench-Scale,GAC,RSSCT,4.42,420.0,False,2026-02-10
1015-2-20,23.0,0.0,23.0,23.0,23.0,8.54,0.04,8.53,8.56,8.57,0.7,0.0,0.7,0.7,0.7,172.5,7.5,168.75,172.5,176.25,,,,,,,,,,,192.0,0.0,192.0,192.0,192.0,0.05,0.0,0.05,0.05,0.05,570.0,30.0,555.0,570.0,585.0,3.93,0.13,3.88,3.9,3.95,147.44,8.01,144.23,150.0,151.92,0.095,0.005,0.093,0.093,0.097,2.47,0.17,2.37,2.38,2.52,3.71,0.06,3.7,3.75,3.75,360.0,60.83,340.0,390.0,395.0,249.0,3.46,248.0,251.0,251.0,41.13,3.95,39.8,43.0,43.4,55.8,4.52,54.3,58.0,58.4,97.77,7.72,93.65,96.6,101.3,11.0,1.0,10.5,11.0,11.5,38.33,2.08,37.5,39.0,39.5,99.67,0.58,99.5,100.0,100.0,100.0,0.0,100.0,100.0,100.0,1.97,1.82,1.15,2.3,2.95,6.0,0.69,5.6,5.6,6.2,2.07,0.31,1.9,2.0,2.2,3.77,0.6,3.45,3.7,4.05,27.33,1.53,26.5,27.0,28.0,14.67,0.58,14.5,15.0,15.0,17.67,2.08,16.5,17.0,18.5,15.67,2.08,14.5,15.0,16.5,8.63,1.19,7.95,8.1,9.05,24.0,0.0,24.0,24.0,24.0,23.0,0.0,23.0,23.0,23.0,8.49,0.1,8.4,8.5,8.58,1.19,0.13,1.09,1.16,1.31,Coagulant aid addition,0.97,mg/L,1015.0,Bench-Scale,GAC,RSSCT,4.42,420.0,False,2026-02-20
1015-3-10,23.0,0.0,23.0,23.0,23.0,7.97,0.06,7.95,8.0,8.0,0.19,0.05,0.17,0.18,0.22,162.5,7.5,158.75,162.5,166.25,,,,,,213.0,3.0,211.5,213.0,214.5,199.5,2.5,198.25,199.5,200.75,,,,,,475.0,5.0,472.5,475.0,477.5,3.6,0.05,3.58,3.6,3.63,131.97,2.78,131.05,133.33,133.57,0.075,0.006,0.072,0.072,0.077,2.09,0.16,2.0,2.03,2.15,3.13,0.04,3.11,3.11,3.14,223.33,28.87,215.0,240.0,240.0,193.8,1.73,192.8,192.8,194.3,33.47,0.25,33.35,33.5,33.6,47.47,0.25,47.35,47.5,47.6,89.6,2.33,88.65,90.3,90.9,7.47,0.58,7.3,7.8,7.8,31.33,1.15,31.0,32.0,32.0,79.33,1.15,79.0,80.0,80.0,75.67,2.52,74.5,76.0,77.0,0.0,0.0,0.0,0.0,0.0,4.83,0.15,4.75,4.8,4.9,2.17,0.15,2.1,2.2,2.25,3.47,0.06,3.45,3.5,3.5,23.0,0.0,23.0,23.0,23.0,14.0,0.0,14.0,14.0,14.0,16.67,0.58,16.5,17.0,17.0,16.0,1.0,15.5,16.0,16.5,9.47,0.61,9.2,9.6,9.8,24.0,0.0,24.0,24.0,24.0,23.0,0.0,23.0,23.0,23.0,8.2,0.0,8.2,8.2,8.2,1.01,0.17,0.87,0.95,1.12,Coagulant aid addition,0.3,mg/L,1015.0,Bench-Scale,GAC,RSSCT,4.42,420.0,False,2026-03-10
1015-3-20,23.0,0.0,23.0,23.0,23.0,7.97,0.06,7.95,8.0,8.0,0.19,0.05,0.17,0.18,0.22,162.5,7.5,158.75,162.5,166.25,,,,,,213.0,3.0,211.5,213.0,214.5,199.5,2.5,198.25,199.5,200.75,,,,,,475.0,5.0,472.5,475.0,477.5,3.6,0.05,3.58,3.6,3.63,131.97,2.78,131.05,133.33,133.57,0.075,0.006,0.072,0.072,0.077,2.09,0.16,2.0,2.03,2.15,3.13,0.04,3.11,3.11,3.14,223.33,28.87,215.0,240.0,240.0,193.8,1.73,192.8,192.8,194.3,33.47,0.25,33.35,33.5,33.6,47.47,0.25,47.35,47.5,47.6,89.6,2.33,88.65,90.3,90.9,7.47,0.58,7.3,7.8,7.8,31.33,1.15,31.0,32.0,32.0,79.33,1.15,79.0,80.0,80.0,75.67,2.52,74.5,76.0,77.0,0.0,0.0,0.0,0.0,0.0,4.83,0.15,4.75,4.8,4.9,2.17,0.15,2.1,2.2,2.25,3.47,0.06,3.45,3.5,3.5,23.0,0.0,23.0,23.0,23.0,14.0,0.0,14.0,14.0,14.0,16.67,0.58,16.5,17.0,17.0,16.0,1.0,15.5,16.0,16.5,9.47,0.61,9.2,9.6,9.8,24.0,0.0,24.0,24.0,24.0,23.0,0.0,23.0,23.0,23.0,8.22,0.04,8.2,8.2,8.2,0.78,0.19,0.63,0.78,0.96,Coagulant aid addition,0.3,mg/L,1015.0,Bench-Scale,GAC,RSSCT,4.42,420.0,False,2026-03-20
1015-4-10,23.0,0.0,23.0,23.0,23.0,8.03,0.06,8.0,8.0,8.05,0.2,0.05,0.18,0.2,0.23,139.5,3.5,137.75,139.5,141.25,,,,,,215.0,0.0,215.0,215.0,215.0,170.0,0.0,170.0,170.0,170.0,0.05,0.0,0.05,0.05,0.05,330.0,0.0,330.0,330.0,330.0,4.33,0.03,4.33,4.35,4.35,76.16,0.51,75.86,75.86,76.3,0.09,0.001,0.089,0.089,0.09,2.07,0.02,2.06,2.07,2.08,4.25,0.01,4.25,4.25,4.26,338.33,20.82,330.0,345.0,350.0,219.0,3.0,217.5,219.0,220.5,43.9,0.66,43.6,44.0,44.25,63.23,1.17,62.6,63.0,63.75,103.9,1.76,102.9,103.2,104.55,31.67,0.58,31.5,32.0,32.0,68.33,1.53,67.5,68.0,69.0,88.0,1.0,87.5,88.0,88.5,31.0,0.0,31.0,31.0,31.0,3.07,0.49,2.9,3.3,3.35,12.33,0.58,12.0,12.0,12.5,7.3,0.1,7.25,7.3,7.35,3.53,0.12,3.5,3.6,3.6,17.67,0.58,17.5,18.0,18.0,19.33,0.58,19.0,19.0,19.5,6.33,0.12,6.3,6.4,6.4,15.67,0.58,15.5,16.0,16.0,18.67,0.58,18.5,19.0,19.0,23.75,0.25,23.53,23.72,24.0,32.28,0.57,32.0,32.0,33.0,7.77,0.04,7.75,7.8,7.8,0.86,0.18,0.73,0.86,0.98,Pre-oxidation,0.32,mg/L,1015.0,Bench-Scale,GAC,RSSCT,4.42,420.0,False,2026-04-10
1015-4-20,23.0,0.0,23.0,23.0,23.0,8.03,0.06,8.0,8.0,8.05,0.2,0.05,0.18,0.2,0.23,139.5,3.5,137.75,139.5,141.25,,,,,,215.0,0.0,215.0,215.0,215.0,170.0,0.0,170.0,170.0,170.0,0.05,0.0,0.05,0.05,0.05,330.0,0.0,330.0,330.0,330.0,4.33,0.03,4.33,4.35,4.35,76.16,0.51,75.86,75.86,76.3,0.09,0.001,0.089,0.089,0.09,2.07,0.02,2.06,2.07,2.08,4.25,0.01,4.25,4.25,4.26,338.33,20.82,330.0,345.0,350.0,219.0,3.0,217.5,219.0,220.5,43.9,0.66,43.6,44.0,44.25,63.23,1.17,62.6,63.0,63.75,103.9,1.76,102.9,103.2,104.55,31.67,0.58,31.5,32.0,32.0,68.33,1.53,67.5,68.0,69.0,88.0,1.0,87.5,88.0,88.5,31.0,0.0,31.0,31.0,31.0,3.07,0.49,2.9,3.3,3.35,12.33,0.58,12.0,12.0,12.5,7.3,0.1,7.25,7.3,7.35,3.53,0.12,3.5,3.6,3.6,17.67,0.58,17.5,18.0,18.0,19.33,0.58,19.0,19.0,19.5,6.33,0.12,6.3,6.4,6.4,15.67,0.58,15.5,16.0,16.0,18.67,0.58,18.5,19.0,19.0,23.78,0.15,23.68,23.83,23.83,32.22,0.65,32.0,32.0,33.0,7.79,0.05,7.8,7.8,7.8,0.98,0.18,0.89,0.96,1.05,Pre-oxidation,0.32,mg/L,1015.0,Bench-Scale,GAC,RSSCT,4.42,420.0,False,2026-04-20
1016-1-10,24.12,1.86,23.7,24.7,25.0,10.22,0.47,10.08,10.29,10.43,1.02,2.13,0.22,0.33,0.45,59.12,15.43,50.0,55.0,60.0,,,,,,66.12,16.05,59.0,60.0,66.0,47.12,14.48,40.0,42.0,47.0,0.3,0.04,0.3,0.3,0.3,164.12,7.95,160.0,170.0,170.0,14.82,0.91,14.4,15.0,15.3,11.1,0.7,10.49,11.11,11.56,0.398,0.03,0.377,0.409,0.418,2.69,0.1,2.6,2.69,2.79,12.0,2.37,12.13,12.96,13.09,899.12,88.55,865.0,900.0,945.0,353.74,51.87,321.0,352.5,357.1,134.28,18.1,130.83,140.0,143.98,150.41,19.64,145.58,157.0,160.93,165.16,20.8,158.68,173.1,176.2,275.59,46.61,250.0,277.0,287.0,59.0,6.57,55.0,59.0,61.5,12.42,1.44,11.0,12.8,13.7,0.0,0.0,0.0,0.0,0.0,9.21,1.6,8.1,9.1,9.8,76.58,10.67,74.0,79.5,83.25,45.06,7.0,42.0,47.0,49.0,0.68,0.67,0.0,1.0,1.4,2.59,0.31,2.4,2.5,2.8,16.06,1.82,15.0,17.0,17.0,0.0,0.0,0.0,0.0,0.0,3.38,0.5,3.0,3.4,3.7,11.32,1.22,10.0,11.0,12.0,9.0,0.0,9.0,9.0,9.0,29.0,0.0,29.0,29.0,29.0,8.89,0.05,8.9,8.9,8.9,0.83,0.18,0.72,0.86,0.96,Lime softening,1.0,mg/L,1016.0,Pilot-Scale,GAC,Pilot Columns,13.29,152.6300048828125,True,2026-01-10
1016-1-20,24.12,1.86,23.7,24.7,25.0,10.22,0.47,10.08,10.29,10.43,1.02,2.13,0.22,0.33,0.45,59.12,15.43,50.0,55.0,60.0,,,,,,66.12,16.05,59.0,60.0,66.0,47.12,14.48,40.0,42.0,47.0,0.3,0.04,0.3,0.3,0.3,164.12,7.95,160.0,170.0,170.0,14.82,0.91,14.4,15.0,15.3,11.1,0.7,10.49,11.11,11.56,0.398,0.03,0.377,0.409,0.418,2.69,0.1,2.6,2.69,2.79,12.0,2.37,12.13,12.96,13.09,899.12,88.55,865.0,900.0,945.0,353.74,51.87,321.0,352.5,357.1,134.28,18.1,130.83,140.0,143.98,150.41,19.64,145.58,157.0,160.93,165.16,20.8,158.68,173.1,176.2,275.59,46.61,250.0,277.0,287.0,59.0,6.57,55.0,59.0,61.5,12.42,1.44,11.0,12.8,13.7,0.0,0.0,0.0,0.0,0.0,9.21,1.6,8.1,9.1,9.8,76.58,10.67,74.0,79.5,83.25,45.06,7.0,42.0,47.0,49.0,0.68,0.67,0.0,1.0,1.4,2.59,0.31,2.4,2.5,2.8,16.06,1.82,15.0,17.0,17.0,0.0,0.0,0.0,0.0,0.0,3.38,0.5,3.0,3.4,3.7,11.32,1.22,10.0,11.0,12.0,9.0,0.0,9.0,9.0,9.0,29.0,0.0,29.0,29.0,29.0,8.89,0.05,8.9,8.9,8.9,0.83,0.18,0.7,0.85,0.97,Lime softening,1.0,mg/L,1016.0,Pilot-Scale,GAC,Pilot Columns,13.29,152.6300048828125,True,2026-01-20
1016-2-10,22.29,1.78,20.65,22.5,23.63,8.16,0.37,8.02,8.07,8.13,4.37,3.37,1.89,3.02,6.37,47.5,12.04,40.0,45.0,50.0,,,,,,110.39,16.68,96.25,103.0,127.75,90.56,15.52,80.0,83.5,105.75,0.3,0.14,0.2,0.3,0.3,142.78,5.75,140.0,140.0,150.0,11.74,1.85,11.5,12.1,12.98,12.57,2.87,11.0,11.98,12.37,0.207,0.045,0.188,0.208,0.239,1.75,0.16,1.65,1.72,1.91,12.16,0.47,11.96,12.14,12.43,980.83,207.78,930.0,987.5,1145.0,424.2,64.34,427.0,431.0,460.0,135.12,23.11,131.7,140.4,144.78,155.4,24.23,151.7,160.4,165.7,170.68,25.61,166.33,176.45,182.3,326.47,62.74,330.0,340.0,360.0,75.67,4.63,75.25,76.0,78.0,21.17,2.23,20.0,21.0,21.75,0.75,0.71,0.0,1.0,1.08,13.13,2.24,11.25,13.5,15.0,79.78,14.35,75.5,80.5,87.25,36.0,7.75,34.0,38.0,40.75,1.47,0.46,1.23,1.7,1.7,4.74,0.51,4.5,4.6,4.7,20.28,1.36,20.0,20.0,21.0,0.0,0.0,0.0,0.0,0.0,4.12,0.3,3.93,4.15,4.3,11.16,1.43,10.25,11.0,12.0,9.0,0.0,9.0,9.0,9.0,29.0,0.0,29.0,29.0,29.0,8.88,0.09,8.8,8.9,8.9,0.82,0.18,0.67,0.85,1.0,Lime softening,1.0,mg/L,1016.0,Pilot-Scale,GAC,Pilot Columns,13.29,152.6300048828125,True,2026-02-10
1001-1-TFC-S,24.14,1.02,24.0,24.2,24.5,6.88,0.55,7.1000000000000005,7.1000000000000005,7.2,0.08,0.02,0.07,0.08,0.09,66.14,9.7,61.05,63.3,69.25,301.06,8.97,298.0,299.7,301.90000000000003,270.48,8.17,264.0,270.0,274.0,248.64,6.1000000000000005,243.0,250.0,254.0,1.3,0.0,1.3,1.3,1.3,213.33,18.8,200.0,220.0,220.0,12.57,0.5,12.1,12.6,12.9,16.990000000000002,1.12,16.47,17.13,17.46,0.481,0.012,0.473,0.48,0.488,3.83,0.15,3.71,3.85,3.94,9.39,1.5,9.34,9.74,10.17,1647.83,142.06,1600.0,1650.0,1730.0,333.76,69.85000000000001,272.65,330.05,361.48,367.93,48.97,352.40000000000003,365.4,386.95,385.75,50.25,371.9,382.8,406.45,446.02,33.51,423.0,443.0,463.23,280.5,65.17,217.5,280.0,307.5,46.12,11.99,43.0,46.0,49.0,5.13,1.18,4.7,5.2,5.9,0.0,0.0,0.0,0.0,0.0,7.67,1.81,6.8,7.8,9.15,98.91,12.99,95.0,100.0,110.0,257.39,37.08,240.0,260.0,270.0,1.83,0.48,1.7,1.9,2.05,2.12,0.53,1.8,2.2,2.4,17.830000000000002,1.97,17.0,18.0,19.0,11.91,49.45,0.0,0.0,0.0,4.38,1.3,3.8,4.5,5.3,47.04,13.59,44.0,48.0,52.5,72.0,0.0,72.0,72.0,72.0,23.49,2.02,22.75,23.8,24.8,7.46,1.56,6.01,6.24,9.08,0.74,0.42,0.5,0.7000000000000001,0.9,pH adjustment,209.0,mg/L,1001.0,Full-Scale,Membrane,2-Stage Array,12.57,213.3300018310547,False,
1002-1-CALP,29.8,1.92,29.0,29.0,30.0,6.65,0.2,6.62,6.63,6.7,4.9,10.68,0.11,0.14,0.14,55.6,17.3,60.0,62.0,64.0,264.75,87.3,241.5,299.0,322.25,180.8,54.620000000000005,184.0,202.0,214.0,,,,,,0.05,0.0,0.05,0.05,0.05,23.5,4.73,20.0,22.0,25.5,2.81,0.96,2.3000000000000003,3.1,3.5,10.22,4.73,8.040000000000001,8.63,10.81,0.04,0.018,0.036,0.044,0.052,1.33,0.34,1.43,1.46,1.49,2.1,,2.1,2.1,2.1,,,,,,74.0,,74.0,74.0,74.0,73.0,,73.0,73.0,73.0,85.0,,85.0,85.0,85.0,,,,,,60.0,,60.0,60.0,60.0,10.0,,10.0,10.0,10.0,4.0,,4.0,4.0,4.0,0.0,,0.0,0.0,0.0,7.0,,7.0,7.0,7.0,32.0,,32.0,32.0,32.0,29.0,,29.0,29.0,29.0,2.0,,2.0,2.0,2.0,3.0,,3.0,3.0,3.0,12.0,,12.0,12.0,12.0,,,,,,,,,,,,,,,,48.0,0.0,48.0,48.0,48.0,22.2,0.0,22.2,22.2,22.2,7.6,0.0,7.6,7.6,7.6,1.7,0.28,1.6,1.7,1.8,Coagulation,110.0,mg/L,1002.0,Pilot-Scale,Membrane,2-Stage Pilot,8.39,22.89999961853028,False,
1002-1-ESNA1,29.67,1.63,29.0,29.0,29.0,6.46,0.23,6.33,6.57,6.62,0.11,0.02,0.09,0.11,0.13,55.0,15.44,53.25,60.5,61.75,232.9,88.11,214.5,258.0,287.0,175.0,45.83,164.5,194.0,204.0,,,,,,0.05,0.0,0.05,0.05,0.05,19.33,18.62,5.0,12.5,27.5,2.86,1.06,2.23,2.95,3.68,6.890000000000001,5.44,1.97,6.41,11.84,0.038,0.016,0.034,0.04,0.05,1.3,0.29,1.23,1.37,1.45,2.5,,2.5,2.5,2.5,,,,,,83.0,,83.0,83.0,83.0,46.0,,46.0,46.0,46.0,50.0,,50.0,50.0,50.0,,,,,,68.0,,68.0,68.0,68.0,13.0,,13.0,13.0,13.0,2.0,,2.0,2.0,2.0,0.0,,0.0,0.0,0.0,3.0,,3.0,3.0,3.0,21.0,,21.0,21.0,21.0,21.0,,21.0,21.0,21.0,1.0,,1.0,1.0,1.0,0.0,,0.0,0.0,0.0,4.0,,4.0,4.0,4.0,,,,,,,,,,,,,,,,48.0,0.0,48.0,48.0,48.0,22.0,0.0,22.0,22.0,22.0,7.6,0.0,7.6,7.6,7.6,1.35,0.21,1.28,1.35,1.43,Coagulation,110.0,mg/L,1002.0,Pilot-Scale,Membrane,2-Stage Pilot,8.39,22.89999961853028,False,
1002-1-LFC1,21.2,2.39,20.0,20.0,22.0,6.88,0.85,6.15,7.0600000000000005,7.53,0.14,0.02,0.13,0.15,0.15,60.9,44.1,19.0,64.5,94.0,155.9,54.28,143.0,155.0,159.5,92.6,35.79,68.0,93.0,118.0,70.4,37.17,48.0,70.0,93.0,0.24,0.42,0.05,0.05,0.05,29.7,35.84,5.0,5.0,50.0,14.73,2.9,14.3,15.8,16.6,1.9,2.15,0.32,0.51,3.5,0.671,0.176,0.598,0.77,0.793,4.5,0.4,4.18,4.65,4.82,26.5,7.19,23.0,28.0,31.5,,,,,,1058.0,90.95,1042.25,1086.0,1101.75,1622.5,613.1800000000001,1393.25,1860.5,1970.75,1634.33,612.9,1405.5,1873.0,1982.5,,,,,,1019.0,100.61,1000.0,1057.0,1076.0,37.38,13.85,30.88,38.25,44.75,1.0,0.8200000000000001,0.75,1.0,1.25,0.0,0.0,0.0,0.0,0.0,46.63,17.25,45.0,53.5,55.13,525.67,129.26,477.0,575.0,599.0,1049.67,464.35,872.5,1221.0,1312.5,2.25,2.63,0.75,1.5,3.0,0.0,0.0,0.0,0.0,0.0,11.38,1.11,10.75,11.5,12.13,,,,,,,,,,,,,,,,48.0,0.0,48.0,48.0,48.0,22.0,0.0,22.0,22.0,22.0,7.6,0.0,7.6,7.6,7.6,2.22,0.67,2.0,2.0,3.0,Microfiltration,2.5,mg/L,1002.0,Pilot-Scale,Membrane,2-Stage Pilot,8.39,22.89999961853028,False,
1002-2-CALP,20.67,3.46,19.0,20.0,22.0,5.04,2.21,5.6000000000000005,5.82,5.92,0.14,0.02,0.13,0.14,0.14,28.06,13.88,15.0,24.0,41.0,215.56,104.68,161.0,178.0,279.0,92.22,40.86,58.0,88.0,118.0,73.19,35.54,45.0,63.5,88.0,0.92,0.54,0.96,1.0,1.21,35.0,35.660000000000004,5.0,27.5,52.5,13.49,3.17,13.5,14.0,15.1,2.59,2.41,0.36,2.23,4.38,0.587,0.17,0.536,0.632,0.665,4.28,0.41,4.08,4.51,4.5200000000000005,25.88,8.76,21.0,26.5,29.0,,,,,,874.25,265.08,852.0,925.0,993.0,1169.9,558.19,740.0,1400.5,1554.0,1182.6,556.58,754.0,1416.0,1565.0,,,,,,802.1700000000001,273.1,739.0,857.0,933.0,31.31,12.86,23.0,25.5,42.88,0.78,0.97,0.0,1.0,1.0,0.0,0.0,0.0,0.0,0.0,50.43,27.24,38.0,48.0,65.0,521.79,229.63,377.75,482.0,691.0,703.4,372.01,408.0,861.0,1004.0,3.5700000000000003,2.07,2.0,4.0,4.5,0.14,0.38,0.0,0.0,0.0,12.5,2.18,11.5,12.0,14.0,,,,,,,,,,,,,,,,48.0,0.0,48.0,48.0,48.0,22.18,0.06,22.2,22.2,22.2,7.6,0.0,7.6,7.6,7.6,2.06,0.86,2.0,2.0,2.0,Ultrafiltration,,,1002.0,Pilot-Scale,Membrane,2-Stage Pilot,8.39,22.89999961853028,False,
1002-2-ESNA1,17.67,1.15,17.0,17.0,18.0,7.0600000000000005,0.09,7.01,7.0200000000000005,7.09,0.16,0.03,0.15,0.16,0.18,57.33,22.01,46.5,58.0,68.5,128.0,34.39,108.5,115.0,141.0,77.33,24.11,66.0,80.0,90.0,66.67,21.55,55.5,65.0,77.0,0.21,0.32,0.03,0.05,0.31,25.83,18.43,18.75,32.5,36.25,19.4,2.81,18.37,20.53,21.0,1.25,0.8300000000000001,0.95,1.58,1.72,0.763,0.106,0.716,0.783,0.821,3.94,0.11,3.91,4.0,4.0,30.87,2.5500000000000003,29.85,31.7,32.3,,,,,,1083.17,151.75,997.75,1031.5,1142.75,1691.0,,1691.0,1691.0,1691.0,1691.0,,1691.0,1691.0,1691.0,,,,,,1045.0,135.53,968.5,997.0,1097.5,38.17,16.31,29.25,34.5,45.25,0.0,0.0,0.0,0.0,0.0,0.0,0.0,0.0,0.0,0.0,102.67,35.39,88.5,114.0,122.5,0.0,,0.0,0.0,0.0,609.0,,609.0,609.0,609.0,375.5,553.13,57.75,113.0,562.0,8.17,6.75,4.75,8.0,11.5,3.67,6.3500000000000005,0.0,0.0,5.5,,,,,,,,,,,,,,,,48.0,0.0,48.0,48.0,48.0,22.0,0.0,22.0,22.0,22.0,7.6,0.0,7.6,7.6,7.6,0.9,0.67,0.48,1.0,1.0,Microfiltration,2.5,mg/L,1002.0,Pilot-Scale,Membrane,2-Stage Pilot,8.39,22.89999961853028,False,
1002-2-LFC1,27.5,1.0,27.0,27.0,27.5,6.72,1.66,5.76,7.07,8.03,0.17,0.05,0.14,0.16,0.18,74.75,61.68,27.0,76.5,124.25,336.25,109.12,246.0,337.5,427.75,177.5,24.34,162.25,173.0,188.25,144.5,9.54,137.25,144.0,151.25,0.53,0.55,0.05,0.53,1.0,5.0,0.0,5.0,5.0,5.0,3.88,1.9,2.75,3.85,4.98,1.62,0.94,1.02,1.35,1.94,0.134,0.089,0.089,0.0,0.181,3.11,1.09,3.01,3.53,3.63,6.0,3.37,4.25,6.0,7.75,,,,,,279.87,179.96,198.87,282.0,363.0,258.47,184.68,164.72,304.75,398.5,269.13,188.1,174.38,316.25,411.0,,,,,,231.58,169.92000000000002,152.08,227.25,306.75,42.98,15.52,40.98,49.5,51.5,5.0600000000000005,2.54,3.75,4.25,5.5600000000000005,0.26,0.52,0.0,0.0,0.26,9.75,9.74,4.5,8.0,13.25,132.01,93.41,88.51,147.5,191.0,115.07,86.71000000000001,69.82000000000001,126.25,171.5,1.25,0.96,0.75,1.5,2.0,0.39,0.79,0.0,0.0,0.39,10.66,3.5700000000000003,9.66,11.5,12.5,,,,,,,,,,,,,,,,48.0,0.0,48.0,48.0,48.0,22.0,0.0,22.0,22.0,22.0,7.6,0.0,7.6,7.6,7.6,2.25,0.89,2.0,2.0,2.25,Microfiltration,2.5,mg/L,1002.0,Pilot-Scale,Membrane,2-Stage Pilot,8.39,22.89999961853028,False,
1002-3-CALP,28.33,0.58,28.0,28.0,28.5,6.03,0.67,5.7700000000000005,6.2700000000000005,6.41,0.14,0.03,0.13,0.15,0.16,51.0,38.63,34.0,59.0,72.0,319.67,34.43,300.0,305.0,332.0,174.33,9.71,169.0,172.0,178.5,141.0,5.29,139.0,143.0,144.0,1.18,0.31,1.0,1.0,1.27,20.0,25.98,5.0,5.0,27.5,3.72,1.05,3.13,3.35,4.13,4.47,4.96,1.61,1.72,5.96,0.124,0.043,0.103,0.123,0.145,3.31,0.43,3.13,3.42,3.5500000000000003,5.67,1.53,5.0,6.0,6.5,,,,,,221.17,107.69,169.25,228.5,276.75,157.33,63.52,134.0,183.0,193.5,168.83,64.76,145.25,195.5,205.75,,,,,,177.0,103.0,125.5,177.0,228.5,39.83,8.31,36.0,41.0,44.25,4.33,0.58,4.0,4.0,4.5,0.0,0.0,0.0,0.0,0.0,4.17,5.2,1.25,2.5,6.25,85.17,36.97,71.75,100.5,106.25,66.83,22.41,59.75,78.5,79.75,1.17,0.29,1.0,1.0,1.25,0.0,0.0,0.0,0.0,0.0,11.5,1.32,11.0,12.0,12.25,,,,,,,,,,,,,,,,48.0,0.0,48.0,48.0,48.0,22.2,0.0,22.2,22.2,22.2,7.6,0.0,7.6,7.6,7.6,1.67,0.8200000000000001,1.0,1.5,2.0,Microfiltration,,,1002.0,Pilot-Scale,Membrane,2-Stage Pilot,8.39,22.89999961853028,False,
1002-3-ESNA1,17.25,1.5,16.0,17.0,18.25,6.4,0.14,6.32,6.43,6.51,0.16,0.05,0.13,0.15,0.18,30.75,5.91,28.0,29.5,32.25,166.33,32.75,148.0,156.0,179.5,100.0,13.37,89.5,98.0,108.5,89.5,14.48,81.75,90.0,97.75,0.05,0.0,0.05,0.05,0.05,10.0,8.66,5.0,5.0,12.5,2.98,0.33,2.75,3.0,3.23,3.14,2.54,1.67,1.79,3.92,0.056,0.007,0.054,0.06,0.06,1.94,0.33,1.76,1.82,2.07,3.38,0.75,2.88,3.5,4.0,,,,,,81.0,13.09,75.25,77.0,82.75,75.38,15.05,63.88,74.5,86.0,83.25,12.61,75.0,83.5,91.75,,,,,,62.5,13.82,55.5,60.5,67.5,15.0,2.71,14.75,16.0,16.25,3.25,1.26,2.75,3.0,3.5,0.25,0.5,0.0,0.0,0.25,3.88,0.85,3.38,3.75,4.25,34.88,5.54,31.13,35.5,39.25,35.13,10.76,26.38,33.25,42.0,1.0,0.8200000000000001,0.75,1.0,1.25,0.5,1.0,0.0,0.0,0.5,7.88,3.12,5.75,7.25,9.38,,,,,,,,,,,,,,,,48.0,0.0,48.0,48.0,48.0,22.0,0.0,22.0,22.0,22.0,7.6,0.0,7.6,7.6,7.6,1.63,0.52,1.0,2.0,2.0,Microfiltration,2.5,mg/L,1002.0,Pilot-Scale,Membrane,2-Stage Pilot,8.39,22.89999961853028,False,
1003-1-10,21.67,1.11,21.15,21.8,22.25,8.91,0.1,8.86,8.89,8.96,0.1,0.0,0.1,0.1,0.1,19.08,5.55,17.11,19.08,21.04,,,,,,98.2,5.94,96.1,98.2,100.3,71.95,0.35,71.83,71.95,72.08,0.04,0.04,0.01,0.03,0.04,36.0,2.83,35.0,36.0,37.0,3.88,0.03,3.86,3.87,3.89,9.27,0.64,9.04,9.27,9.49,0.079,0.001,0.078,0.079,0.08,2.03,0.05,2.02,2.06,2.06,2.07,0.07,2.03,2.03,2.09,211.67,25.29,203.75,225.0,226.25,66.3,1.2,66.0,66.3,66.6,34.0,1.0,33.5,34.0,34.5,38.0,1.0,37.5,38.0,38.5,39.0,0.0,39.0,39.0,39.0,50.7,1.0,50.45,50.7,50.95,12.65,1.7,12.23,12.65,13.08,3.0,0.26,2.9,3.1,3.15,1.13,1.96,0.0,0.0,1.7,3.33,0.58,3.0,3.0,3.5,18.0,1.0,17.5,18.0,18.5,11.67,0.58,11.5,12.0,12.0,0.0,0.0,0.0,0.0,0.0,1.0,0.0,1.0,1.0,1.0,4.0,0.0,4.0,4.0,4.0,0.0,0.0,0.0,0.0,0.0,0.0,0.0,0.0,0.0,0.0,2.0,0.0,2.0,2.0,2.0,24.16,0.16,24.03,24.11,24.31,4.83,0.34,4.7,4.7,5.15,9.07,0.07,9.05,9.06,9.13,0.76,0.07,0.71,0.76,0.8,Lime softening,58.0,mg/L,1003.0,Bench-Scale,GAC,RSSCT,3.48,39.130001068115234,True,2026-01-10
1003-1-20,21.67,1.11,21.15,21.8,22.25,8.91,0.1,8.86,8.89,8.96,0.1,0.0,0.1,0.1,0.1,19.08,5.55,17.11,19.08,21.04,,,,,,98.2,5.94,96.1,98.2,100.3,71.95,0.35,71.83,71.95,72.08,0.04,0.04,0.01,0.03,0.04,36.0,2.83,35.0,36.0,37.0,3.88,0.03,3.86,3.87,3.89,9.27,0.64,9.04,9.27,9.49,0.079,0.001,0.078,0.079,0.08,2.03,0.05,2.02,2.06,2.06,2.07,0.07,2.03,2.03,2.09,211.67,25.29,203.75,225.0,226.25,66.3,1.2,66.0,66.3,66.6,34.0,1.0,33.5,34.0,34.5,38.0,1.0,37.5,38.0,38.5,39.0,0.0,39.0,39.0,39.0,50.7,1.0,50.45,50.7,50.95,12.65,1.7,12.23,12.65,13.08,3.0,0.26,2.9,3.1,3.15,1.13,1.96,0.0,0.0,1.7,3.33,0.58,3.0,3.0,3.5,18.0,1.0,17.5,18.0,18.5,11.67,0.58,11.5,12.0,12.0,0.0,0.0,0.0,0.0,0.0,1.0,0.0,1.0,1.0,1.0,4.0,0.0,4.0,4.0,4.0,0.0,0.0,0.0,0.0,0.0,0.0,0.0,0.0,0.0,0.0,2.0,0.0,2.0,2.0,2.0,24.22,0.21,24.06,24.22,24.4,4.8,0.29,4.7,4.9,5.0,9.02,0.08,8.96,9.03,9.06,0.76,0.08,0.75,0.76,0.8,Lime softening,58.0,mg/L,1003.0,Bench-Scale,GAC,RSSCT,3.48,39.130001068115234,True,2026-01-20
1003-2-10,17.9,0.87,17.6,18.3,18.4,8.93,0.05,8.91,8.93,8.95,0.13,0.03,0.13,0.15,0.15,21.93,4.28,20.41,21.93,23.44,,,,,,94.0,1.13,93.6,94.0,94.4,78.25,0.07,78.23,78.25,78.28,0.07,0.04,0.04,0.05,0.07,39.5,0.71,39.25,39.5,39.75,3.24,0.12,3.18,3.22,3.3,12.43,0.43,12.28,12.43,12.59,0.066,0.001,0.066,0.066,0.066,2.03,0.06,2.01,2.06,2.07,1.72,0.04,1.7,1.71,1.74,224.92,4.4,222.6,224.4,226.98,59.65,0.7,59.48,59.65,59.83,33.33,3.06,32.0,34.0,35.0,38.33,3.06,37.0,39.0,40.0,38.0,0.0,38.0,38.0,38.0,43.8,0.8,43.6,43.8,44.0,12.7,0.4,12.6,12.7,12.8,3.15,0.3,3.08,3.15,3.23,0.0,0.0,0.0,0.0,0.0,2.33,2.08,1.5,3.0,3.5,20.0,1.0,19.5,20.0,20.5,10.0,0.0,10.0,10.0,10.0,0.0,0.0,0.0,0.0,0.0,1.0,0.0,1.0,1.0,1.0,5.0,0.0,5.0,5.0,5.0,0.0,0.0,0.0,0.0,0.0,0.0,0.0,0.0,0.0,0.0,3.0,0.0,3.0,3.0,3.0,24.13,0.28,24.0,24.05,24.15,9.99,0.1,9.95,10.0,10.1,8.97,0.03,8.96,8.98,8.99,0.79,0.09,0.73,0.78,0.84,Lime softening,57.0,mg/L,1003.0,Bench-Scale,GAC,RSSCT,3.48,39.130001068115234,True,2026-02-10
1003-2-20,17.9,0.87,17.6,18.3,18.4,8.93,0.05,8.91,8.93,8.95,0.13,0.03,0.13,0.15,0.15,21.93,4.28,20.41,21.93,23.44,,,,,,94.0,1.13,93.6,94.0,94.4,78.25,0.07,78.23,78.25,78.28,0.07,0.04,0.04,0.05,0.07,39.5,0.71,39.25,39.5,39.75,3.24,0.12,3.18,3.22,3.3,12.43,0.43,12.28,12.43,12.59,0.066,0.001,0.066,0.066,0.066,2.03,0.06,2.01,2.06,2.07,1.72,0.04,1.7,1.71,1.74,224.92,4.4,222.6,224.4,226.98,59.65,0.7,59.48,59.65,59.83,33.33,3.06,32.0,34.0,35.0,38.33,3.06,37.0,39.0,40.0,38.0,0.0,38.0,38.0,38.0,43.8,0.8,43.6,43.8,44.0,12.7,0.4,12.6,12.7,12.8,3.15,0.3,3.08,3.15,3.23,0.0,0.0,0.0,0.0,0.0,2.33,2.08,1.5,3.0,3.5,20.0,1.0,19.5,20.0,20.5,10.0,0.0,10.0,10.0,10.0,0.0,0.0,0.0,0.0,0.0,1.0,0.0,1.0,1.0,1.0,5.0,0.0,5.0,5.0,5.0,0.0,0.0,0.0,0.0,0.0,0.0,0.0,0.0,0.0,0.0,3.0,0.0,3.0,3.0,3.0,24.21,0.34,24.0,24.1,24.23,9.98,0.14,9.85,10.0,10.1,8.96,0.04,8.95,8.96,8.99,0.8,0.07,0.75,0.8,0.83,Lime softening,57.0,mg/L,1003.0,Bench-Scale,GAC,RSSCT,3.48,39.130001068115234,True,2026-02-20
1003-3-10,18.5,0.85,18.1,18.6,18.95,9.03,0.04,9.01,9.02,9.05,0.1,0.05,0.08,0.1,0.13,21.03,2.72,20.06,21.03,21.99,,,,,,90.8,1.34,90.33,90.8,91.28,73.43,0.32,73.31,73.43,73.54,0.07,0.01,0.06,0.07,0.07,39.5,0.71,39.25,39.5,39.75,3.45,0.06,3.42,3.43,3.47,11.57,0.25,11.48,11.57,11.66,0.066,0.001,0.066,0.066,0.066,1.94,0.05,1.92,1.94,1.95,2.87,0.07,2.84,2.88,2.91,271.47,10.69,265.88,270.4,276.53,120.05,7.61,115.71,116.86,122.8,35.9,2.26,34.65,35.3,36.85,41.77,2.18,40.55,41.1,42.65,45.2,2.23,43.95,44.5,46.1,93.91,6.77,90.08,91.4,96.49,4.43,0.17,4.33,4.37,4.5,21.71,1.04,21.13,21.42,22.14,0.0,0.0,0.0,0.0,0.0,1.57,1.36,1.15,2.3,2.35,23.0,1.0,22.5,23.0,23.5,11.0,0.0,11.0,11.0,11.0,0.0,0.0,0.0,0.0,0.0,0.33,0.58,0.0,0.0,0.5,5.87,0.12,5.8,5.8,5.9,0.0,0.0,0.0,0.0,0.0,0.0,0.0,0.0,0.0,0.0,3.43,0.06,3.4,3.4,3.45,24.01,0.06,24.0,24.0,24.0,20.29,0.32,20.1,20.2,20.6,9.01,0.03,8.98,9.0,9.03,0.73,0.07,0.69,0.72,0.76,Lime softening,70.0,mg/L,1003.0,Bench-Scale,GAC,RSSCT,3.48,39.130001068115234,True,2026-03-10
1003-3-20,18.5,0.85,18.1,18.6,18.95,9.03,0.04,9.01,9.02,9.05,0.1,0.05,0.08,0.1,0.13,21.03,2.72,20.06,21.03,21.99,,,,,,90.8,1.34,90.33,90.8,91.28,73.43,0.32,73.31,73.43,73.54,0.07,0.01,0.06,0.07,0.07,39.5,0.71,39.25,39.5,39.75,3.45,0.06,3.42,3.43,3.47,11.57,0.25,11.48,11.57,11.66,0.066,0.001,0.066,0.066,0.066,1.94,0.05,1.92,1.94,1.95,2.87,0.07,2.84,2.88,2.91,271.47,10.69,265.88,270.4,276.53,120.05,7.61,115.71,116.86,122.8,35.9,2.26,34.65,35.3,36.85,41.77,2.18,40.55,41.1,42.65,45.2,2.23,43.95,44.5,46.1,93.91,6.77,90.08,91.4,96.49,4.43,0.17,4.33,4.37,4.5,21.71,1.04,21.13,21.42,22.14,0.0,0.0,0.0,0.0,0.0,1.57,1.36,1.15,2.3,2.35,23.0,1.0,22.5,23.0,23.5,11.0,0.0,11.0,11.0,11.0,0.0,0.0,0.0,0.0,0.0,0.33,0.58,0.0,0.0,0.5,5.87,0.12,5.8,5.8,5.9,0.0,0.0,0.0,0.0,0.0,0.0,0.0,0.0,0.0,0.0,3.43,0.06,3.4,3.4,3.45,24.02,0.11,24.0,24.0,24.1,20.07,0.31,19.8,19.9,20.2,8.99,0.03,8.97,8.98,9.01,0.78,0.04,0.76,0.77,0.81,Lime softening,8.0,mg/L,1003.0,Bench-Scale,GAC,RSSCT,3.48,39.130001068115234,True,2026-03-20
1003-4-10,16.57,2.38,15.5,17.0,17.85,9.01,0.06,8.98,9.0,9.04,0.1,0.0,0.1,0.1,0.1,24.5,3.46,23.28,24.5,25.73,,,,,,96.63,1.94,95.94,96.63,97.31,76.2,0.71,75.95,76.2,76.45,0.2,0.0,0.2,0.2,0.2,41.5,2.12,40.75,41.5,42.25,3.37,0.13,3.29,3.3,3.41,12.17,0.07,12.14,12.17,12.19,0.063,0.0,0.063,0.063,0.063,1.87,0.07,1.85,1.91,1.91,3.81,0.08,3.77,3.81,3.85,231.93,4.35,230.3,233.6,234.4,98.62,4.8,97.08,101.07,101.38,29.8,2.44,28.95,30.9,31.2,35.1,3.08,33.8,35.9,36.8,,,,,,70.05,3.1,69.11,71.76,71.84,6.56,0.44,6.39,6.69,6.81,22.01,1.27,21.58,22.61,22.74,0.0,0.0,0.0,0.0,0.0,1.53,1.36,1.0,2.0,2.3,17.33,0.58,17.0,17.0,17.5,9.6,1.23,8.9,9.1,10.05,0.0,0.0,0.0,0.0,0.0,1.33,0.15,1.25,1.3,1.4,5.3,0.79,4.85,5.0,5.6,,,,,,0.0,0.0,0.0,0.0,0.0,3.2,0.61,2.85,2.9,3.4,24.18,0.1,24.1,24.2,24.3,14.92,0.15,14.9,15.0,15.0,9.05,0.02,9.03,9.05,9.05,0.67,0.06,0.65,0.7,0.72,Lime softening,71.0,mg/L,1003.0,Bench-Scale,GAC,RSSCT,3.48,39.130001068115234,True,2026-04-10
1003-4-20,16.57,2.38,15.5,17.0,17.85,9.01,0.06,8.98,9.0,9.04,0.1,0.0,0.1,0.1,0.1,24.5,3.46,23.28,24.5,25.73,,,,,,96.63,1.94,95.94,96.63,97.31,76.2,0.71,75.95,76.2,76.45,0.2,0.0,0.2,0.2,0.2,41.5,2.12,40.75,41.5,42.25,3.37,0.13,3.29,3.3,3.41,12.17,0.07,12.14,12.17,12.19,0.063,0.0,0.063,0.063,0.063,1.87,0.07,1.85,1.91,1.91,3.81,0.08,3.77,3.81,3.85,231.93,4.35,230.3,233.6,234.4,98.62,4.8,97.08,101.07,101.38,29.8,2.44,28.95,30.9,31.2,35.1,3.08,33.8,35.9,36.8,,,,,,70.05,3.1,69.11,71.76,71.84,6.56,0.44,6.39,6.69,6.81,22.01,1.27,21.58,22.61,22.74,0.0,0.0,0.0,0.0,0.0,1.53,1.36,1.0,2.0,2.3,17.33,0.58,17.0,17.0,17.5,9.6,1.23,8.9,9.1,10.05,0.0,0.0,0.0,0.0,0.0,1.33,0.15,1.25,1.3,1.4,5.3,0.79,4.85,5.0,5.6,,,,,,0.0,0.0,0.0,0.0,0.0,3.2,0.61,2.85,2.9,3.4,24.15,0.19,24.08,24.1,24.25,15.01,0.15,15.0,15.0,15.1,9.04,0.03,9.03,9.05,9.06,0.7,0.08,0.66,0.7,0.75,Lime softening,71.0,mg/L,1003.0,Bench-Scale,GAC,RSSCT,3.48,39.130001068115234,True,2026-04-20
1004-1-NF45,20.4,0.0,20.4,20.4,20.4,6.87,0.0,6.87,6.87,6.87,0.14,0.0,0.14,0.14,0.14,6.6000000000000005,0.0,6.6000000000000005,6.6000000000000005,6.6000000000000005,74.7,0.0,74.7,74.7,74.7,23.5,0.0,23.5,23.5,23.5,17.0,0.0,17.0,17.0,17.0,,,,,,41.0,0.0,41.0,41.0,41.0,3.0500000000000003,0.0,3.0500000000000003,3.0500000000000003,3.0500000000000003,13.44,0.0,13.44,13.44,13.44,0.051,0.0,0.051,0.051,0.051,1.67,0.0,1.67,1.67,1.67,1.69,0.0,1.69,1.69,1.69,225.0,0.0,225.0,225.0,225.0,46.45,0.0,46.45,46.45,46.45,42.0,0.0,42.0,42.0,42.0,47.0,0.0,47.0,47.0,47.0,57.38,0.25,57.38,57.5,57.5,31.1,0.0,31.1,31.1,31.1,12.35,0.0,12.35,12.35,12.35,3.0,0.0,3.0,3.0,3.0,0.0,0.0,0.0,0.0,0.0,0.0,0.0,0.0,0.0,0.0,16.5,0.0,16.5,16.5,16.5,23.5,0.0,23.5,23.5,23.5,1.0,0.0,1.0,1.0,1.0,1.0,0.0,1.0,1.0,1.0,5.0,0.0,5.0,5.0,5.0,0.0,0.0,0.0,0.0,0.0,1.38,0.25,1.38,1.5,1.5,9.0,0.0,9.0,9.0,9.0,60.0,0.0,60.0,60.0,60.0,10.0,0.0,10.0,10.0,10.0,7.33,0.02,7.33,7.33,7.33,1.43,0.13,1.32,1.41,1.53,Pre-oxidation,1.1,mg/L,1004.0,Bench-Scale,Membrane,RBSMT,3.1750000000000003,42.5,False,
1016-2-20,22.29,1.78,20.65,22.5,23.63,8.16,0.37,8.02,8.07,8.13,4.37,3.37,1.89,3.02,6.37,47.5,12.04,40.0,45.0,50.0,,,,,,110.39,16.68,96.25,103.0,127.75,90.56,15.52,80.0,83.5,105.75,0.3,0.14,0.2,0.3,0.3,142.78,5.75,140.0,140.0,150.0,11.74,1.85,11.5,12.1,12.98,12.57,2.87,11.0,11.98,12.37,0.207,0.045,0.188,0.208,0.239,1.75,0.16,1.65,1.72,1.91,12.16,0.47,11.96,12.14,12.43,980.83,207.78,930.0,987.5,1145.0,424.2,64.34,427.0,431.0,460.0,135.12,23.11,131.7,140.4,144.78,155.4,24.23,151.7,160.4,165.7,170.68,25.61,166.33,176.45,182.3,326.47,62.74,330.0,340.0,360.0,75.67,4.63,75.25,76.0,78.0,21.17,2.23,20.0,21.0,21.75,0.75,0.71,0.0,1.0,1.08,13.13,2.24,11.25,13.5,15.0,79.78,14.35,75.5,80.5,87.25,36.0,7.75,34.0,38.0,40.75,1.47,0.46,1.23,1.7,1.7,4.74,0.51,4.5,4.6,4.7,20.28,1.36,20.0,20.0,21.0,0.0,0.0,0.0,0.0,0.0,4.12,0.3,3.93,4.15,4.3,11.16,1.43,10.25,11.0,12.0,9.0,0.0,9.0,9.0,9.0,29.0,0.0,29.0,29.0,29.0,8.9,0.09,8.83,8.9,8.9,0.84,0.18,0.65,0.91,1.0,Lime softening,1.0,mg/L,1016.0,Pilot-Scale,GAC,Pilot Columns,13.29,152.6300048828125,True,2026-02-20
1017-1-TFC-S,24.71,0.64,24.4,24.4,25.25,6.86,0.3,6.61,6.95,7.09,0.16,0.11,0.1,0.12,0.17,183.81,36.72,154.06,198.0,212.0,385.14,6.640000000000001,380.0,385.0,387.0,228.8,5.46,224.8,229.0,233.5,198.74,5.62,198.6,199.0,202.0,,,,,,163.07,12.19,156.5,165.61,170.04,12.81,2.14,11.25,11.85,14.96,12.822258961175294,2.401697981628258,11.356951871657754,12.059915611814349,14.721066666666664,0.475,0.114,0.396,0.458,0.531,3.415810765145082,0.2251097666840974,3.268716577540107,3.333333333333333,3.52,10.33,2.51,10.22,11.44,11.55,845.0,213.31,722.5,760.0,882.5,126.92,38.12,103.44,122.44,145.92000000000002,160.0,29.91,141.75,161.95000000000002,180.2,172.75,30.31,154.5,174.95000000000002,193.2,233.05,7.71,230.33,233.05,235.78,92.55,38.73,67.8,84.25,109.0,29.95,2.01,29.28,30.6,31.28,4.42,3.11,2.75,4.84,6.5,0.0,0.0,0.0,0.0,0.0,5.6000000000000005,0.6900000000000001,5.18,5.3500000000000005,5.78,47.0,10.86,39.0,43.5,51.5,104.25,20.47,94.25,110.0,120.0,1.28,0.17,1.18,1.25,1.35,1.88,0.3,1.73,1.9,2.05,12.75,0.5,12.75,13.0,13.0,0.0,0.0,0.0,0.0,0.0,4.5,0.79,4.05,4.2,4.8,32.0,3.65,29.5,32.0,34.5,48.0,0.0,48.0,48.0,48.0,23.83,0.9,23.0,23.5,24.5,6.71,0.66,6.3,6.63,6.84,0.78,0.28,0.64,0.9,1.01,Scale Control,2.0,mg/L,1017.0,Pilot-Scale,Membrane,3-Stage Pilot,7.46,101.81999969482422,False,
1017-2-TFC-S,24.65,1.13,23.8,24.4,25.45,6.58,0.12,6.49,6.5600000000000005,6.68,0.06,0.02,0.04,0.05,0.06,124.13,13.43,114.75,120.0,138.75,331.09000000000003,8.65,327.75,330.5,334.5,195.28,4.44,192.25,194.5,197.5,182.69,2.97,180.0,182.5,184.0,,,,,,68.85000000000001,17.2,66.5,73.0,78.0,5.67,0.44,5.42,5.6000000000000005,5.83,12.076205789797068,2.780253175481287,11.367521367521368,13.267326732673268,13.559322033898306,0.22,0.009,0.213,0.221,0.226,3.908315098179934,0.3016454820628525,3.786633900557951,4.049733570159858,4.105388343040056,11.4,0.81,11.03,11.47,12.16,351.41,48.85,330.0,358.75,386.25,57.89,12.82,50.25,57.85,66.57000000000001,55.88,10.12,47.65,58.0,61.75,62.59,10.73,53.78,65.45,68.93,78.52,16.64,66.0,83.2,88.5,39.5,9.25,33.29,38.2,45.7,15.03,3.74,13.23,14.0,17.28,3.36,0.61,3.04,3.24,3.6,0.0,0.0,0.0,0.0,0.0,1.58,1.57,0.0,2.25,2.53,19.94,2.27,18.0,20.0,22.0,33.03,6.91,27.25,34.0,37.25,0.24,0.52,0.0,0.0,0.0,1.08,0.32,1.0,1.15,1.23,6.72,0.73,6.38,6.8500000000000005,7.1000000000000005,0.0,0.0,0.0,0.0,0.0,2.34,1.26,2.29,2.5500000000000003,3.23,13.23,3.71,10.75,12.75,16.25,9.0,0.0,9.0,9.0,9.0,25.04,1.19,24.0,25.0,26.0,6.22,0.43,5.82,6.28,6.65,0.89,0.39,0.7000000000000001,0.8200000000000001,1.0,Scale Control,2.0,mg/L,1017.0,Pilot-Scale,Membrane,3-Stage Pilot,7.46,101.81999969482422,False,
1004-1-NTR7450,20.4,0.0,20.4,20.4,20.4,6.71,0.0,6.71,6.71,6.71,0.14,0.0,0.14,0.14,0.14,6.0,0.0,6.0,6.0,6.0,74.75,0.0,74.75,74.75,74.75,24.0,0.0,24.0,24.0,24.0,16.5,0.0,16.5,16.5,16.5,,,,,,39.0,0.0,39.0,39.0,39.0,3.15,0.0,3.15,3.15,3.15,12.38,0.0,12.38,12.38,12.38,0.051,0.0,0.051,0.051,0.051,1.62,0.0,1.62,1.62,1.62,1.79,0.0,1.79,1.79,1.79,225.0,0.0,225.0,225.0,225.0,44.15,0.0,44.15,44.15,44.15,43.0,0.0,43.0,43.0,43.0,47.5,0.0,47.5,47.5,47.5,59.0,0.0,59.0,59.0,59.0,30.0,0.0,30.0,30.0,30.0,11.35,0.0,11.35,11.35,11.35,2.8000000000000003,0.0,2.8000000000000003,2.8000000000000003,2.8000000000000003,0.0,0.0,0.0,0.0,0.0,3.0,0.0,3.0,3.0,3.0,15.0,0.0,15.0,15.0,15.0,24.0,0.0,24.0,24.0,24.0,0.0,0.0,0.0,0.0,0.0,1.0,0.0,1.0,1.0,1.0,4.5,0.0,4.5,4.5,4.5,0.0,0.0,0.0,0.0,0.0,2.0,0.0,2.0,2.0,2.0,9.5,0.0,9.5,9.5,9.5,60.0,0.0,60.0,60.0,60.0,10.0,0.0,10.0,10.0,10.0,7.44,0.12,7.3,7.49,7.54,1.17,0.12,1.19,1.22,1.22,Pre-oxidation,1.1,mg/L,1004.0,Bench-Scale,Membrane,RBSMT,3.1750000000000003,42.5,False,
1004-2-NF45,22.5,0.0,22.5,22.5,22.5,6.49,0.0,6.49,6.49,6.49,0.24,0.0,0.24,0.24,0.24,7.2,0.0,7.2,7.2,7.2,76.55,0.0,76.55,76.55,76.55,28.0,0.0,28.0,28.0,28.0,20.0,0.0,20.0,20.0,20.0,,,,,,39.5,0.0,39.5,39.5,39.5,3.4,0.0,3.4,3.4,3.4,11.62,0.0,11.62,11.62,11.62,0.053,0.0,0.053,0.053,0.053,1.54,0.0,1.54,1.54,1.54,2.35,0.0,2.35,2.35,2.35,263.75,0.0,263.75,263.75,263.75,68.1,0.0,68.1,68.1,68.1,54.0,0.0,54.0,54.0,54.0,60.5,0.0,60.5,60.5,60.5,73.5,0.0,73.5,73.5,73.5,48.9,0.0,48.9,48.9,48.9,15.7,0.0,15.7,15.7,15.7,3.5,0.0,3.5,3.5,3.5,0.0,0.0,0.0,0.0,0.0,3.0,0.0,3.0,3.0,3.0,23.0,0.0,23.0,23.0,23.0,27.0,0.0,27.0,27.0,27.0,0.0,0.0,0.0,0.0,0.0,1.0,0.0,1.0,1.0,1.0,6.5,0.0,6.5,6.5,6.5,0.0,0.0,0.0,0.0,0.0,1.5,0.0,1.5,1.5,1.5,11.5,0.0,11.5,11.5,11.5,60.0,0.0,60.0,60.0,60.0,18.0,0.0,18.0,18.0,18.0,7.31,0.07,7.25,7.3,7.37,1.11,0.49,0.65,1.02,1.6,Pre-oxidation,0.63,mg/L,1004.0,Bench-Scale,Membrane,RBSMT,3.1750000000000003,42.5,False,
1004-2-NTR7450,21.45,0.0,21.45,21.45,21.45,6.8100000000000005,0.0,6.8100000000000005,6.8100000000000005,6.8100000000000005,0.09,0.0,0.09,0.09,0.09,7.2,0.0,7.2,7.2,7.2,75.3,0.0,75.3,75.3,75.3,28.0,0.0,28.0,28.0,28.0,20.0,0.0,20.0,20.0,20.0,,,,,,39.5,0.0,39.5,39.5,39.5,3.0,0.0,3.0,3.0,3.0,13.17,0.0,13.17,13.17,13.17,0.051,0.0,0.051,0.051,0.051,1.68,0.0,1.68,1.68,1.68,2.29,0.0,2.29,2.29,2.29,263.75,0.0,263.75,263.75,263.75,68.1,0.0,68.1,68.1,68.1,54.0,0.0,54.0,54.0,54.0,60.5,0.0,60.5,60.5,60.5,73.5,0.0,73.5,73.5,73.5,48.9,0.0,48.9,48.9,48.9,15.7,0.0,15.7,15.7,15.7,3.5,0.0,3.5,3.5,3.5,0.0,0.0,0.0,0.0,0.0,3.0,0.0,3.0,3.0,3.0,23.0,0.0,23.0,23.0,23.0,27.0,0.0,27.0,27.0,27.0,0.0,0.0,0.0,0.0,0.0,1.0,0.0,1.0,1.0,1.0,6.5,0.0,6.5,6.5,6.5,0.0,0.0,0.0,0.0,0.0,1.5,0.0,1.5,1.5,1.5,11.5,0.0,11.5,11.5,11.5,60.0,0.0,60.0,60.0,60.0,18.0,0.0,18.0,18.0,18.0,7.28,0.04,7.25,7.27,7.31,0.76,0.09,0.72,0.72,0.81,Pre-oxidation,0.63,mg/L,1004.0,Bench-Scale,Membrane,RBSMT,3.1750000000000003,42.5,False,
1018-1-10,19.33,1.15,19.0,20.0,20.0,6.64,0.21,6.56,6.71,6.76,0.41,0.27,0.31,0.5,0.56,7.0,0.71,6.75,7.0,7.25,,,,,,33.1,4.1,31.65,33.1,34.55,27.3,1.13,26.9,27.3,27.7,0.01,0.0,0.01,0.01,0.01,10.0,0.0,10.0,10.0,10.0,3.17,0.16,3.1,3.19,3.26,3.07,0.09,3.04,3.07,3.1,0.048,0.007,0.045,0.05,0.052,1.5,0.17,1.42,1.51,1.58,2.35,0.12,2.31,2.4,2.42,141.0,20.88,134.0,151.0,153.0,24.38,2.17,23.24,24.12,25.39,47.64,14.58,42.45,53.91,55.98,47.64,14.58,42.45,53.91,55.98,48.73,14.56,43.52,54.94,57.05,22.25,2.06,21.17,22.02,23.22,2.13,0.11,2.07,2.1,2.18,0.0,0.0,0.0,0.0,0.0,0.0,0.0,0.0,0.0,0.0,3.97,1.57,3.07,3.25,4.52,26.56,8.73,23.5,30.42,31.56,16.73,7.03,14.44,20.24,20.78,0.38,0.66,0.0,0.0,0.57,0.0,0.0,0.0,0.0,0.0,0.0,0.0,0.0,0.0,0.0,0.0,0.0,0.0,0.0,0.0,0.0,0.0,0.0,0.0,0.0,1.09,0.05,1.08,1.12,1.12,72.0,0.0,72.0,72.0,72.0,4.0,0.0,4.0,4.0,4.0,7.0,0.0,7.0,7.0,7.0,0.87,0.16,0.79,0.96,1.0,Coagulation,34.0,mg/L,1018.0,Bench-Scale,GAC,RSSCT,2.59,10.0,False,2026-01-10
1018-1-20,19.33,1.15,19.0,20.0,20.0,6.64,0.21,6.56,6.71,6.76,0.41,0.27,0.31,0.5,0.56,7.0,0.71,6.75,7.0,7.25,,,,,,33.1,4.1,31.65,33.1,34.55,50.3,31.4,39.2,50.3,61.4,0.01,0.0,0.01,0.01,0.01,10.0,0.0,10.0,10.0,10.0,3.17,0.16,3.1,3.19,3.26,3.07,0.09,3.04,3.07,3.1,0.048,0.007,0.045,0.05,0.052,1.5,0.17,1.42,1.51,1.58,2.35,0.12,2.31,2.4,2.42,141.0,20.88,134.0,151.0,153.0,24.38,2.17,23.24,24.12,25.39,47.99,14.81,42.97,54.96,56.5,47.99,14.81,42.97,54.96,56.5,49.08,14.79,44.05,55.99,57.58,22.25,2.06,21.17,22.02,23.22,2.13,0.11,2.07,2.1,2.18,0.0,0.0,0.0,0.0,0.0,0.0,0.0,0.0,0.0,0.0,3.97,1.57,3.07,3.25,4.52,26.56,8.73,23.5,30.42,31.56,16.73,7.03,14.44,20.24,20.78,0.73,0.63,0.53,1.05,1.1,0.0,0.0,0.0,0.0,0.0,0.0,0.0,0.0,0.0,0.0,0.0,0.0,0.0,0.0,0.0,0.0,0.0,0.0,0.0,0.0,1.09,0.05,1.08,1.12,1.12,72.0,0.0,72.0,72.0,72.0,4.0,0.0,4.0,4.0,4.0,7.0,0.0,7.0,7.0,7.0,0.87,0.16,0.81,0.9,0.98,Coagulation,34.0,mg/L,1018.0,Bench-Scale,GAC,RSSCT,2.59,10.0,False,2026-01-20
1018-2-10,25.37,1.12,24.75,25.1,25.85,7.18,0.18,7.08,7.1,7.24,0.15,0.13,0.09,0.15,0.22,23.3,6.65,20.95,23.3,25.65,,,,,,25.6,0.57,25.4,25.6,25.8,16.25,2.47,15.38,16.25,17.13,0.01,0.0,0.01,0.01,0.01,10.0,0.0,10.0,10.0,10.0,2.46,0.64,2.09,2.16,2.68,3.88,1.06,3.5,3.88,4.25,0.032,0.003,0.031,0.031,0.034,1.38,0.42,1.19,1.44,1.61,2.64,0.41,2.44,2.63,2.85,200.17,49.52,172.0,180.5,218.5,69.59,7.85,65.71,69.77,73.56,84.38,25.34,70.44,78.07,95.18,87.19,25.49,73.07,80.25,97.85,87.74,24.81,73.9,80.25,97.85,60.88,6.75,57.6,61.24,64.34,8.71,1.12,8.11,8.53,9.22,0.0,0.0,0.0,0.0,0.0,0.0,0.0,0.0,0.0,0.0,7.95,3.61,6.04,7.5,9.63,44.85,13.64,37.56,42.7,51.07,29.19,11.18,22.95,25.8,33.74,2.39,2.07,1.76,3.51,3.59,0.0,0.0,0.0,0.0,0.0,2.81,0.55,2.64,3.09,3.13,0.0,0.0,0.0,0.0,0.0,0.0,0.0,0.0,0.0,0.0,0.55,0.95,0.0,0.0,0.83,72.0,0.0,72.0,72.0,72.0,21.0,0.0,21.0,21.0,21.0,7.0,0.0,7.0,7.0,7.0,0.77,0.24,0.57,0.76,0.88,Coagulation,30.0,mg/L,1018.0,Bench-Scale,GAC,RSSCT,2.59,10.0,False,2026-02-10
1018-2-20,25.37,1.12,24.75,25.1,25.85,7.18,0.18,7.08,7.1,7.24,0.15,0.13,0.09,0.15,0.22,23.3,6.65,20.95,23.3,25.65,,,,,,25.6,0.57,25.4,25.6,25.8,16.25,2.47,15.38,16.25,17.13,0.01,0.0,0.01,0.01,0.01,10.0,0.0,10.0,10.0,10.0,2.46,0.64,2.09,2.16,2.68,3.88,1.06,3.5,3.88,4.25,0.032,0.003,0.031,0.031,0.034,1.38,0.42,1.19,1.44,1.61,2.64,0.41,2.44,2.63,2.85,200.17,49.52,172.0,180.5,218.5,69.59,7.85,65.71,69.77,73.56,84.38,25.34,70.44,78.07,95.18,87.19,25.49,73.07,80.25,97.85,87.74,24.81,73.9,80.25,97.85,60.88,6.75,57.6,61.24,64.34,8.71,1.12,8.11,8.53,9.22,0.0,0.0,0.0,0.0,0.0,0.0,0.0,0.0,0.0,0.0,7.95,3.61,6.04,7.5,9.63,44.85,13.64,37.56,42.7,51.07,29.19,11.18,22.95,25.8,33.74,2.39,2.07,1.76,3.51,3.59,0.0,0.0,0.0,0.0,0.0,2.81,0.55,2.64,3.09,3.13,0.0,0.0,0.0,0.0,0.0,0.0,0.0,0.0,0.0,0.0,0.55,0.95,0.0,0.0,0.83,72.0,0.0,72.0,72.0,72.0,21.0,0.0,21.0,21.0,21.0,7.0,0.0,7.0,7.0,7.0,0.76,0.34,0.47,0.72,1.0,Coagulation,30.0,mg/L,1018.0,Bench-Scale,GAC,RSSCT,2.59,10.0,False,2026-02-20
1018-3-10,23.07,0.4,22.85,23.0,23.25,6.27,0.06,6.25,6.29,6.3,0.08,0.1,0.02,0.04,0.12,21.25,0.35,21.13,21.25,21.38,,,,,,35.0,1.41,34.5,35.0,35.5,21.5,2.12,20.75,21.5,22.25,0.01,0.0,0.01,0.01,0.01,10.0,0.0,10.0,10.0,10.0,2.57,0.12,2.51,2.52,2.62,3.85,0.23,3.77,3.85,3.93,0.041,0.007,0.037,0.037,0.043,1.6,0.32,1.42,1.47,1.72,2.92,0.3,2.83,3.08,3.1,176.17,9.39,172.0,178.0,181.25,57.01,4.83,54.3,55.39,58.92,68.89,12.62,64.5,74.58,76.12,72.21,12.97,67.66,77.94,79.64,73.78,14.31,68.84,80.3,81.99,45.75,4.97,42.88,42.97,47.23,9.61,0.88,9.15,9.53,10.03,1.65,0.36,1.44,1.46,1.77,0.0,0.0,0.0,0.0,0.0,5.31,1.93,4.29,5.09,6.22,28.69,8.74,26.12,33.63,33.74,31.75,5.56,29.26,32.77,34.75,3.14,0.59,2.81,2.88,3.35,0.0,0.0,0.0,0.0,0.0,3.33,0.36,3.16,3.36,3.52,0.0,0.0,0.0,0.0,0.0,0.0,0.0,0.0,0.0,0.0,1.57,1.36,1.18,2.35,2.36,72.0,0.0,72.0,72.0,72.0,22.0,0.0,22.0,22.0,22.0,7.0,0.0,7.0,7.0,7.0,0.78,0.31,0.57,0.73,0.98,Coagulation,35.0,mg/L,1018.0,Bench-Scale,GAC,RSSCT,2.59,10.0,False,2026-03-10
1018-3-20,23.07,0.4,22.85,23.0,23.25,6.27,0.06,6.25,6.29,6.3,0.08,0.1,0.02,0.04,0.12,21.25,0.35,21.13,21.25,21.38,,,,,,35.0,1.41,34.5,35.0,35.5,21.5,2.12,20.75,21.5,22.25,0.01,0.0,0.01,0.01,0.01,10.0,0.0,10.0,10.0,10.0,2.57,0.12,2.51,2.52,2.62,3.85,0.23,3.77,3.85,3.93,0.041,0.007,0.037,0.037,0.043,1.6,0.32,1.42,1.47,1.72,2.92,0.3,2.83,3.08,3.1,176.17,9.39,172.0,178.0,181.25,57.01,4.83,54.3,55.39,58.92,68.89,12.62,64.5,74.58,76.12,72.21,12.97,67.66,77.94,79.64,73.78,14.31,68.84,80.3,81.99,45.75,4.97,42.88,42.97,47.23,9.61,0.88,9.15,9.53,10.03,1.65,0.36,1.44,1.46,1.77,0.0,0.0,0.0,0.0,0.0,5.31,1.93,4.29,5.09,6.22,28.69,8.74,26.12,33.63,33.74,31.75,5.56,29.26,32.77,34.75,3.14,0.59,2.81,2.88,3.35,0.0,0.0,0.0,0.0,0.0,3.33,0.36,3.16,3.36,3.52,0.0,0.0,0.0,0.0,0.0,0.0,0.0,0.0,0.0,0.0,1.57,1.36,1.18,2.35,2.36,72.0,0.0,72.0,72.0,72.0,22.0,0.0,22.0,22.0,22.0,7.0,0.0,7.0,7.0,7.0,0.91,0.36,0.73,0.92,1.13,Coagulation,35.0,mg/L,1018.0,Bench-Scale,GAC,RSSCT,2.59,10.0,False,2026-03-20
1018-4-10,13.37,1.17,12.85,13.6,14.0,7.38,0.01,7.38,7.38,7.39,0.14,0.11,0.09,0.15,0.2,29.0,6.36,26.75,29.0,31.25,,,,,,62.0,25.46,53.0,62.0,71.0,25.0,1.41,24.5,25.0,25.5,0.01,0.0,0.01,0.01,0.01,10.0,0.0,10.0,10.0,10.0,2.13,0.19,2.05,2.16,2.24,4.48,0.21,4.4,4.48,4.55,0.031,0.008,0.027,0.029,0.034,1.43,0.32,1.25,1.26,1.53,2.11,1.06,1.5,1.5,2.42,154.83,9.25,149.5,150.0,157.75,59.53,28.68,45.09,59.13,73.77,54.71,12.86,49.29,58.06,61.82,57.62,13.8,51.6,60.64,65.15,58.91,13.41,53.04,61.79,66.22,50.75,24.76,37.93,48.88,62.64,7.86,3.41,6.47,8.86,9.76,0.91,0.79,0.68,1.35,1.37,0.0,0.0,0.0,0.0,0.0,6.7,2.91,5.09,5.92,7.92,29.24,9.16,24.64,29.14,33.8,17.11,4.19,14.81,16.07,18.9,1.66,0.8,1.2,1.27,1.93,0.0,0.0,0.0,0.0,0.0,2.9,1.05,2.32,2.58,3.33,0.0,0.0,0.0,0.0,0.0,0.0,0.0,0.0,0.0,0.0,1.29,0.39,1.08,1.15,1.44,72.0,0.0,72.0,72.0,72.0,22.0,0.0,22.0,22.0,22.0,7.0,0.0,7.0,7.0,7.0,0.97,0.42,0.62,1.0,1.35,Coagulation,32.0,mg/L,1018.0,Bench-Scale,GAC,RSSCT,2.59,10.0,False,2026-04-10
1018-4-20,13.37,1.17,12.85,13.6,14.0,7.38,0.01,7.38,7.38,7.39,0.14,0.11,0.09,0.15,0.2,29.0,6.36,26.75,29.0,31.25,,,,,,62.0,25.46,53.0,62.0,71.0,25.0,1.41,24.5,25.0,25.5,0.01,0.0,0.01,0.01,0.01,10.0,0.0,10.0,10.0,10.0,2.13,0.19,2.05,2.16,2.24,4.48,0.21,4.4,4.48,4.55,0.031,0.008,0.027,0.029,0.034,1.43,0.32,1.25,1.26,1.53,2.11,1.06,1.5,1.5,2.42,154.83,9.25,149.5,150.0,157.75,59.53,28.68,45.09,59.13,73.77,54.71,12.86,49.29,58.06,61.82,57.62,13.8,51.6,60.64,65.15,58.91,13.41,53.04,61.79,66.22,50.75,24.76,37.93,48.88,62.64,7.86,3.41,6.47,8.86,9.76,0.91,0.79,0.68,1.35,1.37,0.0,0.0,0.0,0.0,0.0,6.7,2.91,5.09,5.92,7.92,29.24,9.16,24.64,29.14,33.8,17.11,4.19,14.81,16.07,18.9,1.66,0.8,1.2,1.27,1.93,0.0,0.0,0.0,0.0,0.0,2.9,1.05,2.32,2.58,3.33,0.0,0.0,0.0,0.0,0.0,0.0,0.0,0.0,0.0,0.0,1.29,0.39,1.08,1.15,1.44,72.0,0.0,72.0,72.0,72.0,22.0,0.0,22.0,22.0,22.0,7.0,0.0,7.0,7.0,7.0,1.04,0.44,0.64,1.02,1.47,Coagulation,32.0,mg/L,1018.0,Bench-Scale,GAC,RSSCT,2.59,10.0,False,2026-04-20
1019-1-10,17.33,2.15,15.55,17.6,18.65,7.71,0.03,7.7,7.71,7.74,0.09,0.03,0.09,0.1,0.1,20.18,0.32,20.06,20.18,20.29,,,,,,30.5,6.36,28.25,30.5,32.75,18.0,1.41,17.5,18.0,18.5,0.03,0.0,0.03,0.03,0.03,10.0,0.0,10.0,10.0,10.0,1.54,0.09,1.47,1.53,1.61,6.59,0.37,6.46,6.59,6.72,0.03,0.0,0.03,0.03,0.03,1.94,0.11,1.87,1.95,2.01,1.21,0.13,1.14,1.14,1.25,122.53,1.13,122.1,122.95,123.18,31.57,1.17,30.92,31.19,32.04,15.81,1.1,15.3,15.95,16.39,17.49,1.12,16.94,17.54,18.06,18.95,0.89,18.52,19.0,19.41,23.87,1.0,23.3,23.5,24.25,1.05,0.04,1.04,1.07,1.07,6.65,0.15,6.57,6.61,6.71,0.0,0.0,0.0,0.0,0.0,0.0,0.0,0.0,0.0,0.0,8.61,0.51,8.39,8.72,8.89,7.2,0.8,6.74,6.89,7.5,0.0,0.0,0.0,0.0,0.0,0.0,0.0,0.0,0.0,0.0,1.68,0.08,1.64,1.69,1.72,0.0,0.0,0.0,0.0,0.0,0.0,0.0,0.0,0.0,0.0,1.46,0.23,1.35,1.47,1.58,22.82,4.63,23.9,24.0,24.05,17.49,0.38,17.5,17.6,17.7,7.69,0.02,7.68,7.68,7.7,1.06,0.15,0.99,1.14,1.16,Coagulation,28.3,mg/L,1019.0,Bench-Scale,GAC,RSSCT,1.88,20.1299991607666,False,2026-01-10
1019-1-20,17.33,2.15,15.55,17.6,18.65,7.71,0.03,7.7,7.71,7.74,0.09,0.03,0.09,0.1,0.1,20.18,0.32,20.06,20.18,20.29,,,,,,30.5,6.36,28.25,30.5,32.75,18.0,1.41,17.5,18.0,18.5,0.03,0.0,0.03,0.03,0.03,10.0,0.0,10.0,10.0,10.0,1.54,0.09,1.47,1.53,1.61,6.59,0.37,6.46,6.59,6.72,0.03,0.0,0.03,0.03,0.03,1.94,0.11,1.87,1.95,2.01,1.21,0.13,1.14,1.14,1.25,122.53,1.13,122.1,122.95,123.18,31.57,1.17,30.92,31.19,32.04,15.81,1.1,15.3,15.95,16.39,17.49,1.12,16.94,17.54,18.06,18.95,0.89,18.52,19.0,19.41,23.87,1.0,23.3,23.5,24.25,1.05,0.04,1.04,1.07,1.07,6.65,0.15,6.57,6.61,6.71,0.0,0.0,0.0,0.0,0.0,0.0,0.0,0.0,0.0,0.0,8.61,0.51,8.39,8.72,8.89,7.2,0.8,6.74,6.89,7.5,0.0,0.0,0.0,0.0,0.0,0.0,0.0,0.0,0.0,0.0,1.68,0.08,1.64,1.69,1.72,0.0,0.0,0.0,0.0,0.0,0.0,0.0,0.0,0.0,0.0,1.46,0.23,1.35,1.47,1.58,22.94,4.66,24.0,24.1,24.1,17.64,0.49,17.5,17.7,18.0,7.67,0.02,7.66,7.67,7.68,1.04,0.1,0.99,1.05,1.1,Coagulation,28.3,mg/L,1019.0,Bench-Scale,GAC,RSSCT,1.88,20.1299991607666,False,2026-01-20
1019-2-10,21.1,2.9,19.65,21.1,22.55,7.62,0.04,7.61,7.64,7.64,0.13,0.05,0.11,0.13,0.14,26.0,3.82,24.65,26.0,27.35,,,,,,30.5,0.71,30.25,30.5,30.75,18.5,0.71,18.25,18.5,18.75,0.05,0.02,0.03,0.04,0.05,21.5,0.71,21.25,21.5,21.75,1.88,0.02,1.86,1.88,1.89,11.35,0.42,11.2,11.35,11.49,0.038,0.0,0.038,0.038,0.038,2.03,0.03,2.02,2.05,2.05,1.55,0.03,1.53,1.54,1.56,174.03,3.73,172.48,175.05,176.1,42.51,3.21,40.79,42.01,43.97,22.06,2.29,21.19,22.93,23.36,24.24,2.43,23.36,25.25,25.63,26.87,2.86,25.79,27.97,28.5,32.04,2.6,30.71,31.89,33.3,1.33,0.08,1.29,1.34,1.37,9.14,0.65,8.76,8.81,9.35,0.0,0.0,0.0,0.0,0.0,0.0,0.0,0.0,0.0,0.0,10.78,0.73,10.45,10.91,11.17,11.28,1.71,10.49,11.5,12.19,0.0,0.0,0.0,0.0,0.0,0.0,0.0,0.0,0.0,0.0,2.19,0.16,2.12,2.22,2.27,0.0,0.0,0.0,0.0,0.0,0.0,0.0,0.0,0.0,0.0,2.63,0.44,2.43,2.72,2.87,24.26,0.19,24.1,24.3,24.4,21.69,0.33,21.75,21.8,21.8,7.52,0.03,7.5,7.52,7.54,0.95,0.04,0.92,0.96,0.99,Coagulation,36.4,mg/L,1019.0,Bench-Scale,GAC,RSSCT,1.88,20.1299991607666,False,2026-02-10
1019-2-20,21.1,2.9,19.65,21.1,22.55,7.62,0.04,7.61,7.64,7.64,0.13,0.05,0.11,0.13,0.14,26.0,3.82,24.65,26.0,27.35,,,,,,30.5,0.71,30.25,30.5,30.75,18.5,0.71,18.25,18.5,18.75,0.05,0.02,0.03,0.04,0.05,21.5,0.71,21.25,21.5,21.75,1.88,0.02,1.86,1.88,1.89,11.35,0.42,11.2,11.35,11.49,0.038,0.0,0.038,0.038,0.038,2.03,0.03,2.02,2.05,2.05,1.55,0.03,1.53,1.54,1.56,174.03,3.73,172.48,175.05,176.1,42.51,3.21,40.79,42.01,43.97,22.06,2.29,21.19,22.93,23.36,24.24,2.43,23.36,25.25,25.63,26.87,2.86,25.79,27.97,28.5,32.04,2.6,30.71,31.89,33.3,1.33,0.08,1.29,1.34,1.37,9.14,0.65,8.76,8.81,9.35,0.0,0.0,0.0,0.0,0.0,0.0,0.0,0.0,0.0,0.0,10.78,0.73,10.45,10.91,11.17,11.28,1.71,10.49,11.5,12.19,0.0,0.0,0.0,0.0,0.0,0.0,0.0,0.0,0.0,0.0,2.19,0.16,2.12,2.22,2.27,0.0,0.0,0.0,0.0,0.0,0.0,0.0,0.0,0.0,0.0,2.63,0.44,2.43,2.72,2.87,24.22,0.17,24.1,24.2,24.35,21.43,0.51,21.3,21.7,21.8,7.52,0.04,7.49,7.52,7.54,0.98,0.06,0.95,0.99,1.01,Coagulation,36.4,mg/L,1019.0,Bench-Scale,GAC,RSSCT,1.88,20.1299991607666,False,2026-02-20
1019-3-14.4,17.53,1.53,16.55,17.15,18.43,7.65,0.06,7.6,7.64,7.71,0.09,0.03,0.09,0.1,0.1,22.25,2.4,21.4,22.25,23.1,,,,,,32.0,0.0,32.0,32.0,32.0,21.0,0.0,21.0,21.0,21.0,0.08,0.02,0.07,0.08,0.08,28.0,0.0,28.0,28.0,28.0,2.02,0.04,2.01,2.01,2.04,13.97,0.0,13.97,13.97,13.97,0.032,0.0,0.032,0.032,0.033,1.61,0.03,1.6,1.61,1.62,2.31,0.02,2.31,2.32,2.33,155.65,3.16,154.4,156.7,157.43,41.92,1.34,41.15,41.32,42.39,23.34,2.03,22.36,23.49,24.39,26.34,2.41,25.2,26.56,27.6,29.37,2.76,28.07,29.69,30.82,29.08,1.82,28.13,28.9,29.94,2.58,0.57,2.25,2.32,2.78,10.26,0.43,10.03,10.16,10.45,0.0,0.0,0.0,0.0,0.0,0.0,0.0,0.0,0.0,0.0,11.07,0.61,10.87,11.36,11.42,12.26,1.47,11.5,12.13,12.96,0.0,0.0,0.0,0.0,0.0,0.0,0.0,0.0,0.0,0.0,3.01,0.38,2.84,3.07,3.21,0.0,0.0,0.0,0.0,0.0,0.0,0.0,0.0,0.0,0.0,3.02,0.36,2.88,3.13,3.22,24.02,0.18,23.9,24.0,24.1,19.86,0.05,19.8,19.9,19.9,7.64,0.02,7.63,7.63,7.64,1.06,0.2,0.97,1.01,1.19,Coagulation,43.6,mg/L,1019.0,Bench-Scale,GAC,RSSCT,1.88,20.1299991607666,False,
1019-3-7.2,17.53,1.53,16.55,17.15,18.43,7.65,0.06,7.6,7.64,7.71,0.09,0.03,0.09,0.1,0.1,22.25,2.4,21.4,22.25,23.1,,,,,,32.0,0.0,32.0,32.0,32.0,21.0,0.0,21.0,21.0,21.0,0.08,0.02,0.07,0.08,0.08,28.0,0.0,28.0,28.0,28.0,2.02,0.04,2.01,2.01,2.04,13.97,0.0,13.97,13.97,13.97,0.032,0.0,0.032,0.032,0.033,1.61,0.03,1.6,1.61,1.62,2.31,0.02,2.31,2.32,2.33,155.65,3.16,154.4,156.7,157.43,41.92,1.34,41.15,41.32,42.39,23.34,2.03,22.36,23.49,24.39,26.34,2.41,25.2,26.56,27.6,29.37,2.76,28.07,29.69,30.82,29.08,1.82,28.13,28.9,29.94,2.58,0.57,2.25,2.32,2.78,10.26,0.43,10.03,10.16,10.45,0.0,0.0,0.0,0.0,0.0,0.0,0.0,0.0,0.0,0.0,11.07,0.61,10.87,11.36,11.42,12.26,1.47,11.5,12.13,12.96,0.0,0.0,0.0,0.0,0.0,0.0,0.0,0.0,0.0,0.0,3.01,0.38,2.84,3.07,3.21,0.0,0.0,0.0,0.0,0.0,0.0,0.0,0.0,0.0,0.0,3.02,0.36,2.88,3.13,3.22,24.0,0.16,23.9,24.03,24.1,19.97,0.13,19.9,19.9,20.1,7.64,0.03,7.63,7.63,7.64,1.01,0.05,0.99,1.01,1.03,Coagulation,43.6,mg/L,1019.0,Bench-Scale,GAC,RSSCT,1.88,20.1299991607666,False,
1019-4-10,19.25,1.07,18.58,19.1,20.08,7.84,0.06,7.78,7.82,7.89,0.13,0.03,0.13,0.15,0.15,23.0,3.75,21.68,23.0,24.33,,,,,,26.0,1.41,25.5,26.0,26.5,16.5,0.71,16.25,16.5,16.75,0.05,0.02,0.03,0.04,0.05,21.0,,21.0,21.0,21.0,2.08,0.15,2.02,2.04,2.06,8.81,,8.81,8.81,8.81,0.03,0.001,0.029,0.029,0.03,1.42,0.09,1.38,1.44,1.47,1.53,0.21,1.42,1.43,1.6,121.22,1.91,120.15,120.65,122.0,21.76,1.77,20.91,21.9,22.68,15.62,5.52,12.44,12.89,17.43,17.58,5.97,14.14,14.61,19.53,19.85,6.99,15.82,16.21,22.05,14.56,1.37,13.89,14.62,15.27,1.33,0.09,1.28,1.33,1.37,5.86,0.34,5.69,5.86,6.03,0.0,0.0,0.0,0.0,0.0,0.0,0.0,0.0,0.0,0.0,7.12,1.18,6.46,6.81,7.61,8.5,4.37,5.98,6.09,9.82,0.0,0.0,0.0,0.0,0.0,0.0,0.0,0.0,0.0,0.0,1.96,0.45,1.7,1.71,2.1,0.0,0.0,0.0,0.0,0.0,0.0,0.0,0.0,0.0,0.0,2.27,1.03,1.68,1.75,2.6,23.97,0.14,24.0,24.0,24.0,8.68,0.11,8.6,8.6,8.8,7.66,0.04,7.62,7.65,7.7,0.93,0.22,0.75,0.98,1.03,Coagulation,30.7,mg/L,1019.0,Bench-Scale,GAC,RSSCT,1.88,20.1299991607666,False,2026-04-10
1019-4-20,19.25,1.07,18.58,19.1,20.08,7.84,0.06,7.78,7.82,7.89,0.13,0.03,0.13,0.15,0.15,23.0,3.75,21.68,23.0,24.33,,,,,,26.0,1.41,25.5,26.0,26.5,16.5,0.71,16.25,16.5,16.75,0.05,0.02,0.03,0.04,0.05,21.0,,21.0,21.0,21.0,2.08,0.15,2.02,2.04,2.06,8.81,,8.81,8.81,8.81,0.03,0.001,0.029,0.029,0.03,1.42,0.09,1.38,1.44,1.47,1.53,0.21,1.42,1.43,1.6,121.22,1.91,120.15,120.65,122.0,21.76,1.77,20.91,21.9,22.68,15.62,5.52,12.44,12.89,17.43,17.58,5.97,14.14,14.61,19.53,19.85,6.99,15.82,16.21,22.05,14.56,1.37,13.89,14.62,15.27,1.33,0.09,1.28,1.33,1.37,5.86,0.34,5.69,5.86,6.03,0.0,0.0,0.0,0.0,0.0,0.0,0.0,0.0,0.0,0.0,7.12,1.18,6.46,6.81,7.61,8.5,4.37,5.98,6.09,9.82,0.0,0.0,0.0,0.0,0.0,0.0,0.0,0.0,0.0,0.0,1.96,0.45,1.7,1.71,2.1,0.0,0.0,0.0,0.0,0.0,0.0,0.0,0.0,0.0,0.0,2.27,1.03,1.68,1.75,2.6,24.05,0.09,24.0,24.0,24.13,8.78,0.09,8.8,8.8,8.8,7.69,0.04,7.69,7.7,7.71,1.0,0.09,0.96,1.0,1.01,Coagulation,30.7,mg/L,1019.0,Bench-Scale,GAC,RSSCT,1.88,20.1299991607666,False,2026-04-20
1020-1-10,18.02,1.2,17.2,17.5,18.5,9.2,0.07,9.14,9.23,9.24,0.1,0.0,0.1,0.1,0.1,38.18,4.84,36.46,38.18,39.89,,,,,,46.0,,46.0,46.0,46.0,30.0,,30.0,30.0,30.0,0.03,,0.03,0.03,0.03,92.0,,92.0,92.0,92.0,4.18,0.12,4.13,4.21,4.22,22.28,,22.28,22.28,22.28,0.088,0.001,0.088,0.088,0.089,2.14,0.08,2.09,2.09,2.16,1.9,0.08,1.86,1.86,1.93,216.72,6.05,213.73,216.85,219.78,63.95,3.24,62.16,63.12,65.33,21.54,1.87,20.49,20.97,22.3,29.67,2.97,28.01,28.75,30.87,32.02,3.41,30.09,30.76,33.32,25.43,1.5,24.65,25.3,26.15,14.63,0.54,14.32,14.33,14.79,20.98,1.23,20.3,20.67,21.51,2.91,0.08,2.88,2.94,2.95,0.0,0.0,0.0,0.0,0.0,14.59,1.01,14.04,14.4,15.04,2.91,0.92,2.39,2.63,3.28,0.0,0.0,0.0,0.0,0.0,4.04,1.11,3.42,3.7,4.49,8.14,1.1,7.52,7.78,8.58,0.0,0.0,0.0,0.0,0.0,0.0,0.0,0.0,0.0,0.0,2.35,0.47,2.08,2.15,2.52,6.01,0.14,5.9,6.0,6.05,26.66,0.12,26.6,26.6,26.8,9.04,0.04,9.01,9.03,9.06,0.8,0.07,0.75,0.79,0.83,Softening/Solids contact clarifiers,170.0,mg/L,1020.0,Bench-Scale,GAC,RSSCT,4.3,115.29000091552734,False,2026-01-10
1020-1-20,18.02,1.2,17.2,17.5,18.5,9.2,0.07,9.14,9.23,9.24,0.1,0.0,0.1,0.1,0.1,38.18,4.84,36.46,38.18,39.89,,,,,,,,,,,,,,,,,,,,,,,,,,4.18,0.12,4.13,4.21,4.22,,,,,,0.088,0.001,0.088,0.088,0.089,2.14,0.08,2.09,2.09,2.16,1.9,0.08,1.86,1.86,1.93,216.72,6.05,213.73,216.85,219.78,63.95,3.24,62.16,63.12,65.33,21.54,1.87,20.49,20.97,22.3,29.67,2.97,28.01,28.75,30.87,32.02,3.41,30.09,30.76,33.32,25.43,1.5,24.65,25.3,26.15,14.63,0.54,14.32,14.33,14.79,20.98,1.23,20.3,20.67,21.51,2.91,0.08,2.88,2.94,2.95,0.0,0.0,0.0,0.0,0.0,14.59,1.01,14.04,14.4,15.04,2.91,0.92,2.39,2.63,3.28,0.0,0.0,0.0,0.0,0.0,4.04,1.11,3.42,3.7,4.49,8.14,1.1,7.52,7.78,8.58,0.0,0.0,0.0,0.0,0.0,0.0,0.0,0.0,0.0,0.0,2.35,0.47,2.08,2.15,2.52,6.06,0.12,6.0,6.05,6.2,26.6,0.18,26.4,26.6,26.8,9.03,0.05,9.0,9.02,9.05,0.77,0.09,0.71,0.77,0.83,Softening/Solids contact clarifiers,170.0,mg/L,1020.0,Bench-Scale,GAC,RSSCT,4.3,115.29000091552734,False,2026-01-20
1020-2-10pH8.2,20.47,1.25,19.75,19.9,20.9,8.24,0.08,8.19,8.2,8.27,0.2,0.0,0.2,0.2,0.2,23.7,3.25,22.55,23.7,24.85,,,,,,54.0,0.0,54.0,54.0,54.0,35.0,0.0,35.0,35.0,35.0,0.1,0.07,0.05,0.08,0.1,125.0,21.21,117.5,125.0,132.5,4.16,0.09,4.11,4.11,4.19,29.94,5.83,27.88,29.94,32.0,0.081,0.0,0.081,0.081,0.081,1.9,0.0,1.9,1.9,1.9,2.17,0.0,2.17,2.17,2.17,210.15,0.0,210.15,210.15,210.15,76.58,0.0,76.58,76.58,76.58,24.06,0.0,24.06,24.06,24.06,34.76,0.0,34.76,34.76,34.76,38.08,0.0,38.08,38.08,38.08,24.04,0.0,24.04,24.04,24.04,21.4,0.0,21.4,21.4,21.4,25.6,0.0,25.6,25.6,25.6,5.54,0.0,5.54,5.54,5.54,0.0,0.0,0.0,0.0,0.0,13.92,0.0,13.92,13.92,13.92,2.86,0.0,2.86,2.86,2.86,0.0,0.0,0.0,0.0,0.0,7.29,0.0,7.29,7.29,7.29,10.7,0.0,10.7,10.7,10.7,0.0,0.0,0.0,0.0,0.0,0.0,0.0,0.0,0.0,0.0,3.32,0.0,3.32,3.32,3.32,6.12,0.09,6.05,6.1,6.2,26.83,0.3,26.6,26.6,27.2,9.07,0.02,9.05,9.06,9.08,0.85,0.07,0.8,0.85,0.88,Softening/Solids contact clarifiers,170.0,mg/L,1020.0,Bench-Scale,GAC,RSSCT,4.3,115.29000091552734,False,
1020-2-10pH8.7,18.18,0.81,17.73,18.2,18.65,8.73,0.0,8.73,8.73,8.73,0.1,0.0,0.1,0.1,0.1,30.58,2.93,29.54,30.58,31.61,,,,,,53.5,0.71,53.25,53.5,53.75,35.0,0.0,35.0,35.0,35.0,0.03,0.0,0.03,0.03,0.03,140.0,0.0,140.0,140.0,140.0,4.21,0.08,4.19,4.24,4.26,33.72,0.83,33.43,33.72,34.02,0.082,0.001,0.082,0.082,0.083,1.98,0.06,1.96,1.98,1.99,1.93,0.0,1.93,1.93,1.93,193.73,2.45,193.11,193.73,194.34,72.18,7.04,70.42,72.18,73.94,17.59,3.29,16.77,17.59,18.41,25.0,4.66,23.83,25.0,26.16,28.86,7.82,26.91,28.86,30.82,21.01,2.06,20.5,21.01,21.53,21.41,2.45,20.8,21.41,22.02,23.58,1.83,23.13,23.58,24.04,6.17,0.7,6.0,6.17,6.35,0.0,0.0,0.0,0.0,0.0,9.61,0.39,9.52,9.61,9.71,2.36,0.76,2.17,2.36,2.55,0.0,0.0,0.0,0.0,0.0,5.61,2.13,5.08,5.61,6.15,7.41,1.37,7.07,7.41,7.75,0.0,0.0,0.0,0.0,0.0,1.1,2.21,0.55,1.1,1.66,2.76,0.95,2.52,2.76,3.0,6.06,0.07,6.0,6.1,6.1,26.59,0.19,26.5,26.5,26.6,9.05,0.02,9.03,9.04,9.06,0.87,0.02,0.84,0.87,0.88,Softening/Solids contact clarifiers,170.0,mg/L,1020.0,Bench-Scale,GAC,RSSCT,4.3,115.29000091552734,False,
1020-2-10pH9.2,20.55,1.07,20.08,20.85,21.33,9.2,0.03,9.19,9.21,9.22,0.1,0.0,0.1,0.1,0.1,27.25,2.62,26.33,27.25,28.18,,,,,,54.0,0.0,54.0,54.0,54.0,35.0,0.0,35.0,35.0,35.0,0.17,0.08,0.11,0.14,0.17,105.0,7.07,102.5,105.0,107.5,4.05,0.1,3.97,4.04,4.11,25.79,2.56,24.89,25.79,26.7,0.084,0.001,0.083,0.084,0.084,2.02,0.06,2.01,2.02,2.04,2.19,0.27,2.12,2.19,2.25,211.53,31.45,203.66,211.53,219.39,81.74,9.67,79.32,81.74,84.15,16.28,8.85,14.07,16.28,18.49,22.91,12.99,19.66,22.91,26.15,26.06,16.68,21.89,26.06,30.23,25.7,6.19,24.15,25.7,27.25,24.54,2.33,23.95,24.54,25.12,25.26,6.52,23.63,25.26,26.89,6.24,0.72,6.06,6.24,6.42,0.0,0.0,0.0,0.0,0.0,10.13,4.54,8.99,10.13,11.26,1.94,1.12,1.66,1.94,2.22,0.0,0.0,0.0,0.0,0.0,4.21,3.18,3.41,4.21,5.0,6.63,4.14,5.6,6.63,7.67,0.0,0.0,0.0,0.0,0.0,1.15,2.3,0.58,1.15,1.73,2.0,1.39,1.66,2.0,2.35,6.06,0.26,5.78,6.15,6.3,27.24,0.05,27.2,27.2,27.3,9.08,0.03,9.06,9.09,9.1,1.11,0.37,0.8,1.15,1.27,Softening/Solids contact clarifiers,170.0,mg/L,1020.0,Bench-Scale,GAC,RSSCT,4.3,115.29000091552734,False,
1020-3-12.5,18.28,1.63,17.15,18.45,19.23,9.22,0.12,9.16,9.23,9.27,0.14,0.02,0.14,0.15,0.15,22.53,3.22,21.39,22.53,23.66,,,,,,53.5,3.54,52.25,53.5,54.75,38.5,2.12,37.75,38.5,39.25,0.18,0.06,0.13,0.16,0.18,115.0,21.21,107.5,115.0,122.5,4.54,0.05,4.5,4.54,4.56,25.31,4.79,23.62,25.31,27.01,0.094,0.001,0.094,0.094,0.094,2.06,0.03,2.04,2.06,2.08,2.87,0.05,2.86,2.89,2.9,223.68,4.32,220.5,223.4,226.58,85.16,13.05,79.53,85.22,90.84,19.41,0.7,19.07,19.57,19.91,26.44,0.69,26.26,26.63,26.8,28.73,0.92,28.36,28.92,29.29,34.2,5.13,32.79,34.94,36.35,19.26,3.37,17.2,19.01,21.07,27.97,4.28,25.61,27.67,30.03,3.72,0.56,3.46,3.6,3.86,0.0,0.0,0.0,0.0,0.0,12.56,0.44,12.28,12.62,12.9,3.15,0.36,2.93,3.19,3.41,0.0,0.0,0.0,0.0,0.0,3.7,0.15,3.59,3.67,3.78,7.02,0.17,6.93,6.99,7.08,0.0,0.0,0.0,0.0,0.0,0.0,0.0,0.0,0.0,0.0,2.29,0.26,2.1,2.3,2.49,5.95,0.09,5.9,5.95,6.0,25.29,0.09,25.3,25.3,25.3,9.08,0.04,9.06,9.07,9.09,0.77,0.07,0.73,0.76,0.83,Softening/Solids contact clarifiers,1.5,mg/L,1020.0,Bench-Scale,GAC,RSSCT,4.3,115.29000091552734,False,
1020-3-15,18.28,1.63,17.15,18.45,19.23,9.22,0.12,9.16,9.23,9.27,0.14,0.02,0.14,0.15,0.15,22.53,3.22,21.39,22.53,23.66,,,,,,53.5,3.54,52.25,53.5,54.75,38.5,2.12,37.75,38.5,39.25,0.18,0.06,0.13,0.16,0.18,115.0,21.21,107.5,115.0,122.5,4.54,0.05,4.5,4.54,4.56,25.31,4.79,23.62,25.31,27.01,0.094,0.001,0.094,0.094,0.094,2.06,0.03,2.04,2.06,2.08,2.87,0.05,2.86,2.89,2.9,223.68,4.32,220.5,223.4,226.58,85.16,13.05,79.53,85.22,90.84,19.41,0.7,19.07,19.57,19.91,26.44,0.69,26.26,26.63,26.8,28.73,0.92,28.36,28.92,29.29,34.2,5.13,32.79,34.94,36.35,19.26,3.37,17.2,19.01,21.07,27.97,4.28,25.61,27.67,30.03,3.72,0.56,3.46,3.6,3.86,0.0,0.0,0.0,0.0,0.0,12.56,0.44,12.28,12.62,12.9,3.15,0.36,2.93,3.19,3.41,0.0,0.0,0.0,0.0,0.0,3.7,0.15,3.59,3.67,3.78,7.02,0.17,6.93,6.99,7.08,0.0,0.0,0.0,0.0,0.0,0.0,0.0,0.0,0.0,0.0,2.29,0.26,2.1,2.3,2.49,5.99,0.1,5.98,6.0,6.03,25.4,0.12,25.3,25.45,25.5,9.08,0.03,9.07,9.07,9.09,0.75,0.06,0.72,0.76,0.8,Softening/Solids contact clarifiers,170.0,mg/L,1020.0,Bench-Scale,GAC,RSSCT,4.3,115.29000091552734,False,2026-03-15
1020-3-5,18.28,1.63,17.15,18.45,19.23,9.22,0.12,9.16,9.23,9.27,0.14,0.02,0.14,0.15,0.15,22.53,3.22,21.39,22.53,23.66,,,,,,53.5,3.54,52.25,53.5,54.75,38.5,2.12,37.75,38.5,39.25,0.18,0.06,0.13,0.16,0.18,115.0,21.21,107.5,115.0,122.5,4.54,0.05,4.5,4.54,4.56,25.31,4.79,23.62,25.31,27.01,0.094,0.001,0.094,0.094,0.094,2.06,0.03,2.04,2.06,2.08,2.87,0.05,2.86,2.89,2.9,223.68,4.32,220.5,223.4,226.58,85.16,13.05,79.53,85.22,90.84,19.41,0.7,19.07,19.57,19.91,26.44,0.69,26.26,26.63,26.8,28.73,0.92,28.36,28.92,29.29,34.2,5.13,32.79,34.94,36.35,19.26,3.37,17.2,19.01,21.07,27.97,4.28,25.61,27.67,30.03,3.72,0.56,3.46,3.6,3.86,0.0,0.0,0.0,0.0,0.0,12.56,0.44,12.28,12.62,12.9,3.15,0.36,2.93,3.19,3.41,0.0,0.0,0.0,0.0,0.0,3.7,0.15,3.59,3.67,3.78,7.02,0.17,6.93,6.99,7.08,0.0,0.0,0.0,0.0,0.0,0.0,0.0,0.0,0.0,0.0,2.29,0.26,2.1,2.3,2.49,6.01,0.1,5.98,6.0,6.1,25.21,0.11,25.1,25.2,25.3,9.1,0.04,9.07,9.09,9.12,0.62,0.1,0.59,0.61,0.65,Softening/Solids contact clarifiers,170.0,mg/L,1020.0,Bench-Scale,GAC,RSSCT,4.3,115.29000091552734,False,2026-03-05
1021-1-ESNA1,21.46,5.2700000000000005,18.6,22.3,24.3,6.2,1.2,6.390000000000001,6.53,6.8,0.38,0.15,0.27,0.37,0.5,31.88,12.09,24.25,28.25,35.88,314.68,88.38,232.0,345.6,358.40000000000003,162.4,43.55,129.0,149.0,199.0,148.4,40.96,113.0,135.0,191.0,0.04,0.01,0.04,0.05,0.05,65.0,27.39,50.0,55.0,70.0,2.15,0.31,1.99,2.25,2.33,29.85,10.8,23.61,25.13,28.11,0.052,0.006,0.048,0.05,0.058,2.45,0.2,2.37,2.41,2.49,2.31,0.12,2.2,2.3000000000000003,2.35,128.1,18.79,119.0,127.0,128.0,47.67,10.33,42.18,42.19,46.61,23.06,5.96,19.16,21.39,25.29,28.36,6.38,24.01,26.9,31.25,37.55,6.890000000000001,33.12,36.64,41.06,28.94,7.74,24.8,26.7,27.8,14.1,2.38,12.7,13.7,13.7,4.63,0.93,4.07,5.11,5.2,0.0,0.0,0.0,0.0,0.0,0.0,0.0,0.0,0.0,0.0,11.63,2.77,9.64,11.17,13.16,10.11,2.28,9.05,9.54,10.59,0.72,1.44,0.0,0.0,0.72,0.61,0.71,0.0,0.53,1.14,5.3,0.66,4.86,5.26,5.71,0.0,0.0,0.0,0.0,0.0,1.69,0.15,1.57,1.67,1.79,7.5,0.8200000000000001,7.33,7.74,7.91,48.0,0.0,48.0,48.0,48.0,15.0,0.0,15.0,15.0,15.0,7.54,0.24,7.33,7.5,7.77,0.66,0.12,0.53,0.67,0.77,Lime softening,216.0,mg/L,1021.0,Pilot-Scale,Membrane,2-Stage Pilot,2.73,74.45999908447266,True,
1021-2-ESNA1,25.7,2.22,23.9,26.1,26.1,7.82,1.08,7.16,7.21,8.0,0.49,0.17,0.41,0.48,0.55,41.83,7.08,35.0,43.0,47.0,290.6,23.69,287.0,297.0,303.0,151.4,22.91,142.0,162.0,163.0,137.6,22.17,127.0,144.0,150.0,0.08,0.04,0.04,0.09,0.1,96.67,15.28,90.0,100.0,105.0,2.77,1.06,2.12,2.32,2.97,27.46,6.24,25.25,27.46,29.66,0.057,0.007,0.056,0.057,0.058,2.22,0.59,1.82,2.3000000000000003,2.7,2.0,0.52,1.5,2.0,2.3000000000000003,127.4,33.43,109.0,110.0,153.0,52.44,13.9,43.56,46.75,55.620000000000005,30.47,3.61,27.84,30.31,32.94,35.44,3.81,32.82,35.28,37.9,51.45,4.08,49.6,51.44,53.29,29.0,8.81,24.53,24.9,29.38,16.31,3.71,13.65,15.38,18.04,7.0,1.87,5.5600000000000005,6.69,8.13,0.13,0.25,0.0,0.0,0.13,8.17,9.66,1.57,5.64,12.25,11.2,2.34,10.1,11.3,12.4,7.31,4.36,5.95,8.84,10.2,2.2,2.5500000000000003,0.0,2.03,4.22,1.59,0.23,1.45,1.58,1.72,4.98,0.29,4.8,4.97,5.15,2.05,3.43,0.0,0.53,2.58,4.8500000000000005,2.65,3.28,4.62,6.19,9.1,2.06,7.930000000000001,8.83,9.99,48.0,0.0,48.0,48.0,48.0,20.0,0.0,20.0,20.0,20.0,8.0,0.0,8.0,8.0,8.0,0.85,0.19,0.72,0.95,1.0,Lime softening,216.0,mg/L,1021.0,Pilot-Scale,Membrane,2-Stage Pilot,2.73,74.45999908447266,True,
1021-3-ESNA1,12.6,7.12,8.3,8.5,17.7,6.82,0.93,6.25,6.75,6.93,0.43,0.18,0.3,0.45,0.6,41.17,6.83,37.5,40.0,44.25,281.6,47.62,275.0,284.0,300.0,150.20000000000002,52.2,112.0,153.0,174.5,126.65,43.54,98.4,119.0,147.25,0.19,0.22,0.06,0.12,0.13,66.5,32.74,48.75,60.0,81.0,2.76,0.8300000000000001,2.42,2.42,2.67,22.91,6.7700000000000005,19.94,24.34,26.59,0.062,0.003,0.06,0.061,0.065,2.36,0.49,2.4,2.43,2.48,2.74,0.32,2.5,2.9,3.0,121.75,39.1,101.0,131.0,151.75,42.23,10.36,33.02,46.73,47.22,25.35,5.5600000000000005,23.44,25.33,27.24,29.43,5.64,27.24,29.28,31.47,56.76,16.97,45.57,59.17,70.37,22.1,7.16,15.8,24.9,25.2,15.52,5.69,12.3,13.2,16.4,4.5,1.65,3.35,4.12,5.92,0.11,0.25,0.0,0.0,0.0,4.48,5.38,0.0,3.59,8.07,9.44,2.89,7.78,9.59,11.25,10.45,3.19,8.4,10.68,12.73,0.0,0.0,0.0,0.0,0.0,0.98,0.6900000000000001,0.8200000000000001,1.17,1.33,4.08,0.27,4.01,4.17,4.24,0.47,0.93,0.0,0.0,0.47,3.5500000000000003,2.83,2.48,3.66,4.73,23.32,18.42,7.83,21.46,36.95,48.0,0.0,48.0,48.0,48.0,15.0,0.0,15.0,15.0,15.0,8.0,0.0,8.0,8.0,8.0,0.64,0.13,0.5,0.65,0.77,Lime softening,216.0,mg/L,1021.0,Pilot-Scale,Membrane,2-Stage Pilot,2.73,74.45999908447266,True,
1021-4-ESNA1,7.52,4.17,4.5,6.5,8.8,6.67,0.28,6.59,6.59,6.8100000000000005,0.13,0.06,0.1,0.15,0.15,87.36,18.47,78.0,80.3,97.5,402.6,44.6,380.0,382.0,420.0,262.2,9.58,253.0,263.0,270.0,167.34,8.24,164.25,169.18,172.26,0.11,0.14,0.05,0.07,0.08,76.0,40.84,60.0,90.0,99.0,3.23,0.48,2.93,3.14,3.26,22.36,11.25,18.18,26.8,28.76,0.067,0.004,0.067,0.067,0.069,2.1,0.22,2.14,2.17,2.18,2.84,0.3,2.9,3.0,3.0,150.9,38.24,124.5,151.0,156.0,85.12,29.75,57.2,80.31,115.3,59.25,21.67,39.21,64.16,74.8,67.68,24.19,45.36,73.53,83.77,77.12,25.55,54.13,82.59,92.05,61.8,27.79,35.050000000000004,60.5,89.35000000000001,18.71,2.89,16.65,17.68,21.15,4.61,0.6900000000000001,4.07,4.8,4.88,0.0,0.0,0.0,0.0,0.0,0.0,0.0,0.0,0.0,0.0,38.51,20.2,18.75,46.15,53.1,20.02,2.33,19.18,19.35,21.7,0.0,0.0,0.0,0.0,0.0,0.73,0.6900000000000001,0.0,1.06,1.11,8.43,2.62,6.16,8.97,9.37,0.0,0.0,0.0,0.0,0.0,0.72,0.68,0.0,1.03,1.12,8.71,1.55,8.03,8.16,8.28,48.0,0.0,48.0,48.0,48.0,13.0,0.0,13.0,13.0,13.0,8.0,0.0,8.0,8.0,8.0,0.5700000000000001,0.08,0.5,0.55,0.6,Coagulation,18.0,mg/L,1021.0,Pilot-Scale,Membrane,2-Stage Pilot,2.73,74.45999908447266,False,
1022-1-10,19.67,0.58,19.5,20.0,20.0,6.28,0.02,6.28,6.29,6.3,0.65,0.12,0.58,0.59,0.69,7.6,0.42,7.45,7.6,7.75,,,,,,19.15,0.35,19.03,19.15,19.28,11.7,0.0,11.7,11.7,11.7,0.05,0.0,0.05,0.05,0.05,1120.0,537.4,930.0,1120.0,1310.0,2.84,0.01,2.83,2.84,2.84,395.4,190.94,327.89,395.4,462.9,0.048,0.005,0.046,0.047,0.05,1.62,0.08,1.6,1.62,1.64,2.62,0.08,2.59,2.62,2.66,,,,,,,,,,,,,,,,,,,,,,,,,,,,,,,,,,,,,,,,,,,,,,,,,,,,,,,,,,,,,0.0,0.0,0.0,0.0,0.0,,,,,,,,,,,,,,,,,,,,,,,,,,48.0,0.0,48.0,48.0,48.0,14.0,0.0,14.0,14.0,14.0,7.31,0.1,7.28,7.35,7.37,1.36,0.62,1.02,1.51,1.74,Coagulation,45.0,mg/L,1022.0,Bench-Scale,GAC,RSSCT,2.92,374.9400024414063,False,2026-01-10
1022-1-20,19.67,0.58,19.5,20.0,20.0,6.28,0.02,6.28,6.29,6.3,0.65,0.12,0.58,0.59,0.69,7.6,0.42,7.45,7.6,7.75,,,,,,19.15,0.35,19.03,19.15,19.28,11.7,0.0,11.7,11.7,11.7,0.05,0.0,0.05,0.05,0.05,1120.0,537.4,930.0,1120.0,1310.0,2.84,0.01,2.83,2.84,2.84,395.4,190.94,327.89,395.4,462.9,0.048,0.005,0.046,0.047,0.05,1.62,0.08,1.6,1.62,1.64,2.62,0.08,2.59,2.62,2.66,,,,,,,,,,,,,,,,,,,,,,,,,,,,,,,,,,,,,,,,,,,,,,,,,,,,,,,,,,,,,,,,,,,,,,,,,,,,,,,,,,,,,,,,,,,48.0,0.0,48.0,48.0,48.0,14.0,0.0,14.0,14.0,14.0,7.34,0.05,7.31,7.34,7.38,1.37,0.58,1.11,1.51,1.86,Coagulation,45.0,mg/L,1022.0,Bench-Scale,GAC,RSSCT,2.92,374.9400024414063,False,2026-01-20
1022-2-10,24.0,0.0,24.0,24.0,24.0,6.19,0.08,6.17,6.19,6.21,0.59,0.0,0.59,0.59,0.59,9.4,1.41,8.9,9.4,9.9,,,,,,22.65,0.78,22.38,22.65,22.93,13.5,0.14,13.45,13.5,13.55,0.05,0.0,0.05,0.05,0.05,189.5,225.57,109.75,189.5,269.25,3.15,0.26,3.08,3.15,3.21,58.26,68.32,34.1,58.26,82.41,0.057,0.006,0.056,0.057,0.059,1.81,0.04,1.8,1.81,1.82,3.47,0.17,3.42,3.47,3.51,,,,,,,,,,,,,,,,,,,,,,,,,,,,,,,,,,,,,,,,,,,,,,,,,,,,,,,,,,,,,,,,,,,,,,,,,,,,,,,,,,,,,,,,,,,48.0,0.0,48.0,48.0,48.0,20.0,0.0,20.0,20.0,20.0,7.28,0.06,7.24,7.29,7.32,0.88,0.39,0.55,1.0,1.1,Coagulation,45.0,mg/L,1022.0,Bench-Scale,GAC,RSSCT,2.92,374.9400024414063,False,2026-02-10
1022-2-20,23.33,1.15,23.0,24.0,24.0,6.14,0.09,6.1,6.15,6.19,0.63,0.07,0.61,0.63,0.64,8.9,0.71,8.65,8.9,9.15,,,,,,22.4,1.13,22.0,22.4,22.8,13.4,0.28,13.3,13.4,13.5,0.05,0.0,0.05,0.05,0.05,200.0,210.72,125.5,200.0,274.5,2.85,0.52,2.64,3.02,3.15,64.52,59.46,43.5,64.52,85.54,0.057,0.003,0.055,0.056,0.058,2.02,0.37,1.81,1.83,2.14,3.38,0.18,3.29,3.38,3.47,,,,,,,,,,,,,,,,,,,,,,,,,,,,,,,,,,,,,,,,,,,,,,,,,,,,,,,,,,,,,,,,,,,,,,,,,,,,,,,,,,,,,,,,,,,48.0,0.0,48.0,48.0,48.0,20.0,0.0,20.0,20.0,20.0,7.26,0.08,7.21,7.25,7.33,1.1,0.44,0.71,1.26,1.39,Coagulation,45.0,mg/L,1022.0,Bench-Scale,GAC,RSSCT,2.92,374.9400024414063,False,2026-02-20
1022-3-10,20.33,0.58,20.0,20.0,20.5,6.88,0.09,6.83,6.85,6.92,0.26,0.12,0.21,0.26,0.32,13.55,0.49,13.38,13.55,13.73,,,,,,24.4,0.0,24.4,24.4,24.4,13.15,0.07,13.13,13.15,13.18,0.05,0.0,0.05,0.05,0.05,91.0,1.41,90.5,91.0,91.5,2.88,0.09,2.82,2.84,2.91,32.26,0.26,32.17,32.26,32.35,0.056,0.003,0.055,0.057,0.058,1.94,0.08,1.9,1.94,1.98,3.12,0.07,3.08,3.09,3.15,281.67,22.55,270.0,280.0,292.5,110.37,8.81,107.75,115.3,115.45,50.13,5.85,46.9,48.6,52.6,61.13,6.83,57.4,59.6,64.1,86.1,18.4,81.5,86.1,90.7,59.0,6.56,56.0,60.0,62.5,34.0,2.65,32.5,33.0,35.0,16.0,1.0,15.5,16.0,16.5,1.37,0.21,1.25,1.3,1.45,1.73,1.58,1.05,2.1,2.6,20.67,2.08,19.5,20.0,21.5,23.67,4.16,22.0,25.0,26.0,1.13,0.15,1.05,1.1,1.2,2.93,0.31,2.8,3.0,3.1,11.0,1.0,10.5,11.0,11.5,0.0,0.0,0.0,0.0,0.0,5.7,0.0,5.7,5.7,5.7,19.33,2.89,18.5,21.0,21.0,48.0,0.0,48.0,48.0,48.0,27.0,0.0,27.0,27.0,27.0,7.3,0.06,7.26,7.29,7.33,1.26,0.46,0.87,1.22,1.45,Coagulation,45.0,mg/L,1022.0,Bench-Scale,GAC,RSSCT,2.92,374.9400024414063,False,2026-03-10
1022-3-20,20.33,0.58,20.0,20.0,20.5,6.88,0.09,6.83,6.85,6.92,0.26,0.12,0.21,0.26,0.32,13.55,0.49,13.38,13.55,13.73,,,,,,24.4,0.0,24.4,24.4,24.4,13.15,0.07,13.13,13.15,13.18,0.05,0.0,0.05,0.05,0.05,91.0,1.41,90.5,91.0,91.5,2.88,0.09,2.82,2.84,2.91,32.26,0.26,32.17,32.26,32.35,0.056,0.003,0.055,0.057,0.058,1.94,0.08,1.9,1.94,1.98,3.12,0.07,3.08,3.09,3.15,281.67,22.55,270.0,280.0,292.5,110.37,8.81,107.75,115.3,115.45,50.13,5.85,46.9,48.6,52.6,61.13,6.83,57.4,59.6,64.1,86.1,18.4,81.5,86.1,90.7,59.0,6.56,56.0,60.0,62.5,34.0,2.65,32.5,33.0,35.0,16.0,1.0,15.5,16.0,16.5,1.37,0.21,1.25,1.3,1.45,1.73,1.58,1.05,2.1,2.6,20.67,2.08,19.5,20.0,21.5,23.67,4.16,22.0,25.0,26.0,1.13,0.15,1.05,1.1,1.2,2.93,0.31,2.8,3.0,3.1,11.0,1.0,10.5,11.0,11.5,0.0,0.0,0.0,0.0,0.0,5.7,0.0,5.7,5.7,5.7,19.33,2.89,18.5,21.0,21.0,48.0,0.0,48.0,48.0,48.0,27.0,0.0,27.0,27.0,27.0,7.28,0.07,7.23,7.28,7.33,1.26,0.34,1.09,1.25,1.34,Coagulation,45.0,mg/L,1022.0,Bench-Scale,GAC,RSSCT,2.92,374.9400024414063,False,2026-03-20
1022-4-10,22.67,0.58,22.5,23.0,23.0,6.76,0.07,6.73,6.78,6.8,0.83,0.08,0.79,0.83,0.87,15.35,0.07,15.33,15.35,15.38,,,,,,21.7,0.0,21.7,21.7,21.7,12.9,0.0,12.9,12.9,12.9,0.05,0.0,0.05,0.05,0.05,94.0,2.83,93.0,94.0,95.0,2.99,0.02,2.97,2.98,3.0,31.44,1.3,30.98,31.44,31.9,0.064,0.004,0.062,0.064,0.066,2.13,0.13,2.07,2.16,2.2,3.27,0.13,3.2,3.2,3.31,275.0,18.03,265.0,270.0,282.5,80.67,2.52,79.5,81.0,82.0,46.27,5.44,43.75,47.0,49.15,56.5,5.7,54.1,58.0,59.65,83.67,8.11,80.05,85.2,88.05,43.33,2.08,42.5,44.0,44.5,26.0,1.0,25.5,26.0,26.5,11.33,1.15,11.0,12.0,12.0,0.0,0.0,0.0,0.0,0.0,2.13,0.15,2.05,2.1,2.2,16.67,1.53,16.0,17.0,17.5,25.0,4.0,23.0,25.0,27.0,0.0,0.0,0.0,0.0,0.0,2.47,0.25,2.35,2.5,2.6,10.23,0.68,9.85,10.0,10.5,0.0,0.0,0.0,0.0,0.0,6.17,0.45,5.95,6.2,6.4,21.0,2.0,20.0,21.0,22.0,48.0,0.0,48.0,48.0,48.0,15.0,0.0,15.0,15.0,15.0,7.34,0.06,7.31,7.34,7.4,1.92,0.71,1.42,1.74,2.14,Coagulation,45.0,mg/L,1022.0,Bench-Scale,GAC,RSSCT,2.92,374.9400024414063,False,2026-04-10
1022-4-20,22.67,0.58,22.5,23.0,23.0,6.76,0.07,6.73,6.78,6.8,0.83,0.08,0.79,0.83,0.87,15.35,0.07,15.33,15.35,15.38,,,,,,21.7,0.0,21.7,21.7,21.7,12.9,0.0,12.9,12.9,12.9,0.05,0.0,0.05,0.05,0.05,94.0,2.83,93.0,94.0,95.0,2.99,0.02,2.97,2.98,3.0,31.44,1.3,30.98,31.44,31.9,0.064,0.004,0.062,0.064,0.066,2.13,0.13,2.07,2.16,2.2,3.27,0.13,3.2,3.2,3.31,275.0,18.03,265.0,270.0,282.5,80.67,2.52,79.5,81.0,82.0,46.27,5.44,43.75,47.0,49.15,56.5,5.7,54.1,58.0,59.65,83.67,8.11,80.05,85.2,88.05,43.33,2.08,42.5,44.0,44.5,26.0,1.0,25.5,26.0,26.5,11.33,1.15,11.0,12.0,12.0,0.0,0.0,0.0,0.0,0.0,2.13,0.15,2.05,2.1,2.2,16.67,1.53,16.0,17.0,17.5,25.0,4.0,23.0,25.0,27.0,0.0,0.0,0.0,0.0,0.0,2.47,0.25,2.35,2.5,2.6,10.23,0.68,9.85,10.0,10.5,0.0,0.0,0.0,0.0,0.0,6.17,0.45,5.95,6.2,6.4,21.0,2.0,20.0,21.0,22.0,48.0,0.0,48.0,48.0,48.0,15.0,0.0,15.0,15.0,15.0,7.36,0.06,7.32,7.37,7.4,1.99,0.74,1.6,1.84,2.01,Coagulation,45.0,mg/L,1022.0,Bench-Scale,GAC,RSSCT,2.92,374.9400024414063,False,2026-04-20
1023-1-10,25.71,1.41,25.03,25.75,26.68,7.48,0.07,7.45,7.47,7.52,0.06,0.06,0.02,0.03,0.09,222.47,4.81,219.75,222.0,227.0,,,,,,239.69,12.91,237.0,241.0,246.38,215.63,10.06,212.75,215.5,222.0,0.4,0.14,0.17,0.27,0.4,31.47,12.55,26.0,29.0,31.0,3.31,0.28,3.15,3.26,3.42,9.61,3.7,7.78,8.92,10.06,0.139,0.013,0.131,0.135,0.146,4.23,0.48,3.94,4.28,4.63,3.46,0.65,3.18,3.4,3.96,335.75,31.12,318.5,341.0,357.38,72.98,27.72,61.5,68.1,78.65,92.65,33.91,75.75,88.0,115.45,95.54,34.02,78.35,91.7,118.75,,,,,,65.04,23.65,52.5,64.0,76.0,10.56,2.34,11.0,11.0,11.75,0.78,0.61,0.0,1.1,1.2,0.0,0.0,0.0,0.0,0.0,10.2,13.01,2.95,6.1,11.95,22.32,4.83,20.5,23.0,25.0,57.11,22.03,43.0,50.25,70.0,0.0,0.0,0.0,0.0,0.0,0.0,0.0,0.0,0.0,0.0,2.74,1.17,1.95,2.65,3.18,,,,,,,,,,,,,,,,24.0,0.0,24.0,24.0,24.0,24.42,0.8,23.85,24.5,24.91,7.83,0.1,7.79,7.84,7.89,1.69,0.65,1.31,1.65,1.95,UV disinfection,,,1023.0,Pilot-Scale,GAC,Pilot Columns,3.31,31.46999931335449,False,2026-01-10
1023-1-20,25.71,1.41,25.03,25.75,26.68,7.48,0.07,7.45,7.47,7.52,0.06,0.06,0.02,0.03,0.09,222.47,4.81,219.75,222.0,227.0,,,,,,239.69,12.91,237.0,241.0,246.38,215.63,10.06,212.75,215.5,222.0,0.4,0.14,0.17,0.27,0.4,31.47,12.55,26.0,29.0,31.0,3.31,0.28,3.15,3.26,3.42,9.61,3.7,7.78,8.92,10.06,0.139,0.013,0.131,0.135,0.146,4.23,0.48,3.94,4.28,4.63,3.46,0.65,3.18,3.4,3.96,335.75,31.12,318.5,341.0,357.38,72.98,27.72,61.5,68.1,78.65,92.65,33.91,75.75,88.0,115.45,95.54,34.02,78.35,91.7,118.75,,,,,,65.04,23.65,52.5,64.0,76.0,10.56,2.34,11.0,11.0,11.75,0.78,0.61,0.0,1.1,1.2,0.0,0.0,0.0,0.0,0.0,10.2,13.01,2.95,6.1,11.95,22.32,4.83,20.5,23.0,25.0,57.11,22.03,43.0,50.25,70.0,0.0,0.0,0.0,0.0,0.0,0.0,0.0,0.0,0.0,0.0,2.74,1.17,1.95,2.65,3.18,,,,,,,,,,,,,,,,24.0,0.0,24.0,24.0,24.0,24.45,0.76,23.85,24.5,24.98,7.85,0.11,7.81,7.87,7.9,1.48,0.63,1.1,1.42,1.78,UV disinfection,,,1023.0,Pilot-Scale,GAC,Pilot Columns,3.31,31.46999931335449,False,2026-01-20
1024-1-B22,13.12,2.4,11.65,13.25,14.72,6.93,0.67,6.92,7.26,7.27,1.5,0.45,1.27,1.6,1.82,26.25,11.66,22.12,26.25,30.37,235.5,0.0,235.5,235.5,235.5,179.33,26.63,168.0,186.0,194.0,161.75,54.18,128.75,156.5,189.5,0.11,0.02,0.09,0.1,0.11,76.66,25.16,65.0,80.0,90.0,2.43,0.37,2.23,2.38,2.59,34.28,12.44,29.59,39.02,41.34,0.057,0.0,0.05,0.05,0.05,2.0,0.13,2.32,2.39,2.41,1.93,0.41,1.76,1.87,2.05,101.83,22.38,90.0,99.0,112.25,21.61,0.96,21.27,21.61,21.95,15.75,4.53,14.15,15.75,17.35,18.74,4.82,17.03,18.74,20.45,24.37,5.3100000000000005,22.49,24.37,26.25,9.59,1.42,9.09,9.59,10.09,7.2,0.05,7.18,7.2,7.22,4.8100000000000005,0.51,4.63,4.8100000000000005,4.99,0.0,0.0,0.0,0.0,0.0,1.51,2.13,0.75,1.51,2.26,8.51,1.69,7.91,8.51,9.11,5.73,0.7000000000000001,5.48,5.73,5.98,0.0,0.0,0.0,0.0,0.0,0.0,0.0,0.0,0.0,0.0,2.99,0.29,2.88,2.99,3.09,0.0,0.0,0.0,0.0,0.0,1.06,0.02,1.05,1.06,1.07,4.57,0.45,4.41,4.57,4.73,48.0,0.0,48.0,48.0,48.0,7.0,0.0,7.0,7.0,7.0,7.16,0.12,7.0600000000000005,7.13,7.27,0.6,0.17,0.5,0.5,0.63,Lime softening,216.0,mg/L,1024.0,Bench-Scale,Membrane,SEBST,2.31,78.0,True,
1024-1-ESNA1,7.05,0.46,6.82,6.95,7.17,6.21,0.75,5.8,6.33,6.73,1.46,1.47,0.31,1.17,2.32,21.07,4.65,18.75,19.15,21.47,222.5,0.0,222.5,222.5,222.5,173.0,18.7,172.0,181.5,182.5,124.07,14.59,113.72,123.15,133.5,,,,,,81.66,33.29,67.5,90.0,100.0,1.99,0.08,1.93,1.99,2.05,40.56,16.22,34.65,47.24,49.81,0.047,0.0,0.04,0.04,0.04,2.0,0.15,2.24,2.25,2.38,1.66,0.35,1.56,1.8,1.9,65.83,14.86,59.0,68.0,73.75,25.25,3.99,23.84,25.25,26.66,11.57,2.71,10.05,10.69,12.65,14.52,3.02,12.82,13.51,15.71,17.7,2.75,16.62,18.65,19.25,8.68,0.52,8.49,8.68,8.86,8.78,0.62,8.56,8.78,9.0,7.13,1.91,6.45,7.13,7.81,0.65,0.92,0.32,0.65,0.98,0.0,0.0,0.0,0.0,0.0,3.75,2.52,3.41,4.89,5.23,5.24,1.14,4.64,5.12,5.78,1.23,2.46,0.0,0.0,1.23,1.06,1.53,0.0,0.51,1.57,2.69,0.56,2.51,2.76,2.94,0.0,0.0,0.0,0.0,0.0,0.5700000000000001,0.75,0.0,0.36,0.94,1.8,2.28,0.0,1.23,3.04,48.0,0.0,48.0,48.0,48.0,7.0,0.0,7.0,7.0,7.0,7.52,0.32,7.33,7.47,7.85,0.61,0.12,0.5,0.6,0.68,Lime softening,216.0,mg/L,1024.0,Bench-Scale,Membrane,SEBST,2.31,78.0,True,
1024-1-MS,11.12,4.41,7.52,10.9,14.5,7.21,0.99,6.74,7.32,7.78,1.34,0.41,1.12,1.29,1.51,27.75,9.54,24.37,27.75,31.12,222.5,0.0,222.5,222.5,222.5,193.66,8.02,189.5,193.0,197.5,177.37,55.48,140.75,157.75,194.37,0.1,0.03,0.09,0.12,0.12,55.0,7.07,52.5,55.0,57.5,2.44,0.34,2.2,2.35,2.59,23.59,4.8500000000000005,21.87,23.59,25.31,0.055,0.01,0.04,0.05,0.05,2.0,0.12,2.13,2.2,2.29,1.93,0.41,1.76,1.87,2.05,101.83,22.38,90.0,99.0,112.25,21.61,0.96,21.27,21.61,21.95,15.75,4.53,14.15,15.75,17.35,18.74,4.82,17.03,18.74,20.45,27.49,9.71,24.05,27.49,30.92,9.59,1.42,9.09,9.59,10.09,7.2,0.05,7.18,7.2,7.22,4.8100000000000005,0.51,4.63,4.8100000000000005,4.99,0.0,0.0,0.0,0.0,0.0,1.51,2.13,0.75,1.51,2.26,8.51,1.69,7.91,8.51,9.11,5.73,0.7000000000000001,5.48,5.73,5.98,0.0,0.0,0.0,0.0,0.0,0.0,0.0,0.0,0.0,0.0,2.99,0.29,2.88,2.99,3.09,3.11,4.4,1.55,3.11,4.67,1.06,0.02,1.05,1.06,1.07,4.57,0.45,4.41,4.57,4.73,48.0,0.0,48.0,48.0,48.0,7.0,0.0,7.0,7.0,7.0,7.16,0.11,7.0600000000000005,7.13,7.25,0.65,0.15,0.52,0.62,0.7000000000000001,Lime softening,216.0,mg/L,1024.0,Bench-Scale,Membrane,SEBST,2.31,78.0,True,
1024-1-NF200B,8.15,0.26,7.97,8.1,8.27,7.07,1.26,6.28,6.6000000000000005,7.38,0.96,0.91,0.43,0.65,1.17,21.31,8.89,16.06,23.0,28.25,235.5,0.0,235.5,235.5,235.5,175.75,35.34,159.75,177.0,193.0,126.02,32.47,100.27,121.75,147.5,,,,,,98.33,20.2,87.5,95.0,107.5,1.97,0.1,1.95,2.01,2.03,50.09,10.42,45.44,52.05,55.73,0.047,0.0,0.04,0.04,0.04,2.0,0.26,2.26,2.32,2.51,2.08,0.25,2.07,2.2,2.21,67.16,19.97,56.0,61.0,75.25,24.44,0.93,24.07,24.75,24.96,11.72,3.94,9.45,9.66,12.96,15.77,6.33,12.12,12.42,17.75,19.2,5.5,16.14,17.59,21.46,10.59,1.39,9.78,9.9,11.05,7.8,1.59,6.99,7.72,8.58,5.87,0.86,5.5,6.07,6.34,0.16,0.29,0.0,0.0,0.25,0.0,0.0,0.0,0.0,0.0,3.75,2.56,3.17,4.73,5.3,5.38,1.49,4.5600000000000005,5.01,6.0200000000000005,1.36,2.73,0.0,0.0,1.36,0.94,1.88,0.0,0.0,0.94,3.5500000000000003,2.18,2.45,2.67,3.77,0.0,0.0,0.0,0.0,0.0,0.88,1.09,0.0,0.63,1.51,1.69,2.16,0.0,1.13,2.83,48.0,0.0,48.0,48.0,48.0,7.0,0.0,7.0,7.0,7.0,7.54,0.2,7.38,7.46,7.72,0.56,0.12,0.5,0.5,0.53,Lime softening,216.0,mg/L,1024.0,Bench-Scale,Membrane,SEBST,2.31,78.0,True,
1024-2-B22,24.0,1.7,22.75,23.85,25.1,6.5600000000000005,0.33,6.34,6.55,6.76,1.16,0.97,0.5700000000000001,0.77,1.36,17.05,4.33,14.92,17.25,19.37,235.5,18.37,229.87,235.5,241.12,151.62,19.61,138.75,144.25,157.12,138.62,23.04,124.25,132.25,146.62,0.04,0.01,0.04,0.04,0.05,67.5,12.58,65.0,70.0,72.5,2.17,0.51,1.82,2.06,2.41,31.93,7.87,28.17,30.12,33.88,0.053,0.0,0.05,0.05,0.05,2.0,0.48,2.23,2.43,2.72,2.28,0.17,2.17,2.27,2.38,117.37,16.55,104.5,114.25,127.12,43.96,3.6,42.36,43.71,45.31,31.61,10.5,26.75,30.27,35.13,38.04,11.32,31.99,36.46,42.51,49.26,13.95,39.9,46.82,56.18,27.88,1.77,26.82,28.17,29.23,12.26,2.5,11.69,12.9,13.46,3.81,1.69,2.89,4.09,5.01,0.0,0.0,0.0,0.0,0.0,1.44,1.7,0.0,1.23,2.67,15.42,4.25,13.72,14.65,16.35,13.96,5.14,11.95,13.75,15.76,0.13,0.26,0.0,0.0,0.13,0.64,0.74,0.0,0.64,1.29,6.43,1.18,5.67,6.61,7.37,0.0,0.0,0.0,0.0,0.0,1.61,1.2,1.13,1.82,2.31,9.6,2.65,7.53,9.1,11.17,48.0,0.0,48.0,48.0,48.0,15.0,0.0,15.0,15.0,15.0,7.54,0.16,7.45,7.49,7.61,0.68,0.14,0.53,0.7000000000000001,0.8,Lime softening,216.0,mg/L,1024.0,Bench-Scale,Membrane,SEBST,2.31,78.0,True,
1024-2-ESNA1,15.7,2.9,13.77,14.6,16.52,6.47,0.61,6.37,6.640000000000001,6.74,0.61,0.28,0.38,0.5700000000000001,0.8,33.12,16.25,25.0,25.0,33.12,222.5,0.0,222.5,222.5,222.5,187.25,16.19,174.75,187.0,199.5,167.0,24.28,153.25,166.5,180.25,0.05,0.0,0.04,0.05,0.05,88.33,7.63,85.0,90.0,92.5,2.65,0.37,2.49,2.57,2.74,33.77,8.24,29.91,34.74,38.11,0.06,0.0,0.05,0.05,0.06,2.0,0.14,2.14,2.25,2.37,2.1,0.21,2.02,2.15,2.22,126.75,14.29,122.75,129.5,133.5,40.84,4.01,37.51,40.16,43.48,20.67,5.8100000000000005,17.87,19.08,21.88,25.74,6.7700000000000005,22.41,23.87,27.2,35.31,9.54,30.2,32.61,37.73,22.87,4.12,19.97,21.9,24.8,12.93,0.8,12.45,12.95,13.43,5.03,0.78,4.92,5.3100000000000005,5.41,0.0,0.0,0.0,0.0,0.0,0.0,0.0,0.0,0.0,0.0,10.31,2.73,9.02,9.63,10.93,9.75,3.59,7.66,8.85,10.95,0.0,0.0,0.0,0.0,0.0,0.59,0.68,0.0,0.58,1.18,5.07,0.96,4.54,4.79,5.3100000000000005,0.0,0.0,0.0,0.0,0.0,1.82,0.44,1.5,1.68,2.0,7.75,2.35,6.28,7.05,8.52,48.0,0.0,48.0,48.0,48.0,13.0,0.0,13.0,13.0,13.0,7.29,0.06,7.23,7.3,7.34,0.65,0.13,0.51,0.67,0.7000000000000001,Lime softening,216.0,mg/L,1024.0,Bench-Scale,Membrane,SEBST,2.31,78.0,True,
1024-2-MS,24.3,1.89,23.12,24.1,25.27,6.63,0.93,6.21,6.86,7.28,1.16,0.97,0.5700000000000001,0.77,1.36,17.05,4.33,14.92,17.25,19.37,222.5,13.47,218.37,222.5,226.62,151.12,20.1,138.25,144.25,157.12,138.62,23.04,124.25,132.25,146.62,0.04,0.01,0.04,0.04,0.05,67.5,12.58,65.0,70.0,72.5,2.17,0.51,1.82,2.06,2.41,31.93,7.87,28.17,30.12,33.88,0.053,0.0,0.05,0.05,0.05,2.0,0.48,2.23,2.43,2.72,2.28,0.17,2.17,2.27,2.38,117.12,16.81,103.75,113.75,127.12,44.2,3.54,43.11,44.21,45.29,31.61,10.5,26.75,30.27,35.13,38.04,11.32,31.99,36.46,42.51,49.26,13.95,39.9,46.82,56.18,27.87,1.76,26.82,28.15,29.2,12.51,2.61,11.99,13.4,13.91,3.81,1.69,2.89,4.09,5.01,0.0,0.0,0.0,0.0,0.0,1.44,1.7,0.0,1.23,2.67,15.42,4.25,13.72,14.65,16.35,13.96,5.14,11.95,13.75,15.76,0.13,0.26,0.0,0.0,0.13,0.64,0.74,0.0,0.64,1.29,6.43,1.18,5.67,6.61,7.37,0.0,0.0,0.0,0.0,0.0,1.61,1.2,1.13,1.82,2.31,9.6,2.65,7.53,9.1,11.17,48.0,0.0,48.0,48.0,48.0,15.0,0.0,15.0,15.0,15.0,7.48,0.17,7.34,7.4,7.6,0.74,0.16,0.61,0.77,0.9,Lime softening,216.0,mg/L,1024.0,Bench-Scale,Membrane,SEBST,2.31,78.0,True,
1024-2-NF200B,15.95,1.55,14.8,15.45,16.6,6.63,1.48,5.8100000000000005,5.98,6.8,0.56,0.21,0.38,0.5700000000000001,0.75,34.87,15.44,25.0,28.5,38.37,235.5,0.0,235.5,235.5,235.5,195.75,13.52,192.5,201.0,204.25,174.75,15.86,167.0,172.5,180.25,0.06,0.01,0.04,0.05,0.07,88.33,7.63,85.0,90.0,92.5,2.64,0.38,2.45,2.5500000000000003,2.74,33.77,8.24,29.91,34.74,38.11,0.059,0.0,0.05,0.05,0.06,2.0,0.28,2.22,2.37,2.39,2.1,0.21,2.02,2.15,2.22,126.75,14.29,122.75,129.5,133.5,40.84,4.01,37.51,40.16,43.48,20.67,5.8100000000000005,17.87,19.08,21.88,25.74,6.7700000000000005,22.41,23.87,27.2,35.31,9.54,30.2,32.61,37.73,22.87,4.12,19.97,21.9,24.8,12.93,0.8,12.45,12.95,13.43,5.03,0.78,4.92,5.3100000000000005,5.41,0.0,0.0,0.0,0.0,0.0,0.0,0.0,0.0,0.0,0.0,10.31,2.73,9.02,9.63,10.93,9.75,3.59,7.66,8.85,10.95,0.0,0.0,0.0,0.0,0.0,0.59,0.68,0.0,0.58,1.18,5.07,0.96,4.54,4.79,5.3100000000000005,0.0,0.0,0.0,0.0,0.0,1.82,0.44,1.5,1.68,2.0,7.75,2.35,6.28,7.05,8.52,48.0,0.0,48.0,48.0,48.0,13.0,0.0,13.0,13.0,13.0,7.27,0.05,7.22,7.26,7.29,0.63,0.14,0.5,0.6,0.7000000000000001,Lime softening,216.0,mg/L,1024.0,Bench-Scale,Membrane,SEBST,2.31,78.0,True,
1025-1-10,20.0,1.0,19.5,20.0,20.5,7.06,0.3,6.89,6.9,7.15,0.18,0.05,0.16,0.2,0.21,17.5,3.54,16.25,17.5,18.75,,,,,,75.25,1.77,74.63,75.25,75.88,65.25,1.77,64.63,65.25,65.88,0.01,0.0,0.01,0.01,0.01,15.5,7.78,12.75,15.5,18.25,3.5,0.26,3.4,3.6,3.65,4.67,2.68,3.72,4.67,5.62,0.058,0.005,0.056,0.06,0.061,1.65,0.04,1.62,1.63,1.66,3.34,0.22,3.25,3.4,3.46,175.5,48.67,148.5,162.0,195.75,47.09,7.57,43.94,49.17,51.29,57.87,21.03,47.07,56.67,68.07,59.27,20.11,49.17,59.09,69.28,59.76,19.38,49.91,59.09,69.28,41.57,3.74,39.45,40.2,43.0,5.53,4.83,3.81,7.61,8.29,0.0,0.0,0.0,0.0,0.0,0.0,0.0,0.0,0.0,0.0,3.69,0.99,3.25,3.87,4.23,32.3,16.45,23.1,27.2,38.95,18.2,3.7,16.3,18.0,20.0,3.26,3.11,1.8,3.6,4.9,0.42,0.72,0.0,0.0,0.63,1.4,1.25,0.89,1.78,2.1,0.0,0.0,0.0,0.0,0.0,0.0,0.0,0.0,0.0,0.0,0.49,0.85,0.0,0.0,0.74,26.0,0.0,26.0,26.0,26.0,21.0,0.0,21.0,21.0,21.0,8.5,0.0,8.5,8.5,8.5,0.66,0.14,0.56,0.63,0.75,Carbon contact,18.0,mg/L,1025.0,Bench-Scale,GAC,RSSCT,3.46,29.3799991607666,False,2026-01-10
1025-1-20,20.0,1.0,19.5,20.0,20.5,7.06,0.3,6.89,6.9,7.15,0.18,0.05,0.16,0.2,0.21,17.5,3.54,16.25,17.5,18.75,,,,,,75.25,1.77,74.63,75.25,75.88,65.25,1.77,64.63,65.25,65.88,0.01,0.0,0.01,0.01,0.01,15.5,7.78,12.75,15.5,18.25,3.5,0.26,3.4,3.6,3.65,4.67,2.68,3.72,4.67,5.62,0.058,0.005,0.056,0.06,0.061,1.65,0.04,1.62,1.63,1.66,3.21,0.27,3.06,3.1,3.31,175.5,48.67,148.5,162.0,195.75,47.09,7.57,43.94,49.17,51.29,58.26,20.46,47.66,56.67,68.07,59.66,19.53,49.76,59.09,69.28,60.15,18.81,50.5,59.09,69.28,41.57,3.74,39.45,40.2,43.0,5.53,4.83,3.81,7.61,8.29,0.0,0.0,0.0,0.0,0.0,0.0,0.0,0.0,0.0,0.0,3.69,0.99,3.25,3.87,4.23,32.3,16.45,23.1,27.2,38.95,18.2,3.7,16.3,18.0,20.0,3.65,2.51,2.39,3.6,4.9,0.42,0.72,0.0,0.0,0.63,1.4,1.25,0.89,1.78,2.1,0.0,0.0,0.0,0.0,0.0,0.0,0.0,0.0,0.0,0.0,0.49,0.85,0.0,0.0,0.74,26.0,0.0,26.0,26.0,26.0,21.0,0.0,21.0,21.0,21.0,8.5,0.0,8.5,8.5,8.5,0.66,0.14,0.51,0.65,0.8,Carbon contact,18.0,mg/L,1025.0,Bench-Scale,GAC,RSSCT,3.46,29.3799991607666,False,2026-01-20
1025-2-10,25.93,1.79,24.9,25.0,26.5,7.27,0.49,6.99,7.0,7.42,0.37,0.05,0.34,0.36,0.39,19.0,1.41,18.5,19.0,19.5,,,,,,73.0,1.41,72.5,73.0,73.5,64.75,1.77,64.13,64.75,65.38,0.01,0.0,0.01,0.01,0.01,40.0,1.41,39.5,40.0,40.5,2.8,0.07,2.77,2.82,2.84,14.09,0.64,13.86,14.09,14.31,0.05,0.003,0.049,0.051,0.052,1.77,0.08,1.74,1.78,1.81,2.48,0.62,2.13,2.15,2.68,196.5,3.0,195.0,196.5,198.0,56.63,16.39,47.18,47.83,61.69,57.05,7.55,53.26,56.99,60.81,60.92,10.66,56.06,62.59,66.62,63.45,11.08,58.52,65.57,69.45,41.41,14.67,32.94,33.34,45.84,11.79,1.25,11.07,11.2,12.21,3.44,0.48,3.17,3.29,3.64,0.0,0.0,0.0,0.0,0.0,4.38,0.62,4.17,4.65,4.74,16.8,14.69,11.57,23.14,25.2,26.39,21.26,14.5,19.79,34.98,8.61,1.94,7.53,7.98,9.39,0.87,0.75,0.63,1.26,1.3,3.87,3.36,2.8,5.6,5.81,0.0,0.0,0.0,0.0,0.0,0.0,0.0,0.0,0.0,0.0,2.53,0.53,2.31,2.67,2.83,26.0,0.0,26.0,26.0,26.0,21.0,0.0,21.0,21.0,21.0,8.5,0.0,8.5,8.5,8.5,0.73,0.29,0.51,0.79,0.81,Carbon contact,3.5,mg/L,1025.0,Bench-Scale,GAC,RSSCT,3.46,29.3799991607666,False,2026-02-10
1025-2-20,25.93,1.79,24.9,25.0,26.5,7.27,0.49,6.99,7.0,7.42,0.37,0.05,0.34,0.36,0.39,19.0,1.41,18.5,19.0,19.5,,,,,,73.0,1.41,72.5,73.0,73.5,64.75,1.77,64.13,64.75,65.38,0.01,0.0,0.01,0.01,0.01,40.0,1.41,39.5,40.0,40.5,2.8,0.07,2.77,2.82,2.84,14.09,0.64,13.86,14.09,14.31,0.05,0.003,0.049,0.051,0.052,1.77,0.08,1.74,1.78,1.81,2.48,0.62,2.13,2.15,2.68,196.5,3.0,195.0,196.5,198.0,56.63,16.39,47.18,47.83,61.69,57.05,7.55,53.26,56.99,60.81,60.92,10.66,56.06,62.59,66.62,63.45,11.08,58.52,65.57,69.45,41.41,14.67,32.94,33.34,45.84,11.79,1.25,11.07,11.2,12.21,3.44,0.48,3.17,3.29,3.64,0.0,0.0,0.0,0.0,0.0,4.38,0.62,4.17,4.65,4.74,16.8,14.69,11.57,23.14,25.2,26.39,21.26,14.5,19.79,34.98,8.61,1.94,7.53,7.98,9.39,0.87,0.75,0.63,1.26,1.3,3.87,3.36,2.8,5.6,5.81,0.0,0.0,0.0,0.0,0.0,0.0,0.0,0.0,0.0,0.0,2.53,0.53,2.31,2.67,2.83,26.0,0.0,26.0,26.0,26.0,21.0,0.0,21.0,21.0,21.0,8.5,0.0,8.5,8.5,8.5,0.72,0.33,0.48,0.63,0.84,Carbon contact,3.5,mg/L,1025.0,Bench-Scale,GAC,RSSCT,3.46,29.3799991607666,False,2026-02-20
1025-3-10,21.67,0.29,21.5,21.5,21.75,6.61,0.09,6.58,6.64,6.66,0.42,0.1,0.38,0.43,0.47,35.5,20.51,28.25,35.5,42.75,,,,,,115.0,29.7,104.5,115.0,125.5,98.0,19.8,91.0,98.0,105.0,0.01,0.0,0.01,0.01,0.01,40.0,0.0,40.0,40.0,40.0,4.26,0.57,3.99,4.29,4.56,8.81,0.72,8.56,8.81,9.07,0.071,0.01,0.067,0.073,0.077,1.67,0.02,1.66,1.66,1.68,4.97,0.35,4.78,4.89,5.12,255.0,68.51,220.5,254.0,289.0,77.17,17.27,67.96,74.55,85.08,63.6,7.59,60.51,65.89,67.84,68.05,8.22,64.65,70.37,72.62,70.08,7.64,67.69,74.1,74.48,60.74,15.51,52.29,57.39,67.53,13.76,1.5,13.26,14.48,14.63,2.66,0.52,2.41,2.68,2.93,0.0,0.0,0.0,0.0,0.0,4.72,2.61,3.34,4.4,5.94,31.12,12.84,23.72,24.07,35.01,22.71,8.0,18.7,22.67,26.7,5.04,3.6,3.16,4.69,6.75,0.0,0.0,0.0,0.0,0.0,4.45,0.64,4.14,4.48,4.78,0.0,0.0,0.0,0.0,0.0,0.0,0.0,0.0,0.0,0.0,2.03,1.89,1.18,2.35,3.04,26.0,0.0,26.0,26.0,26.0,22.0,0.0,22.0,22.0,22.0,8.0,0.0,8.0,8.0,8.0,0.9,0.53,0.43,0.77,1.22,Carbon contact,3.0,mg/L,1025.0,Bench-Scale,GAC,RSSCT,3.46,29.3799991607666,False,2026-03-10
1025-3-20,21.67,0.29,21.5,21.5,21.75,6.61,0.09,6.58,6.64,6.66,0.42,0.1,0.38,0.43,0.47,35.5,20.51,28.25,35.5,42.75,,,,,,115.0,29.7,104.5,115.0,125.5,98.0,19.8,91.0,98.0,105.0,0.01,0.0,0.01,0.01,0.01,40.0,0.0,40.0,40.0,40.0,4.26,0.57,3.99,4.29,4.56,8.81,0.72,8.56,8.81,9.07,0.071,0.01,0.067,0.073,0.077,1.67,0.02,1.66,1.66,1.68,4.97,0.35,4.78,4.89,5.12,255.0,68.51,220.5,254.0,289.0,77.17,17.27,67.96,74.55,85.08,63.6,7.59,60.51,65.89,67.84,68.05,8.22,64.65,70.37,72.62,70.08,7.64,67.69,74.1,74.48,60.74,15.51,52.29,57.39,67.53,13.76,1.5,13.26,14.48,14.63,2.66,0.52,2.41,2.68,2.93,0.0,0.0,0.0,0.0,0.0,4.72,2.61,3.34,4.4,5.94,31.12,12.84,23.72,24.07,35.01,22.71,8.0,18.7,22.67,26.7,5.04,3.6,3.16,4.69,6.75,0.0,0.0,0.0,0.0,0.0,4.45,0.64,4.14,4.48,4.78,0.0,0.0,0.0,0.0,0.0,0.0,0.0,0.0,0.0,0.0,2.03,1.89,1.18,2.35,3.04,26.0,0.0,26.0,26.0,26.0,22.0,0.0,22.0,22.0,22.0,8.0,0.0,8.0,8.0,8.0,1.11,0.38,0.85,1.08,1.32,Carbon contact,3.0,mg/L,1025.0,Bench-Scale,GAC,RSSCT,3.46,29.3799991607666,False,2026-03-20
1025-4-10,16.33,3.25,15.25,17.9,18.2,6.57,0.27,6.43,6.52,6.7,0.17,0.03,0.16,0.17,0.19,32.5,,32.5,32.5,32.5,,,,,,109.0,15.56,103.5,109.0,114.5,87.0,4.24,85.5,87.0,88.5,0.01,,0.01,0.01,0.01,22.0,,22.0,22.0,22.0,3.28,0.23,3.15,3.16,3.35,7.01,,7.01,7.01,7.01,0.043,0.005,0.041,0.045,0.046,1.3,0.12,1.24,1.3,1.36,2.45,0.72,2.05,2.24,2.75,144.67,78.14,120.75,187.0,189.75,80.33,2.83,79.62,80.33,81.03,37.66,12.9,32.18,40.91,44.77,40.69,15.36,34.57,45.68,49.31,41.44,15.98,35.18,46.9,50.44,66.12,0.25,66.05,66.12,66.18,11.65,2.29,11.07,11.65,12.22,2.57,0.79,2.37,2.57,2.76,0.0,0.0,0.0,0.0,0.0,7.39,1.57,6.59,7.32,8.16,20.59,10.27,16.22,23.16,26.25,9.69,2.58,8.58,10.31,11.11,0.0,0.0,0.0,0.0,0.0,0.0,0.0,0.0,0.0,0.0,3.02,2.63,2.15,4.3,4.54,0.0,0.0,0.0,0.0,0.0,0.0,0.0,0.0,0.0,0.0,0.76,0.66,0.53,1.05,1.14,26.0,0.0,26.0,26.0,26.0,22.0,0.0,22.0,22.0,22.0,8.0,0.0,8.0,8.0,8.0,1.06,0.37,0.83,1.14,1.29,Carbon contact,2.0,mg/L,1025.0,Bench-Scale,GAC,RSSCT,3.46,29.3799991607666,False,2026-04-10
1025-4-20,16.33,3.25,15.25,17.9,18.2,6.57,0.27,6.43,6.52,6.7,0.17,0.03,0.16,0.17,0.19,32.5,,32.5,32.5,32.5,,,,,,109.0,15.56,103.5,109.0,114.5,87.0,4.24,85.5,87.0,88.5,0.01,,0.01,0.01,0.01,22.0,,22.0,22.0,22.0,3.28,0.23,3.15,3.16,3.35,7.01,,7.01,7.01,7.01,0.043,0.005,0.041,0.045,0.046,1.3,0.12,1.24,1.3,1.36,2.45,0.72,2.05,2.24,2.75,144.67,78.14,120.75,187.0,189.75,80.33,2.83,79.62,80.33,81.03,37.66,12.9,32.18,40.91,44.77,40.69,15.36,34.57,45.68,49.31,41.44,15.98,35.18,46.9,50.44,66.12,0.25,66.05,66.12,66.18,11.65,2.29,11.07,11.65,12.22,2.57,0.79,2.37,2.57,2.76,0.0,0.0,0.0,0.0,0.0,7.39,1.57,6.59,7.32,8.16,20.59,10.27,16.22,23.16,26.25,9.69,2.58,8.58,10.31,11.11,0.0,0.0,0.0,0.0,0.0,0.0,0.0,0.0,0.0,0.0,3.02,2.63,2.15,4.3,4.54,0.0,0.0,0.0,0.0,0.0,0.0,0.0,0.0,0.0,0.0,0.76,0.66,0.53,1.05,1.14,26.0,0.0,26.0,26.0,26.0,22.0,0.0,22.0,22.0,22.0,8.0,0.0,8.0,8.0,8.0,0.91,0.38,0.75,0.86,1.18,Carbon contact,2.0,mg/L,1025.0,Bench-Scale,GAC,RSSCT,3.46,29.3799991607666,False,2026-04-20
1026-1-10,20.33,5.25,17.13,21.0,25.0,6.06,0.2,6.0,6.05,6.19,0.56,1.64,0.1,0.15,0.2,8.23,2.3,6.0,9.0,10.0,,,,,,22.97,4.04,21.0,23.5,24.75,14.33,6.53,7.1,16.4,20.0,0.0,0.0,0.0,0.0,0.0,19.07,11.23,10.0,10.0,28.0,2.65,0.49,2.3,2.58,2.94,7.98,5.26,3.51,6.9,11.86,0.04,0.008,0.035,0.042,0.045,1.55,0.4,1.36,1.48,1.69,2.29,0.79,1.72,2.16,3.04,171.95,32.72,150.0,173.5,192.0,29.43,5.23,26.65,28.61,34.28,49.81,22.87,34.9,40.77,69.69,51.44,23.09,36.39,42.54,71.34,,,,,,24.43,4.46,22.39,23.73,27.29,4.84,1.17,4.06,4.57,5.7,0.1,0.35,0.0,0.0,0.0,0.06,0.31,0.0,0.0,0.0,3.32,3.59,0.0,2.96,4.69,20.51,12.69,11.98,19.77,24.5,23.79,10.55,16.75,23.3,30.39,2.06,1.68,1.41,1.76,2.26,0.12,0.43,0.0,0.0,0.0,1.64,0.6,1.44,1.64,2.06,,,,,,,,,,,,,,,,23.87,0.84,24.0,24.0,24.0,22.0,0.0,22.0,22.0,22.0,7.0,0.0,7.0,7.0,7.0,1.07,0.62,0.78,0.91,1.1,Coagulation,30.0,mg/L,1026.0,Pilot-Scale,GAC,Pilot Columns,2.65,19.06999969482422,False,2026-01-10
1026-1-20,20.33,5.25,17.13,21.0,25.0,6.06,0.2,6.0,6.05,6.19,0.56,1.64,0.1,0.15,0.2,8.23,2.3,6.0,9.0,10.0,,,,,,22.97,4.04,21.0,23.5,24.75,14.33,6.53,7.1,16.4,20.0,0.0,0.0,0.0,0.0,0.0,19.07,11.23,10.0,10.0,28.0,2.65,0.49,2.3,2.58,2.94,7.98,5.26,3.51,6.9,11.86,0.04,0.008,0.035,0.042,0.045,1.55,0.4,1.36,1.48,1.69,2.29,0.79,1.72,2.16,3.04,171.95,32.72,150.0,173.5,192.0,29.43,5.23,26.65,28.61,34.28,49.81,22.87,34.9,40.77,69.69,51.44,23.09,36.39,42.54,71.34,,,,,,24.43,4.46,22.39,23.73,27.29,4.84,1.17,4.06,4.57,5.7,0.1,0.35,0.0,0.0,0.0,0.06,0.31,0.0,0.0,0.0,3.32,3.59,0.0,2.96,4.69,20.51,12.69,11.98,19.77,24.5,23.79,10.55,16.75,23.3,30.39,2.06,1.68,1.41,1.76,2.26,0.12,0.43,0.0,0.0,0.0,1.64,0.6,1.44,1.64,2.06,,,,,,,,,,,,,,,,23.73,1.21,24.0,24.0,24.0,22.0,0.0,22.0,22.0,22.0,7.0,0.0,7.0,7.0,7.0,1.08,0.66,0.78,0.91,1.21,Coagulation,30.0,mg/L,1026.0,Pilot-Scale,GAC,Pilot Columns,2.65,19.06999969482422,False,2026-01-20
1027-1-10,17.44,1.15,16.78,17.0,17.75,9.43,0.01,9.42,9.43,9.44,0.13,0.03,0.1,0.13,0.15,70.28,2.02,69.56,70.28,70.99,,,,,,129.5,13.44,124.75,129.5,134.25,31.0,1.41,30.5,31.0,31.5,0.31,0.01,0.3,0.31,0.31,72.0,5.66,70.0,72.0,74.0,1.88,0.07,1.82,1.86,1.9,37.55,3.91,36.17,37.55,38.93,0.038,0.001,0.037,0.038,0.038,2.02,0.08,2.0,2.04,2.07,3.88,0.1,3.84,3.87,3.92,127.35,6.53,122.3,125.35,131.85,55.01,2.19,54.37,55.54,55.95,12.73,1.26,11.97,13.01,13.73,17.24,1.73,16.32,17.62,18.61,19.9,2.16,18.56,20.17,21.47,16.92,0.97,16.45,16.79,17.6,15.42,0.81,14.97,15.66,16.02,17.32,0.51,17.01,17.32,17.68,5.35,0.31,5.17,5.34,5.51,0.0,0.0,0.0,0.0,0.0,6.32,0.42,6.14,6.33,6.58,2.73,0.41,2.42,2.86,2.99,0.0,0.0,0.0,0.0,0.0,3.69,0.6,3.42,3.58,4.11,4.51,0.48,4.35,4.61,4.88,0.0,0.0,0.0,0.0,0.0,0.0,0.0,0.0,0.0,0.0,2.66,0.55,2.28,2.55,2.98,24.03,0.21,23.9,24.0,24.2,8.63,0.24,8.63,8.7,8.7,9.1,0.05,9.06,9.1,9.13,0.86,0.16,0.77,0.86,0.91,Carbon contact,8.8,mg/L,1027.0,Bench-Scale,GAC,RSSCT,2.23,88.62999725341797,False,2026-01-10
1027-1-20,17.44,1.15,16.78,17.0,17.75,9.43,0.01,9.42,9.43,9.44,0.13,0.03,0.1,0.13,0.15,70.28,2.02,69.56,70.28,70.99,,,,,,129.5,13.44,124.75,129.5,134.25,31.0,1.41,30.5,31.0,31.5,0.31,0.01,0.3,0.31,0.31,72.0,5.66,70.0,72.0,74.0,1.88,0.07,1.82,1.86,1.9,37.55,3.91,36.17,37.55,38.93,0.038,0.001,0.037,0.038,0.038,2.02,0.08,2.0,2.04,2.07,3.88,0.1,3.84,3.87,3.92,127.35,6.53,122.3,125.35,131.85,55.01,2.19,54.37,55.54,55.95,12.73,1.26,11.97,13.01,13.73,17.24,1.73,16.32,17.62,18.61,19.9,2.16,18.56,20.17,21.47,16.92,0.97,16.45,16.79,17.6,15.42,0.81,14.97,15.66,16.02,17.32,0.51,17.01,17.32,17.68,5.35,0.31,5.17,5.34,5.51,0.0,0.0,0.0,0.0,0.0,6.32,0.42,6.14,6.33,6.58,2.73,0.41,2.42,2.86,2.99,0.0,0.0,0.0,0.0,0.0,3.69,0.6,3.42,3.58,4.11,4.51,0.48,4.35,4.61,4.88,0.0,0.0,0.0,0.0,0.0,0.0,0.0,0.0,0.0,0.0,2.66,0.55,2.28,2.55,2.98,24.04,0.25,23.9,24.05,24.2,8.62,0.25,8.6,8.7,8.7,9.08,0.05,9.04,9.06,9.13,0.82,0.1,0.79,0.82,0.89,Carbon contact,8.8,mg/L,1027.0,Bench-Scale,GAC,RSSCT,2.23,88.62999725341797,False,2026-01-20
1027-1-5,17.25,0.65,16.88,17.0,17.38,9.43,0.01,9.42,9.43,9.44,0.11,0.02,0.1,0.1,0.11,68.68,5.2,66.84,68.68,70.51,,,,,,141.0,2.83,140.0,141.0,142.0,32.0,0.0,32.0,32.0,32.0,0.28,0.0,0.28,0.28,0.28,72.5,3.54,71.25,72.5,73.75,1.86,0.09,1.82,1.82,1.86,38.07,0.55,37.88,38.07,38.27,0.038,0.0,0.037,0.038,0.038,2.02,0.1,2.01,2.07,2.08,3.83,0.06,3.82,3.84,3.86,126.23,6.96,121.96,123.83,128.09,54.99,2.72,54.26,55.54,56.27,12.94,0.97,12.39,13.01,13.56,17.56,1.25,16.8,17.62,18.37,20.22,1.77,19.41,20.17,20.98,16.73,0.94,16.32,16.79,17.21,15.54,0.96,15.34,15.93,16.13,17.3,0.57,17.02,17.32,17.61,5.42,0.37,5.26,5.47,5.62,0.0,0.0,0.0,0.0,0.0,6.41,0.33,6.16,6.33,6.58,2.77,0.44,2.6,2.87,3.04,0.0,0.0,0.0,0.0,0.0,3.76,0.5,3.43,3.58,3.91,4.62,0.29,4.41,4.61,4.81,0.0,0.0,0.0,0.0,0.0,0.0,0.0,0.0,0.0,0.0,2.66,0.64,2.24,2.55,2.97,24.01,0.21,23.88,24.0,24.13,8.51,0.24,8.5,8.5,8.6,9.09,0.05,9.06,9.09,9.12,0.83,0.09,0.81,0.84,0.86,Carbon contact,8.8,mg/L,1027.0,Bench-Scale,GAC,RSSCT,2.23,88.62999725341797,False,2026-01-05
1027-1-7.5,17.25,0.65,16.88,17.0,17.38,9.43,0.01,9.42,9.43,9.44,0.11,0.02,0.1,0.1,0.11,68.68,5.2,66.84,68.68,70.51,,,,,,141.0,2.83,140.0,141.0,142.0,32.0,0.0,32.0,32.0,32.0,0.28,0.0,0.28,0.28,0.28,72.5,3.54,71.25,72.5,73.75,1.86,0.09,1.82,1.82,1.86,38.07,0.55,37.88,38.07,38.27,0.038,0.0,0.037,0.038,0.038,2.02,0.1,2.01,2.07,2.08,3.83,0.06,3.82,3.84,3.86,126.23,6.96,121.96,123.83,128.09,54.99,2.72,54.26,55.54,56.27,12.94,0.97,12.39,13.01,13.56,17.56,1.25,16.8,17.62,18.37,20.22,1.77,19.41,20.17,20.98,16.73,0.94,16.32,16.79,17.21,15.54,0.96,15.34,15.93,16.13,17.3,0.57,17.02,17.32,17.61,5.42,0.37,5.26,5.47,5.62,0.0,0.0,0.0,0.0,0.0,6.41,0.33,6.16,6.33,6.58,2.77,0.44,2.6,2.87,3.04,0.0,0.0,0.0,0.0,0.0,3.76,0.5,3.43,3.58,3.91,4.62,0.29,4.41,4.61,4.81,0.0,0.0,0.0,0.0,0.0,0.0,0.0,0.0,0.0,0.0,2.66,0.64,2.24,2.55,2.97,24.14,0.34,23.84,24.25,24.5,8.57,0.43,8.68,8.8,8.8,9.1,0.05,9.07,9.11,9.14,0.78,0.1,0.71,0.8,0.82,Lime softening,6.1,mg/L,1027.0,Bench-Scale,GAC,RSSCT,2.23,88.62999725341797,True,
1027-2-10pH8.5,19.63,1.31,18.63,19.45,20.45,8.48,0.06,8.45,8.46,8.51,0.15,0.0,0.15,0.15,0.15,53.39,0.72,53.13,53.39,53.64,,,,,,133.0,,133.0,133.0,133.0,30.0,,30.0,30.0,30.0,0.29,,0.29,0.29,0.29,100.0,,100.0,100.0,100.0,2.6,0.05,2.58,2.59,2.61,37.45,,37.45,37.45,37.45,0.055,0.001,0.055,0.055,0.055,2.1,0.07,2.09,2.1,2.12,5.01,0.17,4.96,5.01,5.05,219.88,17.35,215.54,219.88,224.21,97.11,11.52,94.23,97.11,99.99,24.12,2.24,23.56,24.12,24.68,33.22,3.01,32.47,33.22,33.98,36.23,2.87,35.51,36.23,36.94,41.89,6.21,40.34,41.89,43.45,19.79,1.88,19.32,19.79,20.26,31.7,3.26,30.89,31.7,32.52,3.72,0.17,3.67,3.72,3.76,0.0,0.0,0.0,0.0,0.0,14.08,1.59,13.68,14.08,14.48,5.25,0.25,5.19,5.25,5.32,0.0,0.0,0.0,0.0,0.0,4.79,0.4,4.69,4.79,4.88,9.11,0.77,8.92,9.11,9.3,0.0,0.0,0.0,0.0,0.0,0.0,0.0,0.0,0.0,0.0,3.0,0.14,2.97,3.0,3.04,23.95,0.13,23.83,23.95,24.0,17.55,3.84,13.73,19.8,19.9,9.09,0.04,9.07,9.11,9.12,1.04,0.2,0.88,1.0,1.2,Carbon contact,9.5,mg/L,1027.0,Bench-Scale,GAC,RSSCT,2.23,88.62999725341797,False,
1027-2-10pH8.9,19.63,1.31,19.23,19.9,20.3,8.87,0.04,8.85,8.86,8.88,0.15,0.0,0.15,0.15,0.15,53.25,1.06,52.88,53.25,53.63,,,,,,133.0,,133.0,133.0,133.0,30.0,,30.0,30.0,30.0,0.3,,0.3,0.3,0.3,110.0,,110.0,110.0,110.0,2.58,0.03,2.57,2.58,2.59,42.07,,42.07,42.07,42.07,0.055,0.0,0.055,0.055,0.055,2.14,0.05,2.13,2.14,2.15,5.02,0.15,4.98,5.02,5.05,224.03,8.25,221.96,224.03,226.09,102.63,16.33,98.55,102.63,106.71,24.31,2.15,23.78,24.31,24.85,33.59,3.1,32.82,33.59,34.37,37.39,5.7,35.97,37.39,38.82,43.97,8.84,41.76,43.97,46.18,21.47,2.6,20.82,21.47,22.12,33.32,4.4,32.22,33.32,34.42,3.87,0.5,3.75,3.87,4.0,0.0,0.0,0.0,0.0,0.0,14.41,0.88,14.19,14.41,14.63,4.92,0.63,4.77,4.92,5.08,0.0,0.0,0.0,0.0,0.0,4.98,0.64,4.82,4.98,5.14,9.28,0.95,9.04,9.28,9.52,0.0,0.0,0.0,0.0,0.0,1.02,2.05,0.51,1.02,1.54,2.78,0.55,2.64,2.78,2.91,23.93,0.13,23.83,23.9,24.08,17.54,3.83,13.73,19.8,19.88,9.09,0.02,9.08,9.09,9.11,0.95,0.19,0.79,0.9,1.05,Carbon contact,9.5,mg/L,1027.0,Bench-Scale,GAC,RSSCT,2.23,88.62999725341797,False,
1027-2-10pH9.4,19.05,1.5,18.6,19.0,19.48,9.43,0.06,9.4,9.45,9.46,0.13,0.03,0.13,0.15,0.15,58.15,1.2,57.73,58.15,58.58,,,,,,131.0,2.83,130.0,131.0,132.0,30.0,0.0,30.0,30.0,30.0,0.29,0.01,0.28,0.29,0.29,105.0,7.07,102.5,105.0,107.5,2.58,0.03,2.56,2.57,2.6,39.99,2.26,39.19,39.99,40.79,0.054,0.001,0.054,0.055,0.055,2.1,0.04,2.08,2.09,2.12,5.04,0.13,5.0,5.1,5.12,217.85,6.92,213.95,215.45,220.55,102.57,9.54,98.29,104.29,107.72,25.46,1.84,24.9,26.46,26.52,35.3,2.57,34.54,36.75,36.78,38.48,2.55,37.56,39.54,39.93,44.25,6.3,41.58,45.87,47.73,21.06,0.79,20.62,20.85,21.39,33.16,2.64,31.96,33.6,34.58,4.11,0.16,4.03,4.08,4.18,0.0,0.0,0.0,0.0,0.0,14.88,1.13,14.55,15.52,15.53,5.31,0.35,5.19,5.47,5.51,0.0,0.0,0.0,0.0,0.0,5.28,0.37,5.12,5.38,5.48,9.84,0.73,9.61,10.22,10.26,0.0,0.0,0.0,0.0,0.0,0.0,0.0,0.0,0.0,0.0,3.18,0.42,2.99,3.25,3.41,23.84,0.21,23.68,23.8,24.1,17.14,3.98,11.7,19.8,19.8,9.13,0.03,9.11,9.12,9.15,0.77,0.13,0.73,0.78,0.83,Carbon contact,9.5,mg/L,1027.0,Bench-Scale,GAC,RSSCT,2.23,88.62999725341797,False,
1027-2-20pH9.4,19.05,1.5,18.6,19.0,19.48,9.43,0.06,9.4,9.45,9.46,0.13,0.03,0.13,0.15,0.15,58.15,1.2,57.73,58.15,58.58,,,,,,131.0,2.83,130.0,131.0,132.0,30.0,0.0,30.0,30.0,30.0,0.29,0.01,0.28,0.29,0.29,105.0,7.07,102.5,105.0,107.5,2.58,0.03,2.56,2.57,2.6,39.99,2.26,39.19,39.99,40.79,0.054,0.001,0.054,0.055,0.055,2.1,0.04,2.08,2.09,2.12,5.04,0.13,5.0,5.1,5.12,217.85,6.92,213.95,215.45,220.55,102.57,9.54,98.29,104.29,107.72,25.46,1.84,24.9,26.46,26.52,35.3,2.57,34.54,36.75,36.78,38.48,2.55,37.56,39.54,39.93,44.25,6.3,41.58,45.87,47.73,21.06,0.79,20.62,20.85,21.39,33.16,2.64,31.96,33.6,34.58,4.11,0.16,4.03,4.08,4.18,0.0,0.0,0.0,0.0,0.0,14.88,1.13,14.55,15.52,15.53,5.31,0.35,5.19,5.47,5.51,0.0,0.0,0.0,0.0,0.0,5.28,0.37,5.12,5.38,5.48,9.84,0.73,9.61,10.22,10.26,0.0,0.0,0.0,0.0,0.0,0.0,0.0,0.0,0.0,0.0,3.18,0.42,2.99,3.25,3.41,23.88,0.17,23.73,23.8,24.0,18.3,3.42,19.8,20.0,20.0,9.13,0.03,9.11,9.14,9.15,0.96,0.22,0.8,0.9,1.14,Carbon contact,9.5,mg/L,1027.0,Bench-Scale,GAC,RSSCT,2.23,88.62999725341797,False,
1028-1-10,24.33,1.15,24.0,25.0,25.0,8.8,0.0,8.8,8.8,8.8,1.07,0.86,0.6,0.9,1.45,65.5,3.54,64.25,65.5,66.75,,,,,,200.0,5.66,198.0,200.0,202.0,153.0,69.3,128.5,153.0,177.5,0.05,0.0,0.05,0.05,0.05,33.5,0.71,33.25,33.5,33.75,3.63,0.67,3.35,3.8,4.0,10.16,1.72,9.56,10.16,10.77,0.06,0.006,0.058,0.063,0.064,1.67,0.15,1.59,1.66,1.74,1.44,0.93,1.14,1.91,1.97,134.0,0.0,134.0,134.0,134.0,55.1,0.0,55.1,55.1,55.1,14.8,0.0,14.8,14.8,14.8,16.2,0.0,16.2,16.2,16.2,,,,,,50.0,0.0,50.0,50.0,50.0,5.1,0.0,5.1,5.1,5.1,0.0,0.0,0.0,0.0,0.0,0.0,0.0,0.0,0.0,0.0,0.0,0.0,0.0,0.0,0.0,11.0,0.0,11.0,11.0,11.0,3.8,0.0,3.8,3.8,3.8,0.0,0.0,0.0,0.0,0.0,0.0,0.0,0.0,0.0,0.0,1.4,0.0,1.4,1.4,1.4,,,,,,,,,,,,,,,,4.56,0.4,4.38,4.5,5.0,23.81,1.42,22.0,25.0,25.0,8.75,0.31,8.4,8.8,9.0,0.33,0.22,0.15,0.33,0.49,Coagulation,0.17,mg/L,1028.0,Bench-Scale,GAC,RSSCT,3.47,43.130001068115234,False,2026-01-10
1028-1-20,24.33,1.15,24.0,25.0,25.0,8.8,0.0,8.8,8.8,8.8,1.07,0.86,0.6,0.9,1.45,65.5,3.54,64.25,65.5,66.75,,,,,,200.0,5.66,198.0,200.0,202.0,153.0,69.3,128.5,153.0,177.5,0.05,0.0,0.05,0.05,0.05,33.5,0.71,33.25,33.5,33.75,3.63,0.67,3.35,3.8,4.0,10.16,1.72,9.56,10.16,10.77,0.06,0.006,0.058,0.063,0.064,1.67,0.15,1.59,1.66,1.74,1.44,0.93,1.14,1.91,1.97,134.0,0.0,134.0,134.0,134.0,55.1,0.0,55.1,55.1,55.1,14.8,0.0,14.8,14.8,14.8,16.2,0.0,16.2,16.2,16.2,,,,,,50.0,0.0,50.0,50.0,50.0,5.1,0.0,5.1,5.1,5.1,0.0,0.0,0.0,0.0,0.0,0.0,0.0,0.0,0.0,0.0,0.0,0.0,0.0,0.0,0.0,11.0,0.0,11.0,11.0,11.0,3.8,0.0,3.8,3.8,3.8,0.0,0.0,0.0,0.0,0.0,0.0,0.0,0.0,0.0,0.0,1.4,0.0,1.4,1.4,1.4,,,,,,,,,,,,,,,,4.56,0.36,4.5,4.5,5.0,24.03,1.49,22.0,25.0,25.0,8.83,0.26,8.6,8.9,9.0,0.36,0.26,0.15,0.39,0.48,Coagulation,0.17,mg/L,1028.0,Bench-Scale,GAC,RSSCT,3.47,43.130001068115234,False,2026-01-20
1028-2-10,21.97,0.31,21.8,21.9,22.1,7.9,0.26,7.75,7.8,8.0,0.4,0.35,0.2,0.2,0.5,64.0,,64.0,64.0,64.0,,,,,,160.0,5.66,158.0,160.0,162.0,97.0,1.41,96.5,97.0,97.5,0.05,0.0,0.05,0.05,0.05,51.0,2.83,50.0,51.0,52.0,3.68,0.26,3.58,3.75,3.83,13.33,0.37,13.2,13.33,13.46,0.065,0.002,0.065,0.066,0.067,1.78,0.16,1.7,1.79,1.86,1.39,0.24,1.31,1.5,1.53,109.0,0.0,109.0,109.0,109.0,35.3,0.0,35.3,35.3,35.3,10.1,0.0,10.1,10.1,10.1,12.3,0.0,12.3,12.3,12.3,,,,,,22.0,0.0,22.0,22.0,22.0,9.0,0.0,9.0,9.0,9.0,4.3,0.0,4.3,4.3,4.3,0.0,0.0,0.0,0.0,0.0,0.0,0.0,0.0,0.0,0.0,8.5,0.0,8.5,8.5,8.5,1.6,0.0,1.6,1.6,1.6,0.0,0.0,0.0,0.0,0.0,0.0,0.0,0.0,0.0,0.0,2.2,0.0,2.2,2.2,2.2,,,,,,,,,,,,,,,,3.34,0.29,3.25,3.25,3.33,23.96,1.49,22.6,23.9,25.0,8.52,0.39,8.48,8.6,8.8,0.4,0.31,0.1,0.46,0.62,Coagulation,0.3,mg/L,1028.0,Bench-Scale,GAC,RSSCT,3.47,43.130001068115234,False,2026-02-10
1028-2-20,21.97,0.31,21.8,21.9,22.1,7.9,0.26,7.75,7.8,8.0,0.4,0.35,0.2,0.2,0.5,55.5,12.02,51.25,55.5,59.75,,,,,,160.0,5.66,158.0,160.0,162.0,97.0,1.41,96.5,97.0,97.5,0.05,0.0,0.05,0.05,0.05,51.0,2.83,50.0,51.0,52.0,3.68,0.26,3.58,3.75,3.83,13.33,0.37,13.2,13.33,13.46,0.065,0.002,0.065,0.066,0.067,1.78,0.16,1.7,1.79,1.86,1.36,0.22,1.27,1.42,1.49,109.0,0.0,109.0,109.0,109.0,35.3,0.0,35.3,35.3,35.3,10.1,0.0,10.1,10.1,10.1,12.3,0.0,12.3,12.3,12.3,,,,,,22.0,0.0,22.0,22.0,22.0,9.0,0.0,9.0,9.0,9.0,4.3,0.0,4.3,4.3,4.3,0.0,0.0,0.0,0.0,0.0,0.0,0.0,0.0,0.0,0.0,8.5,0.0,8.5,8.5,8.5,1.6,0.0,1.6,1.6,1.6,0.0,0.0,0.0,0.0,0.0,0.0,0.0,0.0,0.0,0.0,2.2,0.0,2.2,2.2,2.2,,,,,,,,,,,,,,,,3.47,0.46,3.25,3.3,3.38,23.63,1.96,22.25,22.7,25.0,8.6,0.36,8.6,8.7,8.8,0.37,0.23,0.18,0.45,0.53,Coagulation,0.3,mg/L,1028.0,Bench-Scale,GAC,RSSCT,3.47,43.130001068115234,False,2026-02-20
1028-3-10,21.03,0.42,20.8,20.9,21.2,7.97,0.25,7.85,8.0,8.1,0.17,0.06,0.15,0.2,0.2,69.5,0.71,69.25,69.5,69.75,,,,,,166.0,5.66,164.0,166.0,168.0,94.0,2.83,93.0,94.0,95.0,0.05,0.0,0.05,0.05,0.05,41.0,1.41,40.5,41.0,41.5,3.53,0.51,3.25,3.4,3.75,11.05,1.84,10.41,11.05,11.7,0.06,0.003,0.059,0.061,0.062,1.72,0.16,1.67,1.79,1.82,1.4,0.18,1.3,1.33,1.47,194.0,52.2,176.5,219.0,224.0,45.57,0.76,45.15,45.4,45.9,13.2,2.13,12.05,12.8,14.15,15.6,2.19,14.35,14.7,16.4,,,,,,28.0,1.73,27.0,27.0,28.5,12.33,0.58,12.0,12.0,12.5,5.23,1.61,4.65,5.9,6.15,0.0,0.0,0.0,0.0,0.0,1.57,2.71,0.0,0.0,2.35,9.3,0.1,9.25,9.3,9.35,2.33,1.12,1.7,1.9,2.75,0.0,0.0,0.0,0.0,0.0,0.0,0.0,0.0,0.0,0.0,2.4,0.44,2.25,2.6,2.65,,,,,,,,,,,,,,,,7.78,0.2,7.7,7.8,7.8,20.53,1.68,19.8,21.3,21.65,8.76,0.3,8.55,8.7,9.03,0.58,0.3,0.45,0.65,0.81,Coagulation,0.24,mg/L,1028.0,Bench-Scale,GAC,RSSCT,3.47,43.130001068115234,False,2026-03-10
1028-3-20,21.03,0.42,20.8,20.9,21.2,7.97,0.25,7.85,8.0,8.1,0.17,0.06,0.15,0.2,0.2,69.5,0.71,69.25,69.5,69.75,,,,,,166.0,5.66,164.0,166.0,168.0,94.0,2.83,93.0,94.0,95.0,0.05,0.0,0.05,0.05,0.05,41.0,1.41,40.5,41.0,41.5,3.53,0.51,3.25,3.4,3.75,11.05,1.84,10.41,11.05,11.7,0.06,0.003,0.059,0.061,0.062,1.72,0.16,1.67,1.79,1.82,1.4,0.18,1.3,1.33,1.47,194.0,52.2,176.5,219.0,224.0,45.57,0.76,45.15,45.4,45.9,13.2,2.13,12.05,12.8,14.15,15.6,2.19,14.35,14.7,16.4,,,,,,28.0,1.73,27.0,27.0,28.5,12.33,0.58,12.0,12.0,12.5,5.23,1.61,4.65,5.9,6.15,0.0,0.0,0.0,0.0,0.0,1.57,2.71,0.0,0.0,2.35,9.3,0.1,9.25,9.3,9.35,2.33,1.12,1.7,1.9,2.75,0.0,0.0,0.0,0.0,0.0,0.0,0.0,0.0,0.0,0.0,2.4,0.44,2.25,2.6,2.65,,,,,,,,,,,,,,,,7.82,0.39,7.5,7.8,8.0,20.41,1.64,20.05,21.3,21.5,8.74,0.26,8.6,8.7,8.9,0.52,0.25,0.39,0.56,0.67,Coagulation,0.24,mg/L,1028.0,Bench-Scale,GAC,RSSCT,3.47,43.130001068115234,False,2026-03-20
1028-4-10,19.0,0.44,18.85,19.2,19.25,9.13,0.12,9.1,9.2,9.2,0.2,0.0,0.2,0.2,0.2,41.0,2.83,40.0,41.0,42.0,,,,,,140.0,16.97,134.0,140.0,146.0,74.0,5.66,72.0,74.0,76.0,0.05,0.0,0.05,0.05,0.05,47.0,0.0,47.0,47.0,47.0,3.03,0.26,2.93,3.1,3.18,14.81,0.49,14.64,14.81,14.99,0.05,0.003,0.049,0.049,0.051,1.65,0.13,1.61,1.71,1.73,1.53,0.1,1.48,1.52,1.58,102.75,0.5,102.63,102.75,102.88,25.0,0.6,24.85,25.0,25.15,13.15,0.3,13.08,13.15,13.23,15.3,0.4,15.2,15.3,15.4,,,,,,12.5,1.0,12.25,12.5,12.75,9.3,0.2,9.25,9.3,9.35,3.2,0.6,3.05,3.2,3.35,0.0,0.0,0.0,0.0,0.0,0.0,0.0,0.0,0.0,0.0,9.1,0.2,9.05,9.1,9.15,3.0,0.0,3.0,3.0,3.0,0.0,0.0,0.0,0.0,0.0,1.05,0.1,1.03,1.05,1.08,2.15,0.1,2.13,2.15,2.18,,,,,,,,,,,,,,,,12.88,0.32,12.75,12.75,13.0,6.21,2.43,4.75,5.8,8.35,8.53,0.56,8.2,8.8,8.95,0.46,0.28,0.28,0.48,0.68,Coagulation,0.06,mg/L,1028.0,Bench-Scale,GAC,RSSCT,3.47,43.130001068115234,False,2026-04-10
1028-4-20,19.0,0.44,18.85,19.2,19.25,9.13,0.12,9.1,9.2,9.2,0.2,0.0,0.2,0.2,0.2,41.0,2.83,40.0,41.0,42.0,,,,,,140.0,16.97,134.0,140.0,146.0,74.0,5.66,72.0,74.0,76.0,0.05,0.0,0.05,0.05,0.05,47.0,0.0,47.0,47.0,47.0,3.03,0.26,2.93,3.1,3.18,14.81,0.49,14.64,14.81,14.99,0.05,0.003,0.049,0.049,0.051,1.65,0.13,1.61,1.71,1.73,1.53,0.1,1.48,1.52,1.58,102.75,0.5,102.63,102.75,102.88,25.0,0.6,24.85,25.0,25.15,13.15,0.3,13.08,13.15,13.23,15.3,0.4,15.2,15.3,15.4,,,,,,12.5,1.0,12.25,12.5,12.75,9.3,0.2,9.25,9.3,9.35,3.2,0.6,3.05,3.2,3.35,0.0,0.0,0.0,0.0,0.0,0.0,0.0,0.0,0.0,0.0,9.1,0.2,9.05,9.1,9.15,3.0,0.0,3.0,3.0,3.0,0.0,0.0,0.0,0.0,0.0,1.05,0.1,1.03,1.05,1.08,2.15,0.1,2.13,2.15,2.18,,,,,,,,,,,,,,,,12.87,0.35,12.75,12.75,13.0,6.12,2.16,5.15,5.7,7.3,8.73,0.53,8.6,8.9,9.1,0.67,0.41,0.34,0.73,0.97,Coagulation,0.06,mg/L,1028.0,Bench-Scale,GAC,RSSCT,3.47,43.130001068115234,False,2026-04-20
1029-1-10,20.57,1.59,19.9,21.0,21.45,8.23,0.32,8.05,8.1,8.35,0.2,0.1,0.15,0.2,0.25,124.0,24.04,115.5,124.0,132.5,,,,,,182.0,0.0,182.0,182.0,182.0,115.5,3.54,114.25,115.5,116.75,0.05,0.0,0.05,0.05,0.05,88.5,4.95,86.75,88.5,90.25,3.25,0.25,3.13,3.25,3.38,28.41,3.19,27.28,28.41,29.54,0.072,0.008,0.068,0.071,0.076,2.25,0.42,2.02,2.18,2.44,1.06,0.22,0.94,1.0,1.15,128.5,16.53,121.25,132.0,137.5,43.37,1.97,42.25,42.6,44.1,10.14,4.75,8.46,12.21,12.86,13.77,6.91,11.66,17.51,17.76,,,,,,19.0,1.73,18.5,20.0,20.0,13.33,1.15,13.0,14.0,14.0,9.2,0.62,8.85,9.0,9.45,1.83,0.12,1.8,1.9,1.9,0.0,0.0,0.0,0.0,0.0,6.3,1.47,5.65,6.6,7.1,1.33,1.17,0.9,1.8,2.0,0.0,0.0,0.0,0.0,0.0,2.5,2.55,1.21,2.41,3.76,3.63,2.23,2.8,4.5,4.9,,,,,,,,,,,,,,,,11.34,1.64,10.0,11.0,12.25,8.01,2.16,7.75,8.5,9.5,9.37,0.41,9.2,9.3,9.5,0.39,0.22,0.22,0.42,0.51,Lime softening,77.9,mg/L,1029.0,Bench-Scale,GAC,RSSCT,3.21,69.12999725341797,True,2026-01-10
1029-1-20,7.87,3.27,6.8,9.5,9.75,8.23,0.32,8.05,8.1,8.35,0.2,0.1,0.15,0.2,0.25,124.0,24.04,115.5,124.0,132.5,,,,,,182.0,0.0,182.0,182.0,182.0,115.5,3.54,114.25,115.5,116.75,0.05,0.0,0.05,0.05,0.05,88.5,4.95,86.75,88.5,90.25,3.25,0.25,3.13,3.25,3.38,28.41,3.19,27.28,28.41,29.54,0.072,0.008,0.068,0.071,0.076,2.25,0.42,2.02,2.18,2.44,1.06,0.22,0.94,1.0,1.15,128.5,16.53,121.25,132.0,137.5,43.37,1.97,42.25,42.6,44.1,10.14,4.75,8.46,12.21,12.86,13.77,6.91,11.66,17.51,17.76,,,,,,19.0,1.73,18.5,20.0,20.0,13.33,1.15,13.0,14.0,14.0,9.2,0.62,8.85,9.0,9.45,1.83,0.12,1.8,1.9,1.9,0.0,0.0,0.0,0.0,0.0,6.3,1.47,5.65,6.6,7.1,1.33,1.17,0.9,1.8,2.0,0.0,0.0,0.0,0.0,0.0,2.5,2.55,1.21,2.41,3.76,3.63,2.23,2.8,4.5,4.9,,,,,,,,,,,,,,,,11.11,1.42,10.0,11.0,12.0,8.05,2.03,7.0,8.5,9.88,9.45,0.43,9.3,9.3,9.38,0.48,0.24,0.37,0.5,0.61,Lime softening,77.9,mg/L,1029.0,Bench-Scale,GAC,RSSCT,3.21,69.12999725341797,True,2026-01-20
1029-2-10,22.43,0.38,22.3,22.6,22.65,8.6,0.36,8.4,8.5,8.75,0.27,0.12,0.2,0.2,0.3,122.0,2.83,121.0,122.0,123.0,,,,,,138.0,2.83,137.0,138.0,139.0,93.0,1.41,92.5,93.0,93.5,0.09,0.04,0.06,0.08,0.09,52.5,4.95,50.75,52.5,54.25,3.78,0.63,3.45,3.7,4.08,12.91,0.47,12.75,12.91,13.08,0.076,0.003,0.074,0.074,0.077,2.03,0.27,1.89,2.0,2.16,1.47,0.25,1.32,1.34,1.55,135.0,6.0,133.5,135.0,136.5,47.95,8.9,45.73,47.95,50.18,15.25,4.1,14.23,15.25,16.28,17.75,6.3,16.18,17.75,19.33,,,,,,26.0,4.0,25.0,26.0,27.0,15.0,2.0,14.5,15.0,15.5,6.3,1.6,5.9,6.3,6.7,0.65,1.3,0.33,0.65,0.98,4.0,0.2,3.95,4.0,4.05,8.0,0.4,7.9,8.0,8.1,2.55,2.1,2.03,2.55,3.08,0.0,0.0,0.0,0.0,0.0,0.7,1.4,0.35,0.7,1.05,2.5,2.2,1.95,2.5,3.05,,,,,,,,,,,,,,,,4.97,0.13,5.0,5.0,5.0,23.28,1.39,22.15,22.5,24.75,8.09,0.73,7.65,8.3,8.6,0.44,0.44,0.05,0.46,0.7,Lime softening,71.6,mg/L,1029.0,Bench-Scale,GAC,RSSCT,3.21,69.12999725341797,True,2026-02-10
1029-2-20,22.43,0.38,22.3,22.6,22.65,8.6,0.36,8.4,8.5,8.75,0.27,0.12,0.2,0.2,0.3,122.0,2.83,121.0,122.0,123.0,,,,,,138.0,2.83,137.0,138.0,139.0,93.0,1.41,92.5,93.0,93.5,0.09,0.04,0.06,0.08,0.09,52.5,4.95,50.75,52.5,54.25,3.78,0.63,3.45,3.7,4.08,12.91,0.47,12.75,12.91,13.08,0.076,0.003,0.074,0.074,0.077,2.03,0.27,1.89,2.0,2.16,1.47,0.25,1.32,1.34,1.55,135.0,6.0,133.5,135.0,136.5,47.95,8.9,45.73,47.95,50.18,15.25,4.1,14.23,15.25,16.28,17.75,6.3,16.18,17.75,19.33,,,,,,26.0,4.0,25.0,26.0,27.0,15.0,2.0,14.5,15.0,15.5,6.3,1.6,5.9,6.3,6.7,0.65,1.3,0.33,0.65,0.98,4.0,0.2,3.95,4.0,4.05,8.0,0.4,7.9,8.0,8.1,2.55,2.1,2.03,2.55,3.08,0.0,0.0,0.0,0.0,0.0,0.7,1.4,0.35,0.7,1.05,2.5,2.2,1.95,2.5,3.05,,,,,,,,,,,,,,,,5.0,0.0,5.0,5.0,5.0,23.37,1.38,22.1,22.8,25.0,8.03,0.66,7.5,8.3,8.55,0.45,0.35,0.06,0.63,0.74,Lime softening,71.6,mg/L,1029.0,Bench-Scale,GAC,RSSCT,3.21,69.12999725341797,True,2026-02-20
1029-3-10,20.47,0.21,20.35,20.4,20.55,8.73,0.15,8.65,8.7,8.8,0.17,0.06,0.15,0.2,0.2,139.5,13.44,134.75,139.5,144.25,,,,,,157.0,9.9,153.5,157.0,160.5,102.0,5.66,100.0,102.0,104.0,0.05,0.0,0.05,0.05,0.05,52.5,9.19,49.25,52.5,55.75,2.98,0.53,2.75,3.1,3.28,15.97,1.6,15.4,15.97,16.54,0.049,0.001,0.049,0.049,0.05,1.68,0.35,1.48,1.55,1.82,1.19,0.03,1.18,1.19,1.21,102.33,6.66,99.5,104.0,106.0,33.93,13.57,28.9,39.3,41.65,11.33,4.19,9.1,10.7,13.25,14.33,5.96,11.15,13.4,17.05,,,,,,15.93,5.31,14.4,19.0,19.0,11.13,4.37,9.2,12.0,13.5,5.4,2.72,4.4,6.5,6.95,1.47,1.33,0.9,1.8,2.2,0.0,0.0,0.0,0.0,0.0,7.83,2.02,6.75,7.5,8.75,2.5,1.48,1.65,1.8,3.0,0.0,0.0,0.0,0.0,0.0,1.0,0.87,0.7,1.4,1.5,3.0,1.77,2.05,2.7,3.8,,,,,,,,,,,,,,,,11.56,0.35,11.5,11.75,11.75,16.11,1.6,14.85,15.9,17.15,8.9,0.1,8.8,8.9,8.98,0.55,0.14,0.47,0.51,0.65,Lime softening,60.2,mg/L,1029.0,Bench-Scale,GAC,RSSCT,3.21,69.12999725341797,True,2026-03-10
1029-3-20,20.47,0.21,20.35,20.4,20.55,8.73,0.15,8.65,8.7,8.8,0.17,0.06,0.15,0.2,0.2,139.5,13.44,134.75,139.5,144.25,,,,,,157.0,9.9,153.5,157.0,160.5,102.0,5.66,100.0,102.0,104.0,0.05,0.0,0.05,0.05,0.05,52.5,9.19,49.25,52.5,55.75,2.98,0.53,2.75,3.1,3.28,15.97,1.6,15.4,15.97,16.54,0.049,0.001,0.049,0.049,0.05,1.68,0.35,1.48,1.55,1.82,1.19,0.03,1.18,1.19,1.21,102.33,6.66,99.5,104.0,106.0,33.93,13.57,28.9,39.3,41.65,11.33,4.19,9.1,10.7,13.25,14.33,5.96,11.15,13.4,17.05,,,,,,15.93,5.31,14.4,19.0,19.0,11.13,4.37,9.2,12.0,13.5,5.4,2.72,4.4,6.5,6.95,1.47,1.33,0.9,1.8,2.2,0.0,0.0,0.0,0.0,0.0,7.83,2.02,6.75,7.5,8.75,2.5,1.48,1.65,1.8,3.0,0.0,0.0,0.0,0.0,0.0,1.0,0.87,0.7,1.4,1.5,3.0,1.77,2.05,2.7,3.8,,,,,,,,,,,,,,,,11.68,0.28,11.5,11.5,11.75,15.45,1.54,14.5,14.9,16.95,8.88,0.14,8.8,8.9,9.0,0.52,0.17,0.47,0.59,0.63,Lime softening,60.2,mg/L,1029.0,Bench-Scale,GAC,RSSCT,3.21,69.12999725341797,True,2026-03-20
1029-4-10,20.43,1.94,19.6,20.9,21.5,8.87,0.32,8.75,9.0,9.05,0.17,0.06,0.15,0.2,0.2,133.0,2.83,132.0,133.0,134.0,,,,,,163.0,7.07,160.5,163.0,165.5,117.0,18.38,110.5,117.0,123.5,0.05,0.0,0.05,0.05,0.05,83.0,2.83,82.0,83.0,84.0,2.82,0.18,2.73,2.8,2.9,29.45,1.58,28.89,29.45,30.01,0.054,0.003,0.053,0.053,0.055,1.93,0.21,1.81,1.89,2.02,1.47,0.52,1.25,1.59,1.76,103.25,1.5,102.88,103.25,103.63,32.0,2.6,31.35,32.0,32.65,12.5,0.0,12.5,12.5,12.5,18.6,0.0,18.6,18.6,18.6,,,,,,12.5,1.0,12.25,12.5,12.75,9.45,1.1,9.18,9.45,9.73,8.0,2.8,7.3,8.0,8.7,2.05,0.1,2.03,2.05,2.08,0.0,0.0,0.0,0.0,0.0,5.1,0.8,4.9,5.1,5.3,3.0,0.0,3.0,3.0,3.0,0.0,0.0,0.0,0.0,0.0,4.0,0.0,4.0,4.0,4.0,6.1,0.0,6.1,6.1,6.1,,,,,,,,,,,,,,,,9.87,0.32,9.5,10.0,10.13,8.82,1.24,8.35,8.5,9.75,9.15,0.46,9.0,9.2,9.3,1.02,0.46,0.78,1.09,1.19,Lime softening,71.9,mg/L,1029.0,Bench-Scale,GAC,RSSCT,3.21,69.12999725341797,True,2026-04-10
1029-4-20,20.43,1.94,19.6,20.9,21.5,8.87,0.32,8.75,9.0,9.05,0.17,0.06,0.15,0.2,0.2,133.0,2.83,132.0,133.0,134.0,,,,,,163.0,7.07,160.5,163.0,165.5,117.0,18.38,110.5,117.0,123.5,0.05,0.0,0.05,0.05,0.05,83.0,2.83,82.0,83.0,84.0,2.82,0.18,2.73,2.8,2.9,29.45,1.58,28.89,29.45,30.01,0.054,0.003,0.053,0.053,0.055,1.93,0.21,1.81,1.89,2.02,1.47,0.52,1.25,1.59,1.76,103.25,1.5,102.88,103.25,103.63,32.0,2.6,31.35,32.0,32.65,12.5,0.0,12.5,12.5,12.5,18.6,0.0,18.6,18.6,18.6,,,,,,12.5,1.0,12.25,12.5,12.75,9.45,1.1,9.18,9.45,9.73,8.0,2.8,7.3,8.0,8.7,2.05,0.1,2.03,2.05,2.08,0.0,0.0,0.0,0.0,0.0,5.1,0.8,4.9,5.1,5.3,3.0,0.0,3.0,3.0,3.0,0.0,0.0,0.0,0.0,0.0,4.0,0.0,4.0,4.0,4.0,6.1,0.0,6.1,6.1,6.1,,,,,,,,,,,,,,,,9.97,0.37,9.75,10.0,10.1,8.91,1.69,8.5,9.8,10.0,9.09,0.43,8.98,9.05,9.35,0.93,0.45,0.87,0.95,1.03,Lime softening,71.9,mg/L,1029.0,Bench-Scale,GAC,RSSCT,3.21,69.12999725341797,True,2026-04-20
1030-1-10,25.06,2.59,23.0,24.5,26.0,8.26,0.51,8.0,8.3,8.6,0.11,0.05,0.06,0.09,0.16,39.0,10.82,35.0,40.0,41.0,,,,,,73.33,10.76,65.0,75.0,82.0,62.89,11.74,56.0,65.0,72.0,0.05,0.0,0.05,0.05,0.05,77.89,3.18,76.0,79.0,80.0,2.78,0.15,2.7,2.7,2.8,28.06,0.73,27.59,28.15,28.52,0.054,0.004,0.052,0.054,0.058,1.96,0.1,1.93,1.96,2.0,2.32,0.29,2.1,2.25,2.5,193.13,20.17,185.0,195.0,206.25,73.3,8.27,70.1,72.4,74.7,24.97,4.1,21.7,25.6,26.5,32.09,4.44,28.7,33.2,33.6,,,,,,36.94,6.0,33.0,36.5,39.0,21.94,1.63,21.0,22.0,23.0,12.33,0.87,12.0,12.0,13.0,2.08,0.41,1.9,1.9,2.1,2.71,1.17,2.5,2.8,3.2,12.78,1.39,12.0,13.0,14.0,7.46,2.52,6.65,6.75,8.8,0.0,0.0,0.0,0.0,0.0,2.03,0.48,1.7,1.9,2.2,7.12,0.52,7.0,7.0,7.1,,,,,,,,,,,,,,,,24.11,0.21,24.0,24.0,24.0,22.88,2.72,20.5,23.0,25.5,8.23,0.5,7.85,7.99,8.38,0.98,0.35,0.8,0.95,1.1,Coagulation,55.0,mg/L,1030.0,Pilot-Scale,GAC,Pilot Columns,2.69,84.22000122070312,False,2026-01-10
1030-1-20,25.06,2.59,23.0,24.5,26.0,8.26,0.51,8.0,8.3,8.6,0.11,0.05,0.06,0.09,0.16,39.0,10.82,35.0,40.0,41.0,,,,,,73.33,10.76,65.0,75.0,82.0,62.89,11.74,56.0,65.0,72.0,0.05,0.0,0.05,0.05,0.05,77.89,3.18,76.0,79.0,80.0,2.78,0.15,2.7,2.7,2.8,28.06,0.73,27.59,28.15,28.52,0.054,0.004,0.052,0.054,0.058,1.96,0.1,1.93,1.96,2.0,2.32,0.29,2.1,2.25,2.5,193.13,20.17,185.0,195.0,206.25,73.3,8.27,70.1,72.4,74.7,24.97,4.1,21.7,25.6,26.5,32.09,4.44,28.7,33.2,33.6,,,,,,36.94,6.0,33.0,36.5,39.0,21.94,1.63,21.0,22.0,23.0,12.33,0.87,12.0,12.0,13.0,2.08,0.41,1.9,1.9,2.1,2.71,1.17,2.5,2.8,3.2,12.78,1.39,12.0,13.0,14.0,7.46,2.52,6.65,6.75,8.8,0.0,0.0,0.0,0.0,0.0,2.03,0.48,1.7,1.9,2.2,7.12,0.52,7.0,7.0,7.1,,,,,,,,,,,,,,,,24.08,0.26,24.0,24.0,24.0,23.08,2.98,20.13,23.0,25.5,8.05,0.4,7.82,7.9,8.0,1.09,0.31,0.91,1.0,1.18,Coagulation,55.0,mg/L,1030.0,Pilot-Scale,GAC,Pilot Columns,2.69,84.22000122070312,False,2026-01-20
1030-2-20EC,27.64,3.82,24.0,28.0,30.5,7.2,1.51,6.27,7.5,8.3,0.13,0.07,0.08,0.09,0.15,44.67,22.89,30.0,40.0,60.0,,,,,,88.67,20.83,80.0,86.0,95.0,77.86,21.75,65.0,74.0,83.0,0.05,0.0,0.05,0.05,0.05,96.88,20.94,79.0,90.0,120.0,2.51,0.44,2.25,2.7,2.8,40.8,15.53,28.21,35.42,50.0,0.046,0.01,0.036,0.049,0.054,1.84,0.24,1.71,1.89,2.0,2.75,0.7,2.25,2.6,2.9,185.42,29.03,177.5,190.0,201.25,67.09,12.45,57.13,70.35,74.5,22.49,6.3,20.4,22.85,26.45,29.21,7.3,27.24,30.2,33.58,,,,,,30.29,11.67,19.25,34.0,36.88,20.5,3.13,18.25,21.5,22.75,13.29,1.82,12.0,13.0,14.0,3.01,1.76,1.9,2.1,3.55,2.48,1.46,2.35,2.75,3.58,10.6,3.59,8.08,11.5,13.0,6.83,2.79,5.84,6.73,8.6,0.0,0.0,0.0,0.0,0.0,2.59,1.03,1.79,2.1,3.35,6.72,1.14,6.83,7.0,7.1,,,,,,,,,,,,,,,,24.05,0.15,24.0,24.0,24.0,25.47,3.64,22.5,26.0,28.0,7.78,1.23,7.8,7.9,8.2,0.98,0.4,0.7,1.0,1.2,Coagulation,13.0,mg/L,1030.0,Pilot-Scale,GAC,Pilot Columns,2.69,84.22000122070312,False,
1031-1-10,25.72,3.01,23.78,24.95,28.1,7.83,0.1,7.78,7.85,7.88,0.4,0.12,0.33,0.42,0.49,120.96,10.16,115.0,122.5,126.25,,,,,,160.13,12.05,154.0,161.25,165.5,118.79,11.42,115.0,119.25,127.75,0.05,0.04,0.0,0.0,0.05,234.55,26.22,220.0,220.0,235.0,3.36,0.21,3.18,3.38,3.5,69.7,5.63,66.67,68.57,72.33,0.065,0.006,0.062,0.064,0.07,1.94,0.16,1.8,1.94,2.06,3.23,0.55,2.88,3.2,3.44,256.46,23.66,240.0,252.5,268.75,148.58,29.86,131.75,139.5,157.25,36.89,4.67,35.48,36.7,39.83,51.35,5.55,49.48,52.1,55.08,76.24,8.79,71.49,76.05,82.78,36.21,10.81,29.63,33.0,38.0,45.67,7.99,41.0,43.0,49.75,50.75,7.88,46.75,50.0,52.75,15.95,4.36,14.75,15.5,17.5,2.39,0.91,2.18,2.35,3.01,12.5,1.67,11.38,12.5,13.25,7.29,1.37,6.5,7.55,7.88,2.17,0.79,2.08,2.4,2.61,12.54,1.17,12.0,12.5,13.25,14.46,1.62,14.0,14.75,16.0,3.97,3.6,0.0,5.05,6.78,9.6,1.18,8.68,9.8,10.0,11.26,1.48,10.38,11.5,12.0,24.06,0.27,24.0,24.0,24.0,22.75,3.35,21.45,23.5,24.0,8.15,0.12,8.1,8.1,8.2,0.55,0.23,0.4,0.6,0.65,Coagulation,2.1,mg/L,1031.0,Pilot-Scale,GAC,Pilot Columns,3.35,239.5800018310547,False,2026-01-10
1031-1-20,25.72,3.01,23.78,24.95,28.1,7.83,0.1,7.78,7.85,7.88,0.4,0.12,0.33,0.42,0.49,120.96,10.16,115.0,122.5,126.25,,,,,,160.13,12.05,154.0,161.25,165.5,118.79,11.42,115.0,119.25,127.75,0.05,0.04,0.0,0.0,0.05,234.55,26.22,220.0,220.0,235.0,3.36,0.21,3.18,3.38,3.5,69.7,5.63,66.67,68.57,72.33,0.065,0.006,0.062,0.064,0.07,1.94,0.16,1.8,1.94,2.06,3.23,0.55,2.88,3.2,3.44,256.46,23.66,240.0,252.5,268.75,148.58,29.86,131.75,139.5,157.25,36.89,4.67,35.48,36.7,39.83,51.35,5.55,49.48,52.1,55.08,76.24,8.79,71.49,76.05,82.78,36.21,10.81,29.63,33.0,38.0,45.67,7.99,41.0,43.0,49.75,50.75,7.88,46.75,50.0,52.75,15.95,4.36,14.75,15.5,17.5,2.39,0.91,2.18,2.35,3.01,12.5,1.67,11.38,12.5,13.25,7.29,1.37,6.5,7.55,7.88,2.17,0.79,2.08,2.4,2.61,12.54,1.17,12.0,12.5,13.25,14.46,1.62,14.0,14.75,16.0,3.97,3.6,0.0,5.05,6.78,9.6,1.18,8.68,9.8,10.0,11.26,1.48,10.38,11.5,12.0,24.01,0.25,24.0,24.0,24.0,22.0,4.35,21.05,23.35,24.15,8.15,0.11,8.1,8.2,8.2,0.61,0.27,0.45,0.6,0.75,Coagulation,2.1,mg/L,1031.0,Pilot-Scale,GAC,Pilot Columns,3.35,239.5800018310547,False,2026-01-20
1032-1-NTR7450,23.5,0.0,23.5,23.5,23.5,8.3,0.0,8.3,8.3,8.3,0.31,0.0,0.31,0.31,0.31,195.0,0.0,195.0,195.0,195.0,296.0,0.0,296.0,296.0,296.0,231.0,0.0,231.0,231.0,231.0,207.0,0.0,207.0,207.0,207.0,0.02,0.01,0.01,0.01,0.02,140.0,0.0,140.0,140.0,140.0,11.8,0.0,11.8,11.8,11.8,11.86,0.0,11.86,11.86,11.86,0.387,0.0,0.387,0.387,0.387,3.28,0.0,3.28,3.28,3.28,11.49,0.0,11.49,11.49,11.49,980.0,0.0,980.0,980.0,980.0,284.55,0.0,284.55,284.55,284.55,183.15,0.0,183.15,183.15,183.15,197.65,0.0,197.65,197.65,197.65,234.65,0.0,234.65,234.65,234.65,230.0,0.0,230.0,230.0,230.0,46.5,0.0,46.5,46.5,46.5,8.05,0.0,8.05,8.05,8.05,0.0,0.0,0.0,0.0,0.0,6.9,0.0,6.9,6.9,6.9,67.0,0.0,67.0,67.0,67.0,105.0,0.0,105.0,105.0,105.0,2.4,0.0,2.4,2.4,2.4,1.85,0.0,1.85,1.85,1.85,14.5,0.0,14.5,14.5,14.5,0.0,0.0,0.0,0.0,0.0,4.0,0.0,4.0,4.0,4.0,33.0,0.0,33.0,33.0,33.0,24.0,0.0,24.0,24.0,24.0,24.0,0.0,24.0,24.0,24.0,7.85,0.08,7.8,7.9,7.9,1.14,0.29,1.02,1.02,1.21,Filtration,,,1032.0,Bench-Scale,Membrane,RBSMT,12.08,153.75,False,
1032-1-TFC-SR,23.0,0.0,23.0,23.0,23.0,8.3,0.0,8.3,8.3,8.3,0.31,0.0,0.31,0.31,0.31,192.0,0.0,192.0,192.0,192.0,296.0,0.0,296.0,296.0,296.0,231.0,0.0,231.0,231.0,231.0,207.0,0.0,207.0,207.0,207.0,0.02,0.01,0.01,0.01,0.02,140.0,0.0,140.0,140.0,140.0,11.8,0.0,11.8,11.8,11.8,11.86,0.0,11.86,11.86,11.86,0.387,0.0,0.387,0.387,0.387,3.28,0.0,3.28,3.28,3.28,11.49,0.0,11.49,11.49,11.49,980.0,0.0,980.0,980.0,980.0,284.55,0.0,284.55,284.55,284.55,183.15,0.0,183.15,183.15,183.15,197.65,0.0,197.65,197.65,197.65,234.65,0.0,234.65,234.65,234.65,230.0,0.0,230.0,230.0,230.0,46.5,0.0,46.5,46.5,46.5,8.05,0.0,8.05,8.05,8.05,0.0,0.0,0.0,0.0,0.0,6.9,0.0,6.9,6.9,6.9,67.0,0.0,67.0,67.0,67.0,105.0,0.0,105.0,105.0,105.0,2.4,0.0,2.4,2.4,2.4,1.85,0.0,1.85,1.85,1.85,14.5,0.0,14.5,14.5,14.5,0.0,0.0,0.0,0.0,0.0,4.0,0.0,4.0,4.0,4.0,33.0,0.0,33.0,33.0,33.0,24.0,0.0,24.0,24.0,24.0,24.0,0.0,24.0,24.0,24.0,7.88,0.08,7.8,7.88,7.95,1.0,0.15,1.01,1.02,1.05,Filtration,,,1032.0,Bench-Scale,Membrane,RBSMT,12.08,153.75,False,
1032-2-NTR7450,23.0,0.0,23.0,23.0,23.0,8.0,0.0,8.0,8.0,8.0,0.24,0.0,0.24,0.24,0.24,230.0,0.0,230.0,230.0,230.0,303.0,0.0,303.0,303.0,303.0,291.0,0.0,291.0,291.0,291.0,270.0,0.0,270.0,270.0,270.0,0.07,0.0,0.07,0.07,0.07,130.0,0.0,130.0,130.0,130.0,12.4,0.0,12.4,12.4,12.4,10.48,0.0,10.48,10.48,10.48,0.41,0.0,0.41,0.41,0.41,3.3000000000000003,0.0,3.3000000000000003,3.3000000000000003,3.3000000000000003,8.94,0.0,8.94,8.94,8.94,1030.0,0.0,1030.0,1030.0,1030.0,328.45,0.0,328.45,328.45,328.45,192.9,0.0,192.9,192.9,192.9,207.9,0.0,207.9,207.9,207.9,,,,,,265.0,0.0,265.0,265.0,265.0,55.5,0.0,55.5,55.5,55.5,7.95,0.0,7.95,7.95,7.95,0.0,0.0,0.0,0.0,0.0,11.0,0.0,11.0,11.0,11.0,69.0,0.0,69.0,69.0,69.0,110.0,0.0,110.0,110.0,110.0,1.2,0.0,1.2,1.2,1.2,1.7,0.0,1.7,1.7,1.7,15.0,0.0,15.0,15.0,15.0,,,,,,2.7,0.0,2.7,2.7,2.7,29.0,0.0,29.0,29.0,29.0,24.0,0.0,24.0,24.0,24.0,24.0,0.0,24.0,24.0,24.0,7.99,0.06,7.95,7.95,8.05,1.01,0.29,1.01,1.06,1.07,Filtration,,,1032.0,Bench-Scale,Membrane,RBSMT,12.08,153.75,False,
1032-2-TFC-SR,23.0,0.0,23.0,23.0,23.0,8.0,0.0,8.0,8.0,8.0,0.24,0.0,0.24,0.24,0.24,230.0,0.0,230.0,230.0,230.0,303.0,0.0,303.0,303.0,303.0,291.0,0.0,291.0,291.0,291.0,270.0,0.0,270.0,270.0,270.0,0.07,0.0,0.07,0.07,0.07,130.0,0.0,130.0,130.0,130.0,12.4,0.0,12.4,12.4,12.4,10.48,0.0,10.48,10.48,10.48,0.41,0.0,0.41,0.41,0.41,3.3000000000000003,0.0,3.3000000000000003,3.3000000000000003,3.3000000000000003,8.94,0.0,8.94,8.94,8.94,1030.0,0.0,1030.0,1030.0,1030.0,328.45,0.0,328.45,328.45,328.45,192.9,0.0,192.9,192.9,192.9,207.9,0.0,207.9,207.9,207.9,,,,,,265.0,0.0,265.0,265.0,265.0,55.5,0.0,55.5,55.5,55.5,7.95,0.0,7.95,7.95,7.95,0.0,0.0,0.0,0.0,0.0,11.0,0.0,11.0,11.0,11.0,69.0,0.0,69.0,69.0,69.0,110.0,0.0,110.0,110.0,110.0,1.2,0.0,1.2,1.2,1.2,1.7,0.0,1.7,1.7,1.7,15.0,0.0,15.0,15.0,15.0,,,,,,2.7,0.0,2.7,2.7,2.7,29.0,0.0,29.0,29.0,29.0,24.0,0.0,24.0,24.0,24.0,24.0,0.0,24.0,24.0,24.0,7.94,0.06,7.9,7.95,7.95,1.22,0.38,1.06,1.06,1.55,Filtration,,,1032.0,Bench-Scale,Membrane,RBSMT,12.08,153.75,False,
1032-3-NTR7450,24.0,0.0,24.0,24.0,24.0,7.83,0.0,7.83,7.83,7.83,0.32,0.0,0.32,0.32,0.32,300.0,0.0,300.0,300.0,300.0,318.0,0.0,318.0,318.0,318.0,316.0,0.0,316.0,316.0,316.0,262.0,0.0,262.0,262.0,262.0,0.02,0.01,0.01,0.01,0.02,165.0,0.0,165.0,165.0,165.0,11.1,0.0,11.1,11.1,11.1,14.86,0.0,14.86,14.86,14.86,0.409,0.0,0.409,0.409,0.409,3.68,0.0,3.68,3.68,3.68,12.12,0.0,12.12,12.12,12.12,1100.0,0.0,1100.0,1100.0,1100.0,409.3,0.0,409.3,409.3,409.3,291.90000000000003,0.0,291.90000000000003,291.90000000000003,291.90000000000003,307.40000000000003,0.0,307.40000000000003,307.40000000000003,307.40000000000003,333.85,0.0,333.85,333.85,333.85,335.0,0.0,335.0,335.0,335.0,66.0,0.0,66.0,66.0,66.0,8.3,0.0,8.3,8.3,8.3,0.0,0.0,0.0,0.0,0.0,9.1,0.0,9.1,9.1,9.1,115.0,0.0,115.0,115.0,115.0,165.0,0.0,165.0,165.0,165.0,1.15,0.0,1.15,1.15,1.15,1.65,0.0,1.65,1.65,1.65,15.5,0.0,15.5,15.5,15.5,0.0,0.0,0.0,0.0,0.0,2.45,0.0,2.45,2.45,2.45,24.0,0.0,24.0,24.0,24.0,24.0,0.0,24.0,24.0,24.0,24.0,0.0,24.0,24.0,24.0,7.890000000000001,0.03,7.87,7.87,7.91,0.94,0.2,0.87,0.89,0.96,Filtration,,,1032.0,Bench-Scale,Membrane,RBSMT,12.08,153.75,False,
1032-3-TFC-SR,24.0,0.0,24.0,24.0,24.0,7.83,0.0,7.83,7.83,7.83,0.32,0.0,0.32,0.32,0.32,300.0,0.0,300.0,300.0,300.0,318.0,0.0,318.0,318.0,318.0,316.0,0.0,316.0,316.0,316.0,262.0,0.0,262.0,262.0,262.0,0.02,0.01,0.01,0.01,0.02,165.0,0.0,165.0,165.0,165.0,11.1,0.0,11.1,11.1,11.1,14.86,0.0,14.86,14.86,14.86,0.409,0.0,0.409,0.409,0.409,3.68,0.0,3.68,3.68,3.68,12.12,0.0,12.12,12.12,12.12,1100.0,0.0,1100.0,1100.0,1100.0,409.3,0.0,409.3,409.3,409.3,291.90000000000003,0.0,291.90000000000003,291.90000000000003,291.90000000000003,307.40000000000003,0.0,307.40000000000003,307.40000000000003,307.40000000000003,333.85,0.0,333.85,333.85,333.85,335.0,0.0,335.0,335.0,335.0,66.0,0.0,66.0,66.0,66.0,8.3,0.0,8.3,8.3,8.3,0.0,0.0,0.0,0.0,0.0,9.1,0.0,9.1,9.1,9.1,115.0,0.0,115.0,115.0,115.0,165.0,0.0,165.0,165.0,165.0,1.15,0.0,1.15,1.15,1.15,1.65,0.0,1.65,1.65,1.65,15.5,0.0,15.5,15.5,15.5,0.0,0.0,0.0,0.0,0.0,2.45,0.0,2.45,2.45,2.45,24.0,0.0,24.0,24.0,24.0,24.0,0.0,24.0,24.0,24.0,24.0,0.0,24.0,24.0,24.0,7.930000000000001,0.08,7.87,7.9,7.98,0.97,0.18,0.89,0.89,1.02,Filtration,,,1032.0,Bench-Scale,Membrane,RBSMT,12.08,153.75,False,
1032-4-NTR7450,23.0,0.0,23.0,23.0,23.0,8.17,0.0,8.17,8.17,8.17,0.33,0.0,0.33,0.33,0.33,430.0,0.0,430.0,430.0,430.0,300.0,0.0,300.0,300.0,300.0,249.0,0.0,249.0,249.0,249.0,214.0,0.0,214.0,214.0,214.0,0.02,0.01,0.01,0.01,0.02,180.0,0.0,180.0,180.0,180.0,13.0,0.0,13.0,13.0,13.0,13.85,0.0,13.85,13.85,13.85,0.462,0.0,0.462,0.462,0.462,3.5500000000000003,0.0,3.5500000000000003,3.5500000000000003,3.5500000000000003,11.55,0.0,11.55,11.55,11.55,1180.0,0.0,1180.0,1180.0,1180.0,346.05,0.0,346.05,346.05,346.05,247.15,0.0,247.15,247.15,247.15,264.15,0.0,264.15,264.15,264.15,289.75,0.0,289.75,289.75,289.75,275.0,0.0,275.0,275.0,275.0,62.0,0.0,62.0,62.0,62.0,9.05,0.0,9.05,9.05,9.05,0.0,0.0,0.0,0.0,0.0,0.0,0.0,0.0,0.0,0.0,104.5,0.0,104.5,104.5,104.5,140.0,0.0,140.0,140.0,140.0,0.5,0.0,0.5,0.5,0.5,2.15,0.0,2.15,2.15,2.15,17.0,0.0,17.0,17.0,17.0,0.0,0.0,0.0,0.0,0.0,2.6,0.0,2.6,2.6,2.6,23.0,0.0,23.0,23.0,23.0,24.0,0.0,24.0,24.0,24.0,24.0,0.0,24.0,24.0,24.0,7.99,0.05,7.95,7.98,8.02,1.1,0.23,0.95,0.98,1.15,Filtration,,,1032.0,Bench-Scale,Membrane,RBSMT,12.08,153.75,False,
1032-4-TFC-SR,23.0,0.0,23.0,23.0,23.0,8.17,0.0,8.17,8.17,8.17,0.33,0.0,0.33,0.33,0.33,430.0,0.0,430.0,430.0,430.0,300.0,0.0,300.0,300.0,300.0,249.0,0.0,249.0,249.0,249.0,214.0,0.0,214.0,214.0,214.0,0.02,0.01,0.01,0.01,0.02,180.0,0.0,180.0,180.0,180.0,13.0,0.0,13.0,13.0,13.0,13.85,0.0,13.85,13.85,13.85,0.462,0.0,0.462,0.462,0.462,3.5500000000000003,0.0,3.5500000000000003,3.5500000000000003,3.5500000000000003,11.55,0.0,11.55,11.55,11.55,1180.0,0.0,1180.0,1180.0,1180.0,346.05,0.0,346.05,346.05,346.05,247.15,0.0,247.15,247.15,247.15,264.15,0.0,264.15,264.15,264.15,289.75,0.0,289.75,289.75,289.75,275.0,0.0,275.0,275.0,275.0,62.0,0.0,62.0,62.0,62.0,9.05,0.0,9.05,9.05,9.05,0.0,0.0,0.0,0.0,0.0,0.0,0.0,0.0,0.0,0.0,104.5,0.0,104.5,104.5,104.5,140.0,0.0,140.0,140.0,140.0,0.5,0.0,0.5,0.5,0.5,2.15,0.0,2.15,2.15,2.15,17.0,0.0,17.0,17.0,17.0,0.0,0.0,0.0,0.0,0.0,2.6,0.0,2.6,2.6,2.6,23.0,0.0,23.0,23.0,23.0,24.0,0.0,24.0,24.0,24.0,24.0,0.0,24.0,24.0,24.0,7.930000000000001,0.05,7.930000000000001,7.95,7.95,1.19,0.4,0.95,0.95,1.6,Filtration,,,1032.0,Bench-Scale,Membrane,RBSMT,12.08,153.75,False,
1033-1-10,20.85,3.93,19.0,21.0,24.0,5.72,0.19,5.58,5.72,5.78,0.13,0.03,0.12,0.13,0.13,2.85,0.59,2.5,2.5,3.0,,,,,,22.15,1.91,22.0,22.0,24.0,18.0,2.16,18.0,18.0,20.0,0.0,0.06,0.0,0.0,0.0,10.0,0.0,10.0,10.0,10.0,2.27,0.23,2.2,2.3,2.35,4.46,0.47,4.26,4.45,4.66,0.05,0.009,0.044,0.051,0.055,2.22,0.25,2.11,2.23,2.3,2.31,0.85,2.12,2.44,2.66,259.5,80.22,210.0,242.5,282.5,72.61,15.83,65.6,75.1,84.0,48.65,7.4,42.91,48.15,53.35,51.9,7.6,45.88,51.75,56.78,,,,,,62.91,14.11,57.5,63.0,73.0,9.6,1.87,8.1,9.9,11.0,0.1,0.33,0.0,0.0,0.0,0.0,0.0,0.0,0.0,0.0,4.11,1.58,3.05,3.6,4.9,23.4,3.53,21.25,23.5,25.75,21.25,5.3,16.63,21.5,24.0,0.0,0.0,0.0,0.0,0.0,0.0,0.0,0.0,0.0,0.0,3.3,0.57,3.05,3.4,3.7,,,,,,,,,,,,,,,,100.39,2.5,100.0,100.0,100.0,13.0,0.0,13.0,13.0,13.0,8.7,0.61,8.5,9.07,9.07,0.91,0.33,0.66,0.87,1.19,Coagulation,16.0,mg/L,1033.0,Pilot-Scale,GAC,Pilot Columns,2.31,11.100000381469728,False,2026-01-10
1033-1-20,20.85,3.93,19.0,21.0,24.0,5.72,0.19,5.58,5.72,5.78,0.13,0.03,0.12,0.13,0.13,2.85,0.59,2.5,2.5,3.0,,,,,,22.15,1.91,22.0,22.0,24.0,18.0,2.16,18.0,18.0,20.0,0.0,0.06,0.0,0.0,0.0,10.0,0.0,10.0,10.0,10.0,2.27,0.23,2.2,2.3,2.35,4.46,0.47,4.26,4.45,4.66,0.05,0.009,0.044,0.051,0.055,2.22,0.25,2.11,2.23,2.3,2.31,0.85,2.12,2.44,2.66,259.5,80.22,210.0,242.5,282.5,72.61,15.83,65.6,75.1,84.0,48.65,7.4,42.91,48.15,53.35,51.9,7.6,45.88,51.75,56.78,,,,,,62.91,14.11,57.5,63.0,73.0,9.6,1.87,8.1,9.9,11.0,0.1,0.33,0.0,0.0,0.0,0.0,0.0,0.0,0.0,0.0,4.11,1.58,3.05,3.6,4.9,23.4,3.53,21.25,23.5,25.75,21.25,5.3,16.63,21.5,24.0,0.0,0.0,0.0,0.0,0.0,0.0,0.0,0.0,0.0,0.0,3.3,0.57,3.05,3.4,3.7,,,,,,,,,,,,,,,,100.41,2.56,100.0,100.0,100.0,13.0,0.0,13.0,13.0,13.0,8.78,0.57,8.7,9.07,9.07,0.91,0.31,0.72,0.88,1.2,Coagulation,16.0,mg/L,1033.0,Pilot-Scale,GAC,Pilot Columns,2.31,11.100000381469728,False,2026-01-20
1034-1-10,20.0,0.0,20.0,20.0,20.0,7.88,0.22,7.83,7.88,7.94,0.53,0.31,0.39,0.58,0.7,160.0,7.07,157.5,160.0,162.5,,,,,,220.25,4.6,218.63,220.25,221.88,131.75,2.47,130.88,131.75,132.63,0.03,0.0,0.03,0.03,0.03,51.4,6.22,49.2,51.4,53.6,3.7,0.41,3.46,3.53,3.85,13.34,0.04,13.33,13.34,13.36,0.071,0.003,0.07,0.071,0.073,1.93,0.14,1.89,2.01,2.01,1.71,0.09,1.67,1.7,1.75,280.0,43.41,266.0,302.0,305.0,50.09,3.3,48.67,50.88,51.91,31.55,7.22,29.33,35.45,35.72,35.39,7.53,33.06,39.41,39.73,,,,,,32.92,2.78,31.72,33.56,34.44,13.78,0.59,13.54,13.95,14.11,3.39,0.06,3.36,3.36,3.41,0.0,0.0,0.0,0.0,0.0,0.0,0.0,0.0,0.0,0.0,12.51,2.03,11.91,13.65,13.69,19.04,5.2,17.39,21.73,22.03,0.0,0.0,0.0,0.0,0.0,0.0,0.0,0.0,0.0,0.0,3.84,0.31,3.73,3.96,4.02,,,,,,,,,,,,,,,,48.86,1.37,47.82,48.0,50.37,4.0,0.0,4.0,4.0,4.0,7.5,0.02,7.49,7.51,7.52,0.84,0.2,0.72,0.8,0.9,Carbon contact,47.0,mg/L,1034.0,Bench-Scale,GAC,RSSCT,3.79,54.40999984741211,False,2026-01-10
1034-1-20,20.0,0.0,20.0,20.0,20.0,7.88,0.22,7.83,7.88,7.94,0.53,0.31,0.39,0.58,0.7,160.0,7.07,157.5,160.0,162.5,,,,,,220.25,4.6,218.63,220.25,221.88,131.75,2.47,130.88,131.75,132.63,0.03,0.0,0.03,0.03,0.03,51.4,6.22,49.2,51.4,53.6,3.7,0.41,3.46,3.53,3.85,13.34,0.04,13.33,13.34,13.36,0.071,0.003,0.07,0.071,0.073,1.93,0.14,1.89,2.01,2.01,1.71,0.09,1.67,1.7,1.75,280.0,43.41,266.0,302.0,305.0,50.09,3.3,48.67,50.88,51.91,31.55,7.22,29.33,35.45,35.72,35.39,7.53,33.06,39.41,39.73,,,,,,32.92,2.78,31.72,33.56,34.44,13.78,0.59,13.54,13.95,14.11,3.39,0.06,3.36,3.36,3.41,0.0,0.0,0.0,0.0,0.0,0.0,0.0,0.0,0.0,0.0,12.51,2.03,11.91,13.65,13.69,19.04,5.2,17.39,21.73,22.03,0.0,0.0,0.0,0.0,0.0,0.0,0.0,0.0,0.0,0.0,3.84,0.31,3.73,3.96,4.02,,,,,,,,,,,,,,,,48.0,0.0,48.0,48.0,48.0,4.0,0.0,4.0,4.0,4.0,7.5,0.01,7.5,7.5,7.5,0.95,0.24,0.83,0.96,1.14,Coagulation,47.0,mg/L,1034.0,Bench-Scale,GAC,RSSCT,3.79,54.40999984741211,False,2026-01-20
1034-2-10,20.0,0.0,20.0,20.0,20.0,7.97,0.15,7.93,8.05,8.06,0.45,0.36,0.25,0.34,0.6,121.5,0.71,121.25,121.5,121.75,,,,,,197.35,23.12,189.18,197.35,205.53,119.9,12.59,115.45,119.9,124.35,0.03,0.0,0.03,0.03,0.03,33.05,0.21,32.98,33.05,33.13,3.44,0.1,3.38,3.38,3.47,9.55,0.39,9.41,9.55,9.68,0.072,0.001,0.071,0.072,0.072,2.08,0.07,2.06,2.12,2.12,2.32,0.14,2.26,2.32,2.39,269.0,11.3,262.5,263.5,272.75,67.7,6.46,64.34,67.14,70.78,58.99,2.1,57.79,58.09,59.74,62.89,2.1,61.69,61.89,63.6,,,,,,54.1,5.73,51.06,53.33,56.75,12.03,0.84,11.64,12.16,12.48,1.57,0.11,1.52,1.6,1.63,0.0,0.0,0.0,0.0,0.0,2.07,0.09,2.02,2.08,2.12,24.77,0.83,24.49,25.16,25.25,32.16,2.08,31.15,32.3,33.23,0.0,0.0,0.0,0.0,0.0,0.0,0.0,0.0,0.0,0.0,3.9,0.09,3.85,3.91,3.95,,,,,,,,,,,,,,,,48.19,0.81,47.82,48.19,48.32,13.0,0.0,13.0,13.0,13.0,7.51,0.06,7.47,7.51,7.55,0.95,0.14,0.91,0.97,1.03,Coagulation,67.5,mg/L,1034.0,Bench-Scale,GAC,RSSCT,3.79,54.40999984741211,False,2026-02-10
1034-2-20,20.0,0.0,20.0,20.0,20.0,7.97,0.15,7.93,8.05,8.06,0.45,0.36,0.25,0.34,0.6,121.5,0.71,121.25,121.5,121.75,,,,,,197.35,23.12,189.18,197.35,205.53,119.9,12.59,115.45,119.9,124.35,0.03,0.0,0.03,0.03,0.03,33.05,0.21,32.98,33.05,33.13,3.44,0.1,3.38,3.38,3.47,9.55,0.39,9.41,9.55,9.68,0.072,0.001,0.071,0.072,0.072,2.08,0.07,2.06,2.12,2.12,2.32,0.14,2.26,2.32,2.39,269.0,11.3,262.5,263.5,272.75,67.7,6.46,64.34,67.14,70.78,58.99,2.1,57.79,58.09,59.74,62.89,2.1,61.69,61.89,63.6,,,,,,54.1,5.73,51.06,53.33,56.75,12.03,0.84,11.64,12.16,12.48,1.57,0.11,1.52,1.6,1.63,0.0,0.0,0.0,0.0,0.0,2.07,0.09,2.02,2.08,2.12,24.77,0.83,24.49,25.16,25.25,32.16,2.08,31.15,32.3,33.23,0.0,0.0,0.0,0.0,0.0,0.0,0.0,0.0,0.0,0.0,3.9,0.09,3.85,3.91,3.95,,,,,,,,,,,,,,,,47.05,1.72,45.46,47.75,48.14,13.0,0.38,13.0,13.0,13.0,7.52,0.05,7.49,7.54,7.55,1.21,0.48,1.01,1.06,1.35,Coagulation,67.5,mg/L,1034.0,Bench-Scale,GAC,RSSCT,3.79,54.40999984741211,False,2026-02-20
1034-3-10,20.0,0.0,20.0,20.0,20.0,8.1,0.24,7.99,8.14,8.23,0.59,0.26,0.5,0.71,0.74,156.5,0.71,156.25,156.5,156.75,,,,,,215.0,5.66,213.0,215.0,217.0,123.5,2.12,122.75,123.5,124.25,0.03,0.0,0.03,0.03,0.03,53.2,0.42,53.05,53.2,53.35,4.26,0.03,4.26,4.28,4.28,12.43,0.1,12.39,12.43,12.46,0.098,0.0,0.098,0.098,0.098,2.3,0.02,2.28,2.29,2.31,4.54,0.15,4.46,4.53,4.61,528.0,28.35,517.0,538.0,544.0,135.68,1.67,134.75,135.22,136.38,119.68,5.55,118.3,119.68,121.07,128.23,5.5,126.85,128.23,129.6,,,,,,104.54,2.74,102.98,103.45,105.55,26.71,0.86,26.45,27.18,27.21,4.42,0.24,4.33,4.52,4.55,0.0,0.0,0.0,0.0,0.0,6.69,2.63,5.26,6.15,7.85,49.81,1.31,49.48,49.81,50.14,60.04,0.43,59.93,60.04,60.15,1.43,0.16,1.39,1.43,1.47,0.56,1.11,0.28,0.56,0.83,8.52,0.05,8.5,8.52,8.54,,,,,,,,,,,,,,,,47.68,0.55,47.34,47.9,48.08,28.67,0.49,28.0,29.0,29.0,7.53,0.04,7.51,7.51,7.56,0.95,0.21,0.85,0.95,1.12,Carbon contact,0.98,mg/L,1034.0,Bench-Scale,GAC,RSSCT,3.79,54.40999984741211,False,2026-03-10
1034-3-20,20.0,0.0,20.0,20.0,20.0,8.1,0.24,7.99,8.14,8.23,0.59,0.26,0.5,0.71,0.74,156.5,0.71,156.25,156.5,156.75,,,,,,215.0,5.66,213.0,215.0,217.0,123.5,2.12,122.75,123.5,124.25,0.03,0.0,0.03,0.03,0.03,53.2,0.42,53.05,53.2,53.35,4.26,0.03,4.26,4.28,4.28,12.43,0.1,12.39,12.43,12.46,0.098,0.0,0.098,0.098,0.098,2.3,0.02,2.28,2.29,2.31,4.54,0.15,4.46,4.53,4.61,528.0,28.35,517.0,538.0,544.0,135.68,1.67,134.75,135.22,136.38,119.68,5.55,118.3,119.68,121.07,128.23,5.5,126.85,128.23,129.6,,,,,,104.54,2.74,102.98,103.45,105.55,26.71,0.86,26.45,27.18,27.21,4.42,0.24,4.33,4.52,4.55,0.0,0.0,0.0,0.0,0.0,6.69,2.62,5.27,6.15,7.85,49.81,1.31,49.48,49.81,50.14,60.04,0.43,59.93,60.04,60.15,1.43,0.16,1.39,1.43,1.47,0.56,1.11,0.28,0.56,0.83,8.52,0.04,8.5,8.52,8.54,,,,,,,,,,,,,,,,47.31,0.68,46.45,47.67,47.86,28.8,0.41,29.0,29.0,29.0,7.51,0.05,7.48,7.51,7.55,1.02,0.24,0.88,1.09,1.18,Carbon contact,0.98,mg/L,1034.0,Bench-Scale,GAC,RSSCT,3.79,54.40999984741211,False,2026-03-20
1034-4-10,20.27,0.25,20.15,20.3,20.4,8.01,0.31,7.9,8.13,8.19,0.77,0.4,0.61,0.9,1.0,147.0,1.41,146.5,147.0,147.5,,,,,,217.5,21.92,209.75,217.5,225.25,127.5,12.02,123.25,127.5,131.75,0.06,0.03,0.04,0.05,0.06,80.0,25.46,71.0,80.0,89.0,3.76,0.07,3.74,3.79,3.81,21.35,6.37,19.1,21.35,23.61,0.078,0.003,0.077,0.077,0.08,2.08,0.09,2.04,2.09,2.13,2.6,0.03,2.59,2.6,2.62,295.67,8.37,293.25,300.5,300.5,79.83,1.5,79.05,79.7,80.55,54.53,1.44,53.7,53.7,54.95,58.67,4.48,56.8,59.9,61.15,,,,,,54.63,0.45,54.4,54.6,54.85,20.63,1.11,20.05,20.5,21.15,4.57,0.06,4.55,4.6,4.6,0.0,0.0,0.0,0.0,0.0,3.93,0.67,3.65,4.1,4.3,23.13,1.37,22.4,22.9,23.75,27.1,2.59,25.65,26.3,28.15,0.0,0.0,0.0,0.0,0.0,0.37,0.64,0.0,0.0,0.55,4.13,3.58,3.1,6.2,6.2,,,,,,,,,,,,,,,,46.79,0.33,46.54,46.78,46.91,18.0,0.0,18.0,18.0,18.0,7.53,0.06,7.5,7.52,7.58,1.2,0.21,1.07,1.16,1.24,Carbon contact,0.86,mg/L,1034.0,Bench-Scale,GAC,RSSCT,3.79,54.40999984741211,False,2026-04-10
1034-4-20,20.27,0.25,20.15,20.3,20.4,8.01,0.31,7.9,8.13,8.19,0.77,0.4,0.61,0.9,1.0,147.0,1.41,146.5,147.0,147.5,,,,,,217.5,21.92,209.75,217.5,225.25,127.5,12.02,123.25,127.5,131.75,0.06,0.03,0.04,0.05,0.06,80.0,25.46,71.0,80.0,89.0,3.76,0.07,3.74,3.79,3.81,21.35,6.37,19.1,21.35,23.61,0.078,0.003,0.077,0.077,0.08,2.08,0.09,2.04,2.09,2.13,2.6,0.03,2.59,2.6,2.62,295.67,8.37,293.25,300.5,300.5,79.83,1.5,79.05,79.7,80.55,54.53,1.44,53.7,53.7,54.95,58.67,4.48,56.8,59.9,61.15,,,,,,54.63,0.45,54.4,54.6,54.85,20.63,1.11,20.05,20.5,21.15,4.57,0.06,4.55,4.6,4.6,0.0,0.0,0.0,0.0,0.0,3.93,0.67,3.65,4.1,4.3,23.13,1.37,22.4,22.9,23.75,27.1,2.59,25.65,26.3,28.15,0.0,0.0,0.0,0.0,0.0,0.37,0.64,0.0,0.0,0.55,4.13,3.58,3.1,6.2,6.2,,,,,,,,,,,,,,,,46.93,0.67,46.29,46.8,47.34,18.0,0.0,18.0,18.0,18.0,7.55,0.03,7.52,7.56,7.58,1.15,0.1,1.1,1.17,1.23,Carbon contact,0.86,mg/L,1034.0,Bench-Scale,GAC,RSSCT,3.79,54.40999984741211,False,2026-04-20
1035-1-ESNA1,21.5,0.0,21.5,21.5,21.5,6.3500000000000005,0.0,6.3500000000000005,6.3500000000000005,6.3500000000000005,0.87,0.0,0.87,0.87,0.87,69.65,0.0,69.65,69.65,69.65,586.5,0.0,586.5,586.5,586.5,285.0,0.0,285.0,285.0,285.0,268.0,0.0,268.0,268.0,268.0,0.35,0.0,0.35,0.35,0.35,176.51,0.0,176.51,176.51,176.51,11.0,0.0,11.0,11.0,11.0,16.05,0.0,16.05,16.05,16.05,0.372,0.0,0.372,0.372,0.372,3.38,0.0,3.38,3.38,3.38,12.3,0.0,12.3,12.3,12.3,924.25,0.0,924.25,924.25,924.25,210.25,0.0,210.25,210.25,210.25,161.03,0.0,161.03,161.03,161.03,174.82,0.0,174.82,174.82,174.82,,,,,,151.89,0.0,151.89,151.89,151.89,50.92,0.0,50.92,50.92,50.92,7.43,0.0,7.43,7.43,7.43,0.0,0.0,0.0,0.0,0.0,7.96,0.0,7.96,7.96,7.96,57.94,0.0,57.94,57.94,57.94,92.27,0.0,92.27,92.27,92.27,1.25,0.0,1.25,1.25,1.25,1.62,0.0,1.62,1.62,1.62,13.78,0.0,13.78,13.78,13.78,,,,,,,,,,,,,,,,23.32,0.24,23.26,23.26,23.29,22.0,0.0,22.0,22.0,22.0,7.52,0.04,7.52,7.52,7.52,0.89,0.32,0.7000000000000001,0.7000000000000001,1.02,pH adjustment,3.0,mg/L,1035.0,Bench-Scale,Membrane,RBSMT,9.625,183.75,False,
1035-1-NF200B,21.5,0.0,21.5,21.5,21.5,6.69,0.0,6.69,6.69,6.69,0.38,0.0,0.38,0.38,0.38,147.5,0.0,147.5,147.5,147.5,474.0,0.0,474.0,474.0,474.0,295.0,0.0,295.0,295.0,295.0,279.0,0.0,279.0,279.0,279.0,0.64,0.0,0.64,0.64,0.64,184.5,0.0,184.5,184.5,184.5,9.7,0.0,9.7,9.7,9.7,19.03,0.0,19.03,19.03,19.03,0.279,0.0,0.279,0.279,0.279,2.88,0.0,2.88,2.88,2.88,10.69,0.0,10.69,10.69,10.69,722.25,0.0,722.25,722.25,722.25,226.55,0.0,226.55,226.55,226.55,116.9,0.0,116.9,116.9,116.9,125.25,0.0,125.25,125.25,125.25,,,,,,166.39,0.0,166.39,166.39,166.39,49.92,0.0,49.92,49.92,49.92,10.24,0.0,10.24,10.24,10.24,0.0,0.0,0.0,0.0,0.0,4.2700000000000005,0.0,4.2700000000000005,4.2700000000000005,4.2700000000000005,36.22,0.0,36.22,36.22,36.22,74.34,0.0,74.34,74.34,74.34,0.65,0.0,0.65,0.65,0.65,1.43,0.0,1.43,1.43,1.43,8.35,0.0,8.35,8.35,8.35,,,,,,,,,,,,,,,,23.62,0.02,23.62,23.63,23.63,23.0,0.0,23.0,23.0,23.0,7.51,0.03,7.49,7.52,7.53,1.24,0.26,1.17,1.32,1.32,pH adjustment,3.0,mg/L,1035.0,Bench-Scale,Membrane,RBSMT,9.625,183.75,False,
1035-1-NF70,21.5,0.0,21.5,21.5,21.5,6.69,0.0,6.69,6.69,6.69,0.38,0.0,0.38,0.38,0.38,147.5,0.0,147.5,147.5,147.5,474.0,0.0,474.0,474.0,474.0,295.0,0.0,295.0,295.0,295.0,279.0,0.0,279.0,279.0,279.0,0.64,0.0,0.64,0.64,0.64,184.5,0.0,184.5,184.5,184.5,9.7,0.0,9.7,9.7,9.7,19.03,0.0,19.03,19.03,19.03,0.279,0.0,0.279,0.279,0.279,2.88,0.0,2.88,2.88,2.88,10.69,0.0,10.69,10.69,10.69,722.25,0.0,722.25,722.25,722.25,226.55,0.0,226.55,226.55,226.55,116.9,0.0,116.9,116.9,116.9,125.25,0.0,125.25,125.25,125.25,,,,,,166.39,0.0,166.39,166.39,166.39,49.92,0.0,49.92,49.92,49.92,10.24,0.0,10.24,10.24,10.24,0.0,0.0,0.0,0.0,0.0,4.2700000000000005,0.0,4.2700000000000005,4.2700000000000005,4.2700000000000005,36.22,0.0,36.22,36.22,36.22,74.34,0.0,74.34,74.34,74.34,0.65,0.0,0.65,0.65,0.65,1.43,0.0,1.43,1.43,1.43,8.35,0.0,8.35,8.35,8.35,,,,,,,,,,,,,,,,23.62,0.02,23.62,23.63,23.63,23.0,0.0,23.0,23.0,23.0,7.51,0.03,7.49,7.52,7.53,1.24,0.26,1.17,1.32,1.32,pH adjustment,3.0,mg/L,1035.0,Bench-Scale,Membrane,RBSMT,9.625,183.75,False,
1035-1-TFC-S,21.5,0.0,21.5,21.5,21.5,6.3500000000000005,0.0,6.3500000000000005,6.3500000000000005,6.3500000000000005,0.87,0.0,0.87,0.87,0.87,69.65,0.0,69.65,69.65,69.65,586.5,0.0,586.5,586.5,586.5,285.0,0.0,285.0,285.0,285.0,268.0,0.0,268.0,268.0,268.0,0.35,0.0,0.35,0.35,0.35,176.51,0.0,176.51,176.51,176.51,11.0,0.0,11.0,11.0,11.0,16.05,0.0,16.05,16.05,16.05,0.372,0.0,0.372,0.372,0.372,3.38,0.0,3.38,3.38,3.38,12.3,0.0,12.3,12.3,12.3,924.25,0.0,924.25,924.25,924.25,210.25,0.0,210.25,210.25,210.25,161.03,0.0,161.03,161.03,161.03,174.82,0.0,174.82,174.82,174.82,,,,,,151.89,0.0,151.89,151.89,151.89,50.92,0.0,50.92,50.92,50.92,7.43,0.0,7.43,7.43,7.43,0.0,0.0,0.0,0.0,0.0,7.96,0.0,7.96,7.96,7.96,57.94,0.0,57.94,57.94,57.94,92.27,0.0,92.27,92.27,92.27,1.25,0.0,1.25,1.25,1.25,1.62,0.0,1.62,1.62,1.62,13.78,0.0,13.78,13.78,13.78,,,,,,,,,,,,,,,,23.32,0.24,23.26,23.26,23.29,22.0,0.0,22.0,22.0,22.0,7.52,0.04,7.52,7.52,7.52,0.89,0.32,0.7000000000000001,0.7000000000000001,1.02,pH adjustment,3.0,mg/L,1035.0,Bench-Scale,Membrane,RBSMT,9.625,183.75,False,
1035-2-ESNA1,21.5,0.0,21.5,21.5,21.5,6.87,0.0,6.87,6.87,6.87,0.86,0.0,0.86,0.86,0.86,94.85,0.0,94.85,94.85,94.85,513.5,0.0,513.5,513.5,513.5,327.5,0.0,327.5,327.5,327.5,308.0,0.0,308.0,308.0,308.0,0.72,0.0,0.72,0.72,0.72,194.0,0.0,194.0,194.0,194.0,8.5,0.0,8.5,8.5,8.5,22.82,0.0,22.82,22.82,22.82,0.299,0.0,0.299,0.299,0.299,3.51,0.0,3.51,3.51,3.51,11.52,0.0,11.52,11.52,11.52,618.25,0.0,618.25,618.25,618.25,206.85,0.0,206.85,206.85,206.85,126.3,0.0,126.3,126.3,126.3,137.9,0.0,137.9,137.9,137.9,,,,,,146.5,0.0,146.5,146.5,146.5,50.8,0.0,50.8,50.8,50.8,9.55,0.0,9.55,9.55,9.55,0.0,0.0,0.0,0.0,0.0,7.3,0.0,7.3,7.3,7.3,43.8,0.0,43.8,43.8,43.8,72.45,0.0,72.45,72.45,72.45,1.2,0.0,1.2,1.2,1.2,1.55,0.0,1.55,1.55,1.55,11.6,0.0,11.6,11.6,11.6,,,,,,,,,,,,,,,,23.9,0.54,23.99,24.08,24.08,22.0,0.0,22.0,22.0,22.0,7.47,0.06,7.44,7.44,7.5,1.02,0.33,0.78,1.09,1.09,pH adjustment,3.0,mg/L,1035.0,Bench-Scale,Membrane,RBSMT,9.625,183.75,False,
1035-2-NF200B,21.5,0.0,21.5,21.5,21.5,6.87,0.0,6.87,6.87,6.87,0.86,0.0,0.86,0.86,0.86,94.85,0.0,94.85,94.85,94.85,513.5,0.0,513.5,513.5,513.5,327.5,0.0,327.5,327.5,327.5,308.0,0.0,308.0,308.0,308.0,0.72,0.0,0.72,0.72,0.72,194.0,0.0,194.0,194.0,194.0,8.5,0.0,8.5,8.5,8.5,22.82,0.0,22.82,22.82,22.82,0.292,0.0,0.292,0.292,0.292,3.44,0.0,3.44,3.44,3.44,11.52,0.0,11.52,11.52,11.52,618.25,0.0,618.25,618.25,618.25,206.85,0.0,206.85,206.85,206.85,126.3,0.0,126.3,126.3,126.3,137.9,0.0,137.9,137.9,137.9,,,,,,146.5,0.0,146.5,146.5,146.5,50.8,0.0,50.8,50.8,50.8,9.55,0.0,9.55,9.55,9.55,0.0,0.0,0.0,0.0,0.0,7.3,0.0,7.3,7.3,7.3,43.8,0.0,43.8,43.8,43.8,72.45,0.0,72.45,72.45,72.45,1.2,0.0,1.2,1.2,1.2,1.55,0.0,1.55,1.55,1.55,11.6,0.0,11.6,11.6,11.6,,,,,,,,,,,,,,,,23.91,0.6,24.06,24.08,24.08,22.0,0.0,22.0,22.0,22.0,7.46,0.05,7.44,7.44,7.48,1.04,0.28,1.03,1.09,1.09,pH adjustment,3.0,mg/L,1035.0,Bench-Scale,Membrane,RBSMT,9.625,183.75,False,
1035-2-NF70,21.5,0.0,21.5,21.5,21.5,6.76,0.0,6.76,6.76,6.76,0.28,0.0,0.28,0.28,0.28,145.0,0.0,145.0,145.0,145.0,510.75,0.0,510.75,510.75,510.75,310.5,0.0,310.5,310.5,310.5,292.0,0.0,292.0,292.0,292.0,0.61,0.0,0.61,0.61,0.61,178.5,0.0,178.5,178.5,178.5,9.29,0.0,9.29,9.29,9.29,19.22,0.0,19.22,19.22,19.22,0.325,0.0,0.325,0.325,0.325,3.5,0.0,3.5,3.5,3.5,11.35,0.0,11.35,11.35,11.35,790.5,0.0,790.5,790.5,790.5,182.8,0.0,182.8,182.8,182.8,122.15,0.0,122.15,122.15,122.15,133.5,0.0,133.5,133.5,133.5,,,,,,127.0,0.0,127.0,127.0,127.0,46.7,0.0,46.7,46.7,46.7,9.1,0.0,9.1,9.1,9.1,0.0,0.0,0.0,0.0,0.0,6.5,0.0,6.5,6.5,6.5,42.6,0.0,42.6,42.6,42.6,70.45,0.0,70.45,70.45,70.45,1.05,0.0,1.05,1.05,1.05,1.55,0.0,1.55,1.55,1.55,11.35,0.0,11.35,11.35,11.35,,,,,,,,,,,,,,,,24.1,0.2,24.13,24.21,24.21,22.0,0.0,22.0,22.0,22.0,7.51,0.04,7.5,7.5,7.51,0.74,0.22,0.79,0.85,0.85,pH adjustment,3.0,mg/L,1035.0,Bench-Scale,Membrane,RBSMT,9.625,183.75,False,
1035-2-TFC-S,21.5,0.0,21.5,21.5,21.5,6.76,0.0,6.76,6.76,6.76,0.28,0.0,0.28,0.28,0.28,145.0,0.0,145.0,145.0,145.0,510.75,0.0,510.75,510.75,510.75,310.5,0.0,310.5,310.5,310.5,292.0,0.0,292.0,292.0,292.0,0.61,0.0,0.61,0.61,0.61,178.5,0.0,178.5,178.5,178.5,9.29,0.0,9.29,9.29,9.29,19.22,0.0,19.22,19.22,19.22,0.332,0.0,0.332,0.332,0.332,3.5700000000000003,0.0,3.5700000000000003,3.5700000000000003,3.5700000000000003,11.35,0.0,11.35,11.35,11.35,790.5,0.0,790.5,790.5,790.5,182.8,0.0,182.8,182.8,182.8,122.15,0.0,122.15,122.15,122.15,133.5,0.0,133.5,133.5,133.5,,,,,,127.0,0.0,127.0,127.0,127.0,46.7,0.0,46.7,46.7,46.7,9.1,0.0,9.1,9.1,9.1,0.0,0.0,0.0,0.0,0.0,6.5,0.0,6.5,6.5,6.5,42.6,0.0,42.6,42.6,42.6,70.45,0.0,70.45,70.45,70.45,1.05,0.0,1.05,1.05,1.05,1.55,0.0,1.55,1.55,1.55,11.35,0.0,11.35,11.35,11.35,,,,,,,,,,,,,,,,24.12,0.28,24.04,24.18,24.21,22.0,0.0,22.0,22.0,22.0,7.52,0.04,7.5,7.5,7.56,0.75,0.29,0.56,0.85,0.89,pH adjustment,3.0,mg/L,1035.0,Bench-Scale,Membrane,RBSMT,9.625,183.75,False,
1036-1-10,23.0,0.0,23.0,23.0,23.0,7.9,0.0,7.9,7.9,7.9,0.61,0.02,0.6,0.6,0.62,122.5,17.68,116.25,122.5,128.75,,,,,,132.0,0.0,132.0,132.0,132.0,86.0,1.41,85.5,86.0,86.5,0.1,0.0,0.1,0.1,0.1,140.0,0.0,140.0,140.0,140.0,10.03,0.03,10.03,10.05,10.05,13.97,0.05,13.95,13.97,13.98,0.283,0.002,0.283,0.284,0.284,2.82,0.01,2.82,2.83,2.83,8.69,0.23,8.57,8.64,8.79,756.67,67.88,725.0,765.0,792.5,186.9,27.07,175.85,195.0,202.0,111.67,4.9,108.95,110.3,113.7,125.33,5.33,122.45,124.3,127.7,145.33,6.87,141.4,142.3,147.75,136.67,15.28,130.0,140.0,145.0,40.33,10.79,36.5,45.0,46.5,9.9,1.15,9.35,10.0,10.5,0.0,0.0,0.0,0.0,0.0,4.57,0.25,4.45,4.6,4.7,49.0,2.0,48.0,49.0,50.0,54.67,4.04,52.5,54.0,56.5,1.27,1.12,0.85,1.7,1.9,2.17,0.15,2.1,2.2,2.25,13.67,0.58,13.5,14.0,14.0,0.0,0.0,0.0,0.0,0.0,4.0,0.1,3.95,4.0,4.05,16.0,2.0,15.0,16.0,17.0,24.0,0.0,24.0,24.0,24.0,23.0,0.0,23.0,23.0,23.0,8.1,0.0,8.1,8.1,8.1,1.21,0.17,1.17,1.25,1.32,Lime softening,0.12,mg/L,1036.0,Bench-Scale,GAC,RSSCT,10.47,170.0,True,2026-01-10
1036-1-20,23.0,0.0,23.0,23.0,23.0,7.9,0.0,7.9,7.9,7.9,0.61,0.02,0.6,0.6,0.62,122.5,17.68,116.25,122.5,128.75,,,,,,132.0,0.0,132.0,132.0,132.0,86.0,1.41,85.5,86.0,86.5,0.1,0.0,0.1,0.1,0.1,140.0,0.0,140.0,140.0,140.0,10.03,0.03,10.03,10.05,10.05,13.97,0.05,13.95,13.97,13.98,0.283,0.002,0.283,0.284,0.284,2.82,0.01,2.82,2.83,2.83,8.69,0.23,8.57,8.64,8.79,756.67,67.88,725.0,765.0,792.5,186.9,27.07,175.85,195.0,202.0,112.33,4.14,109.95,110.3,113.7,126.0,4.5,123.45,124.3,127.7,146.0,6.24,142.4,142.5,147.85,136.67,15.28,130.0,140.0,145.0,40.33,10.79,36.5,45.0,46.5,9.9,1.15,9.35,10.0,10.5,0.0,0.0,0.0,0.0,0.0,4.57,0.25,4.45,4.6,4.7,49.0,2.0,48.0,49.0,50.0,54.67,4.04,52.5,54.0,56.5,1.93,0.21,1.85,2.0,2.05,2.17,0.15,2.1,2.2,2.25,13.67,0.58,13.5,14.0,14.0,0.0,0.0,0.0,0.0,0.0,4.0,0.1,3.95,4.0,4.05,16.0,2.0,15.0,16.0,17.0,24.0,0.0,24.0,24.0,24.0,23.0,0.0,23.0,23.0,23.0,8.1,0.0,8.1,8.1,8.1,1.14,0.15,1.0,1.15,1.21,Lime softening,0.12,mg/L,1036.0,Bench-Scale,GAC,RSSCT,10.47,170.0,True,2026-01-20
1036-2-10,23.0,0.0,23.0,23.0,23.0,7.97,0.06,7.95,8.0,8.0,0.2,0.0,0.2,0.2,0.2,82.5,3.54,81.25,82.5,83.75,,,,,,95.0,0.0,95.0,95.0,95.0,67.0,0.0,67.0,67.0,67.0,0.1,0.0,0.1,0.1,0.1,180.0,0.0,180.0,180.0,180.0,10.73,0.1,10.68,10.7,10.78,16.86,0.06,16.84,16.86,16.88,0.254,0.002,0.253,0.253,0.255,2.37,0.04,2.35,2.36,2.39,6.82,0.06,6.81,6.85,6.86,710.0,21.79,697.5,700.0,717.5,246.67,10.69,240.5,241.0,250.0,84.07,2.82,82.45,82.8,85.05,98.73,3.2,96.95,97.8,100.05,110.5,3.44,108.65,109.9,112.05,186.67,11.55,180.0,180.0,190.0,46.67,0.58,46.5,47.0,47.0,13.33,1.15,13.0,14.0,14.0,0.0,0.0,0.0,0.0,0.0,4.9,0.26,4.8,5.0,5.05,47.33,1.53,46.5,47.0,48.0,28.67,1.53,28.0,29.0,29.5,0.0,0.0,0.0,0.0,0.0,3.17,0.06,3.15,3.2,3.2,14.67,0.58,14.5,15.0,15.0,0.0,0.0,0.0,0.0,0.0,2.23,0.15,2.15,2.2,2.3,9.53,0.29,9.45,9.7,9.7,24.14,0.28,23.97,24.25,24.3,23.67,0.49,23.0,24.0,24.0,8.78,0.03,8.75,8.78,8.8,1.02,0.2,0.91,1.09,1.14,Lime softening,0.1,mg/L,1036.0,Bench-Scale,GAC,RSSCT,10.47,170.0,True,2026-02-10
1036-2-20,23.0,0.0,23.0,23.0,23.0,7.97,0.06,7.95,8.0,8.0,0.2,0.0,0.2,0.2,0.2,82.5,3.54,81.25,82.5,83.75,,,,,,95.0,0.0,95.0,95.0,95.0,67.0,0.0,67.0,67.0,67.0,0.1,0.0,0.1,0.1,0.1,180.0,0.0,180.0,180.0,180.0,10.73,0.1,10.68,10.7,10.78,16.86,0.06,16.84,16.86,16.88,0.254,0.002,0.253,0.253,0.255,2.37,0.04,2.35,2.36,2.39,6.82,0.06,6.81,6.85,6.86,710.0,21.79,697.5,700.0,717.5,246.67,10.69,240.5,241.0,250.0,84.07,2.82,82.45,82.8,85.05,98.73,3.2,96.95,97.8,100.05,110.5,3.44,108.65,109.9,112.05,186.67,11.55,180.0,180.0,190.0,46.67,0.58,46.5,47.0,47.0,13.33,1.15,13.0,14.0,14.0,0.0,0.0,0.0,0.0,0.0,4.9,0.26,4.8,5.0,5.05,47.33,1.53,46.5,47.0,48.0,28.67,1.53,28.0,29.0,29.5,0.0,0.0,0.0,0.0,0.0,3.17,0.06,3.15,3.2,3.2,14.67,0.58,14.5,15.0,15.0,0.0,0.0,0.0,0.0,0.0,2.23,0.15,2.15,2.2,2.3,9.53,0.29,9.45,9.7,9.7,24.32,0.13,24.3,24.32,24.4,23.89,0.32,24.0,24.0,24.0,8.77,0.03,8.75,8.75,8.8,1.11,0.27,1.02,1.15,1.3,Lime softening,0.1,mg/L,1036.0,Bench-Scale,GAC,RSSCT,10.47,170.0,True,2026-02-20
1036-3-10,19.0,0.0,19.0,19.0,19.0,7.73,0.21,7.65,7.8,7.85,0.18,0.0,0.18,0.18,0.18,44.5,2.12,43.75,44.5,45.25,,,,,,77.0,0.0,77.0,77.0,77.0,50.0,0.0,50.0,50.0,50.0,0.12,0.02,0.11,0.12,0.12,190.0,0.0,190.0,190.0,190.0,11.5,0.17,11.4,11.4,11.55,16.67,0.0,16.67,16.67,16.67,0.282,0.001,0.281,0.282,0.282,2.45,0.03,2.44,2.46,2.47,6.56,0.03,6.55,6.57,6.58,730.0,99.62,672.5,675.0,760.0,207.67,5.69,204.5,206.0,210.0,100.33,7.07,97.7,103.1,104.35,115.0,7.64,112.2,118.1,119.35,135.53,8.69,132.2,138.7,140.45,143.33,5.77,140.0,140.0,145.0,48.33,0.58,48.0,48.0,48.5,16.0,1.0,15.5,16.0,16.5,0.0,0.0,0.0,0.0,0.0,4.8,0.2,4.7,4.8,4.9,47.33,1.15,47.0,48.0,48.0,44.0,5.29,42.0,46.0,47.0,0.7,0.61,0.5,1.0,1.05,3.5,0.0,3.5,3.5,3.5,14.67,0.58,14.5,15.0,15.0,0.0,0.0,0.0,0.0,0.0,3.53,0.12,3.5,3.6,3.6,17.0,1.0,16.5,17.0,17.5,23.69,0.36,23.4,23.5,23.98,22.56,0.51,22.0,23.0,23.0,8.16,0.16,8.1,8.1,8.2,0.81,0.19,0.65,0.75,0.94,Lime softening,0.12,mg/L,1036.0,Bench-Scale,GAC,RSSCT,10.47,170.0,True,2026-03-10
1036-3-20,19.0,0.0,19.0,19.0,19.0,7.73,0.21,7.65,7.8,7.85,0.18,0.0,0.18,0.18,0.18,44.5,2.12,43.75,44.5,45.25,,,,,,77.0,0.0,77.0,77.0,77.0,50.0,0.0,50.0,50.0,50.0,0.12,0.02,0.11,0.12,0.12,190.0,0.0,190.0,190.0,190.0,11.5,0.17,11.4,11.4,11.55,16.67,0.0,16.67,16.67,16.67,0.282,0.001,0.281,0.282,0.282,2.45,0.03,2.44,2.46,2.47,6.56,0.03,6.55,6.57,6.58,730.0,99.62,672.5,675.0,760.0,207.67,5.69,204.5,206.0,210.0,100.33,7.07,97.7,103.1,104.35,115.0,7.64,112.2,118.1,119.35,135.53,8.69,132.2,138.7,140.45,143.33,5.77,140.0,140.0,145.0,48.33,0.58,48.0,48.0,48.5,16.0,1.0,15.5,16.0,16.5,0.0,0.0,0.0,0.0,0.0,4.8,0.2,4.7,4.8,4.9,47.33,1.15,47.0,48.0,48.0,44.0,5.29,42.0,46.0,47.0,0.7,0.61,0.5,1.0,1.05,3.5,0.0,3.5,3.5,3.5,14.67,0.58,14.5,15.0,15.0,0.0,0.0,0.0,0.0,0.0,3.53,0.12,3.5,3.6,3.6,17.0,1.0,16.5,17.0,17.5,23.83,0.29,23.5,24.0,24.0,22.56,0.51,22.0,23.0,23.0,8.13,0.22,8.03,8.1,8.18,0.86,0.34,0.59,0.8,1.13,Lime softening,0.12,mg/L,1036.0,Bench-Scale,GAC,RSSCT,10.47,170.0,True,2026-03-20
1036-4-10,23.0,0.0,23.0,23.0,23.0,9.03,0.15,8.95,9.0,9.1,0.4,0.0,0.4,0.4,0.4,52.5,3.54,51.25,52.5,53.75,,,,,,59.0,0.0,59.0,59.0,59.0,34.0,0.0,34.0,34.0,34.0,0.05,0.0,0.05,0.05,0.05,170.0,0.0,170.0,170.0,170.0,9.62,0.08,9.58,9.6,9.65,17.75,0.07,17.73,17.75,17.78,0.25,0.001,0.25,0.25,0.251,2.6,0.01,2.6,2.6,2.61,7.88,0.02,7.87,7.88,7.89,655.0,17.32,650.0,665.0,665.0,253.1,6.24,250.6,255.1,256.6,89.0,0.36,88.8,88.9,89.15,105.0,0.36,104.8,104.9,105.15,118.5,0.5,118.25,118.5,118.75,186.67,5.77,185.0,190.0,190.0,49.0,1.0,48.5,49.0,49.5,16.33,0.58,16.0,16.0,16.5,1.1,0.0,1.1,1.1,1.1,5.63,0.38,5.5,5.8,5.85,50.0,1.0,49.5,50.0,50.5,29.33,0.58,29.0,29.0,29.5,0.0,0.0,0.0,0.0,0.0,4.03,0.15,3.95,4.0,4.1,16.0,0.0,16.0,16.0,16.0,0.0,0.0,0.0,0.0,0.0,3.2,0.1,3.15,3.2,3.25,10.3,0.61,9.95,10.0,10.5,23.98,0.03,23.95,24.0,24.0,27.67,0.49,27.0,28.0,28.0,8.48,0.07,8.4,8.5,8.5,1.0,0.24,0.87,1.01,1.15,Lime softening,0.13,mg/L,1036.0,Bench-Scale,GAC,RSSCT,10.47,170.0,True,2026-04-10
1036-4-20,23.0,0.0,23.0,23.0,23.0,9.03,0.15,8.95,9.0,9.1,0.4,0.0,0.4,0.4,0.4,52.5,3.54,51.25,52.5,53.75,,,,,,59.0,0.0,59.0,59.0,59.0,34.0,0.0,34.0,34.0,34.0,0.05,0.0,0.05,0.05,0.05,170.0,0.0,170.0,170.0,170.0,9.62,0.08,9.58,9.6,9.65,17.75,0.07,17.73,17.75,17.78,0.25,0.001,0.25,0.25,0.251,2.6,0.01,2.6,2.6,2.61,7.88,0.02,7.87,7.88,7.89,655.0,17.32,650.0,665.0,665.0,253.1,6.24,250.6,255.1,256.6,89.0,0.36,88.8,88.9,89.15,105.0,0.36,104.8,104.9,105.15,118.5,0.5,118.25,118.5,118.75,186.67,5.77,185.0,190.0,190.0,49.0,1.0,48.5,49.0,49.5,16.33,0.58,16.0,16.0,16.5,1.1,0.0,1.1,1.1,1.1,5.63,0.38,5.5,5.8,5.85,50.0,1.0,49.5,50.0,50.5,29.33,0.58,29.0,29.0,29.5,0.0,0.0,0.0,0.0,0.0,4.03,0.15,3.95,4.0,4.1,16.0,0.0,16.0,16.0,16.0,0.0,0.0,0.0,0.0,0.0,3.2,0.1,3.15,3.2,3.25,10.3,0.61,9.95,10.0,10.5,24.01,0.06,24.0,24.0,24.04,27.67,0.49,27.0,28.0,28.0,8.51,0.08,8.43,8.5,8.6,1.02,0.25,0.91,0.97,1.23,Lime softening,0.13,mg/L,1036.0,Bench-Scale,GAC,RSSCT,10.47,170.0,True,2026-04-20
1037-1-NF200B,23.0,0.0,23.0,23.0,23.0,8.25,0.0,8.25,8.25,8.25,0.24,0.0,0.24,0.24,0.24,136.0,0.0,136.0,136.0,136.0,741.0,0.0,741.0,741.0,741.0,369.0,0.0,369.0,369.0,369.0,247.0,0.0,247.0,247.0,247.0,0.04,0.0,0.04,0.04,0.04,475.0,0.0,475.0,475.0,475.0,3.0500000000000003,0.0,3.0500000000000003,3.0500000000000003,3.0500000000000003,155.74,0.0,155.74,155.74,155.74,0.071,0.0,0.071,0.071,0.071,2.31,0.0,2.31,2.31,2.31,5.8,0.0,5.8,5.8,5.8,325.0,0.0,325.0,325.0,325.0,235.5,0.0,235.5,235.5,235.5,50.65,0.0,50.65,50.65,50.65,71.65,0.0,71.65,71.65,71.65,131.65,0.0,131.65,131.65,131.65,22.0,0.0,22.0,22.0,22.0,56.5,0.0,56.5,56.5,56.5,103.0,0.0,103.0,103.0,103.0,54.0,0.0,54.0,54.0,54.0,3.25,0.0,3.25,3.25,3.25,12.5,0.0,12.5,12.5,12.5,8.5,0.0,8.5,8.5,8.5,4.4,0.0,4.4,4.4,4.4,22.0,0.0,22.0,22.0,22.0,21.0,0.0,21.0,21.0,21.0,15.0,0.0,15.0,15.0,15.0,24.5,0.0,24.5,24.5,24.5,20.5,0.0,20.5,20.5,20.5,72.0,0.0,72.0,72.0,72.0,21.0,0.0,21.0,21.0,21.0,8.19,0.04,8.2,8.2,8.2,1.14,0.15,1.15,1.21,1.21,Coagulation,30.0,mg/L,1037.0,Bench-Scale,Membrane,RBSMT,2.95,420.0,False,
1037-1-TFC-SR,23.0,0.0,23.0,23.0,23.0,8.25,0.0,8.25,8.25,8.25,0.24,0.0,0.24,0.24,0.24,136.0,0.0,136.0,136.0,136.0,741.0,0.0,741.0,741.0,741.0,369.0,0.0,369.0,369.0,369.0,247.0,0.0,247.0,247.0,247.0,0.04,0.0,0.04,0.04,0.04,475.0,0.0,475.0,475.0,475.0,3.0500000000000003,0.0,3.0500000000000003,3.0500000000000003,3.0500000000000003,155.74,0.0,155.74,155.74,155.74,0.071,0.0,0.071,0.071,0.071,2.31,0.0,2.31,2.31,2.31,5.8,0.0,5.8,5.8,5.8,325.0,0.0,325.0,325.0,325.0,235.5,0.0,235.5,235.5,235.5,50.65,0.0,50.65,50.65,50.65,71.65,0.0,71.65,71.65,71.65,131.65,0.0,131.65,131.65,131.65,22.0,0.0,22.0,22.0,22.0,56.5,0.0,56.5,56.5,56.5,103.0,0.0,103.0,103.0,103.0,54.0,0.0,54.0,54.0,54.0,3.25,0.0,3.25,3.25,3.25,12.5,0.0,12.5,12.5,12.5,8.5,0.0,8.5,8.5,8.5,4.4,0.0,4.4,4.4,4.4,22.0,0.0,22.0,22.0,22.0,21.0,0.0,21.0,21.0,21.0,15.0,0.0,15.0,15.0,15.0,24.5,0.0,24.5,24.5,24.5,20.5,0.0,20.5,20.5,20.5,72.0,0.0,72.0,72.0,72.0,21.0,0.0,21.0,21.0,21.0,8.1,0.12,8.0,8.15,8.2,0.99,0.25,0.79,1.05,1.21,Coagulation,30.0,mg/L,1037.0,Bench-Scale,Membrane,RBSMT,2.95,420.0,False,
1037-2-NF200B,24.0,0.0,24.0,24.0,24.0,7.91,0.0,7.91,7.91,7.91,0.17,0.0,0.17,0.17,0.17,105.0,0.0,105.0,105.0,105.0,571.0,0.0,571.0,571.0,571.0,311.0,0.0,311.0,311.0,311.0,193.0,0.0,193.0,193.0,193.0,0.03,0.0,0.03,0.03,0.03,220.0,0.0,220.0,220.0,220.0,2.65,0.0,2.65,2.65,2.65,83.02,0.0,83.02,83.02,83.02,0.06,0.0,0.06,0.06,0.06,2.26,0.0,2.26,2.26,2.26,3.95,0.0,3.95,3.95,3.95,274.0,0.0,274.0,274.0,274.0,151.0,0.0,151.0,151.0,151.0,42.5,0.0,42.5,42.5,42.5,59.5,0.0,59.5,59.5,59.5,100.2,0.0,100.2,100.2,100.2,29.0,0.0,29.0,29.0,29.0,44.0,0.0,44.0,44.0,44.0,57.5,0.0,57.5,57.5,57.5,20.5,0.0,20.5,20.5,20.5,2.6,0.0,2.6,2.6,2.6,14.0,0.0,14.0,14.0,14.0,9.0,0.0,9.0,9.0,9.0,2.9,0.0,2.9,2.9,2.9,14.0,0.0,14.0,14.0,14.0,17.0,0.0,17.0,17.0,17.0,9.7,0.0,9.7,9.7,9.7,15.0,0.0,15.0,15.0,15.0,16.0,0.0,16.0,16.0,16.0,48.0,0.0,48.0,48.0,48.0,25.0,0.0,25.0,25.0,25.0,8.19,0.04,8.2,8.2,8.2,0.95,0.25,0.88,1.05,1.05,Coagulation,30.0,mg/L,1037.0,Bench-Scale,Membrane,RBSMT,2.95,420.0,False,
1037-2-TFC-SR,24.0,0.0,24.0,24.0,24.0,7.91,0.0,7.91,7.91,7.91,0.17,0.0,0.17,0.17,0.17,105.0,0.0,105.0,105.0,105.0,571.0,0.0,571.0,571.0,571.0,311.0,0.0,311.0,311.0,311.0,193.0,0.0,193.0,193.0,193.0,0.03,0.0,0.03,0.03,0.03,220.0,0.0,220.0,220.0,220.0,2.65,0.0,2.65,2.65,2.65,83.02,0.0,83.02,83.02,83.02,0.06,0.0,0.06,0.06,0.06,2.26,0.0,2.26,2.26,2.26,3.95,0.0,3.95,3.95,3.95,274.0,0.0,274.0,274.0,274.0,151.0,0.0,151.0,151.0,151.0,42.5,0.0,42.5,42.5,42.5,59.5,0.0,59.5,59.5,59.5,100.2,0.0,100.2,100.2,100.2,29.0,0.0,29.0,29.0,29.0,44.0,0.0,44.0,44.0,44.0,57.5,0.0,57.5,57.5,57.5,20.5,0.0,20.5,20.5,20.5,2.6,0.0,2.6,2.6,2.6,14.0,0.0,14.0,14.0,14.0,9.0,0.0,9.0,9.0,9.0,2.9,0.0,2.9,2.9,2.9,14.0,0.0,14.0,14.0,14.0,17.0,0.0,17.0,17.0,17.0,9.7,0.0,9.7,9.7,9.7,15.0,0.0,15.0,15.0,15.0,16.0,0.0,16.0,16.0,16.0,48.0,0.0,48.0,48.0,48.0,25.0,0.0,25.0,25.0,25.0,8.1,0.11,8.0,8.1,8.2,0.98,0.08,0.9,1.0,1.05,Coagulation,30.0,mg/L,1037.0,Bench-Scale,Membrane,RBSMT,2.95,420.0,False,
1037-3-NF200B,24.0,0.0,24.0,24.0,24.0,8.13,0.0,8.13,8.13,8.13,0.14,0.0,0.14,0.14,0.14,210.0,0.0,210.0,210.0,210.0,637.5,0.0,637.5,637.5,637.5,329.0,0.0,329.0,329.0,329.0,216.0,0.0,216.0,216.0,216.0,0.03,0.0,0.03,0.03,0.03,355.0,0.0,355.0,355.0,355.0,2.5,0.0,2.5,2.5,2.5,142.0,0.0,142.0,142.0,142.0,0.06,0.0,0.06,0.06,0.06,2.4,0.0,2.4,2.4,2.4,3.23,0.0,3.23,3.23,3.23,270.0,0.0,270.0,270.0,270.0,170.0,0.0,170.0,170.0,170.0,27.95,0.0,27.95,27.95,27.95,39.95,0.0,39.95,39.95,39.95,66.45,0.0,66.45,66.45,66.45,12.0,0.0,12.0,12.0,12.0,33.0,0.0,33.0,33.0,33.0,74.5,0.0,74.5,74.5,74.5,50.5,0.0,50.5,50.5,50.5,0.0,0.0,0.0,0.0,0.0,6.1000000000000005,0.0,6.1000000000000005,6.1000000000000005,6.1000000000000005,2.3000000000000003,0.0,2.3000000000000003,2.3000000000000003,2.3000000000000003,2.5500000000000003,0.0,2.5500000000000003,2.5500000000000003,2.5500000000000003,17.0,0.0,17.0,17.0,17.0,12.0,0.0,12.0,12.0,12.0,10.15,0.0,10.15,10.15,10.15,9.7,0.0,9.7,9.7,9.7,6.65,0.0,6.65,6.65,6.65,24.0,0.0,24.0,24.0,24.0,25.0,0.0,25.0,25.0,25.0,8.13,0.16,7.98,8.11,8.27,0.89,0.16,0.77,0.8,1.03,Coagulation,30.0,mg/L,1037.0,Bench-Scale,Membrane,RBSMT,2.95,420.0,False,
1037-3-TFC-SR,24.0,0.0,24.0,24.0,24.0,8.13,0.0,8.13,8.13,8.13,0.14,0.0,0.14,0.14,0.14,210.0,0.0,210.0,210.0,210.0,637.5,0.0,637.5,637.5,637.5,329.0,0.0,329.0,329.0,329.0,216.0,0.0,216.0,216.0,216.0,0.03,0.0,0.03,0.03,0.03,355.0,0.0,355.0,355.0,355.0,2.5,0.0,2.5,2.5,2.5,142.0,0.0,142.0,142.0,142.0,0.06,0.0,0.06,0.06,0.06,2.4,0.0,2.4,2.4,2.4,3.23,0.0,3.23,3.23,3.23,270.0,0.0,270.0,270.0,270.0,170.0,0.0,170.0,170.0,170.0,27.95,0.0,27.95,27.95,27.95,39.95,0.0,39.95,39.95,39.95,66.45,0.0,66.45,66.45,66.45,12.0,0.0,12.0,12.0,12.0,33.0,0.0,33.0,33.0,33.0,74.5,0.0,74.5,74.5,74.5,50.5,0.0,50.5,50.5,50.5,0.0,0.0,0.0,0.0,0.0,6.1000000000000005,0.0,6.1000000000000005,6.1000000000000005,6.1000000000000005,2.3000000000000003,0.0,2.3000000000000003,2.3000000000000003,2.3000000000000003,2.5500000000000003,0.0,2.5500000000000003,2.5500000000000003,2.5500000000000003,17.0,0.0,17.0,17.0,17.0,12.0,0.0,12.0,12.0,12.0,10.15,0.0,10.15,10.15,10.15,9.7,0.0,9.7,9.7,9.7,6.65,0.0,6.65,6.65,6.65,24.0,0.0,24.0,24.0,24.0,25.0,0.0,25.0,25.0,25.0,7.98,0.23,7.98,7.98,8.14,0.91,0.17,0.77,0.84,1.07,Coagulation,30.0,mg/L,1037.0,Bench-Scale,Membrane,RBSMT,2.95,420.0,False,
1037-4-NF200B,23.75,0.0,23.75,23.75,23.75,8.19,0.0,8.19,8.19,8.19,0.14,0.0,0.14,0.14,0.14,167.0,0.0,167.0,167.0,167.0,789.0,0.0,789.0,789.0,789.0,409.0,0.0,409.0,409.0,409.0,293.0,0.0,293.0,293.0,293.0,0.03,0.0,0.03,0.03,0.03,630.0,0.0,630.0,630.0,630.0,3.5,0.0,3.5,3.5,3.5,180.0,0.0,180.0,180.0,180.0,0.075,0.0,0.075,0.075,0.075,2.14,0.0,2.14,2.14,2.14,5.3,0.0,5.3,5.3,5.3,347.5,0.0,347.5,347.5,347.5,298.0,0.0,298.0,298.0,298.0,45.0,0.0,45.0,45.0,45.0,65.0,0.0,65.0,65.0,65.0,111.8,0.0,111.8,111.8,111.8,13.0,0.0,13.0,13.0,13.0,51.0,0.0,51.0,51.0,51.0,125.0,0.0,125.0,125.0,125.0,109.0,0.0,109.0,109.0,109.0,0.0,0.0,0.0,0.0,0.0,8.05,0.0,8.05,8.05,8.05,2.8000000000000003,0.0,2.8000000000000003,2.8000000000000003,2.8000000000000003,2.15,0.0,2.15,2.15,2.15,32.0,0.0,32.0,32.0,32.0,20.0,0.0,20.0,20.0,20.0,18.5,0.0,18.5,18.5,18.5,18.5,0.0,18.5,18.5,18.5,9.8,0.0,9.8,9.8,9.8,48.0,0.0,48.0,48.0,48.0,24.0,0.0,24.0,24.0,24.0,8.28,0.08,8.2,8.28,8.35,0.96,0.16,0.95,0.95,0.96,Coagulation,30.0,mg/L,1037.0,Bench-Scale,Membrane,RBSMT,2.95,420.0,False,
1037-4-TFC-SR,23.75,0.0,23.75,23.75,23.75,8.19,0.0,8.19,8.19,8.19,0.14,0.0,0.14,0.14,0.14,167.0,0.0,167.0,167.0,167.0,789.0,0.0,789.0,789.0,789.0,409.0,0.0,409.0,409.0,409.0,293.0,0.0,293.0,293.0,293.0,0.03,0.0,0.03,0.03,0.03,630.0,0.0,630.0,630.0,630.0,3.5,0.0,3.5,3.5,3.5,180.0,0.0,180.0,180.0,180.0,0.075,0.0,0.075,0.075,0.075,2.14,0.0,2.14,2.14,2.14,5.3,0.0,5.3,5.3,5.3,347.5,0.0,347.5,347.5,347.5,298.0,0.0,298.0,298.0,298.0,45.0,0.0,45.0,45.0,45.0,65.0,0.0,65.0,65.0,65.0,111.8,0.0,111.8,111.8,111.8,13.0,0.0,13.0,13.0,13.0,51.0,0.0,51.0,51.0,51.0,125.0,0.0,125.0,125.0,125.0,109.0,0.0,109.0,109.0,109.0,0.0,0.0,0.0,0.0,0.0,8.05,0.0,8.05,8.05,8.05,2.8000000000000003,0.0,2.8000000000000003,2.8000000000000003,2.8000000000000003,2.15,0.0,2.15,2.15,2.15,32.0,0.0,32.0,32.0,32.0,20.0,0.0,20.0,20.0,20.0,18.5,0.0,18.5,18.5,18.5,18.5,0.0,18.5,18.5,18.5,9.8,0.0,9.8,9.8,9.8,48.0,0.0,48.0,48.0,48.0,24.0,0.0,24.0,24.0,24.0,8.39,0.07,8.35,8.35,8.43,0.93,0.11,0.92,0.95,0.96,Coagulation,30.0,mg/L,1037.0,Bench-Scale,Membrane,RBSMT,2.95,420.0,False,
1038-1-10,13.93,0.29,13.85,14.1,14.1,7.35,0.22,7.23,7.3,7.45,0.11,0.04,0.09,0.1,0.13,79.0,1.41,78.5,79.0,79.5,,,,,,115.0,7.07,112.5,115.0,117.5,69.6,0.57,69.4,69.6,69.8,0.05,0.0,0.05,0.05,0.05,45.0,,45.0,45.0,45.0,3.27,0.38,3.05,3.1,3.4,14.52,,14.52,14.52,14.52,0.054,0.004,0.052,0.054,0.056,1.65,0.19,1.56,1.67,1.75,2.13,0.57,1.95,2.43,2.46,270.0,0.0,270.0,270.0,270.0,80.35,4.7,79.18,80.35,81.53,35.15,7.1,33.38,35.15,36.93,41.15,7.5,39.28,41.15,43.03,,,,,,56.0,4.0,55.0,56.0,57.0,17.5,1.0,17.25,17.5,17.75,6.85,0.3,6.78,6.85,6.93,0.0,0.0,0.0,0.0,0.0,1.55,3.1,0.78,1.55,2.33,18.5,1.0,18.25,18.5,18.75,13.5,3.0,12.75,13.5,14.25,0.0,0.0,0.0,0.0,0.0,1.6,0.0,1.6,1.6,1.6,6.0,0.4,5.9,6.0,6.1,,,,,,,,,,,,,,,,94.64,3.03,93.0,93.0,96.0,14.56,0.27,14.35,14.55,14.65,8.37,0.13,8.3,8.33,8.44,0.58,0.27,0.46,0.59,0.78,Coagulation,27.5,mg/L,1038.0,Bench-Scale,GAC,RSSCT,2.96,45.0,False,2026-01-10
1038-1-20,13.93,0.29,13.85,14.1,14.1,7.35,0.22,7.23,7.3,7.45,0.11,0.04,0.09,0.1,0.13,79.0,1.41,78.5,79.0,79.5,,,,,,115.0,7.07,112.5,115.0,117.5,69.6,0.57,69.4,69.6,69.8,0.05,0.0,0.05,0.05,0.05,45.0,,45.0,45.0,45.0,3.07,0.06,3.05,3.1,3.1,14.52,,14.52,14.52,14.52,0.055,0.005,0.054,0.057,0.058,1.8,0.12,1.75,1.84,1.87,2.49,0.06,2.46,2.49,2.52,240.0,51.96,225.0,270.0,270.0,81.07,2.66,80.25,82.5,82.6,33.07,5.06,30.25,31.6,35.15,38.73,5.62,35.65,37.4,41.15,,,,,,56.67,2.31,56.0,58.0,58.0,13.83,6.37,11.75,17.0,17.5,10.57,6.44,6.85,7.0,12.5,0.0,0.0,0.0,0.0,0.0,1.03,1.79,0.0,0.0,1.55,18.67,0.58,18.5,19.0,19.0,11.97,3.05,10.45,12.0,13.5,0.0,0.0,0.0,0.0,0.0,1.4,0.35,1.3,1.6,1.6,5.67,0.61,5.4,5.8,6.0,,,,,,,,,,,,,,,,97.79,6.4,93.0,96.5,97.75,14.89,0.45,14.6,14.7,15.4,8.43,0.13,8.4,8.4,8.5,0.99,0.43,0.68,1.09,1.36,Coagulation,27.5,mg/L,1038.0,Bench-Scale,GAC,RSSCT,2.96,45.0,False,2026-01-20
1038-2-10,19.37,0.06,19.35,19.4,19.4,7.8,0.0,7.8,7.8,7.8,0.07,0.02,0.06,0.06,0.07,105.0,7.07,102.5,105.0,107.5,,,,,,135.0,7.07,132.5,135.0,137.5,75.0,0.0,75.0,75.0,75.0,0.05,0.0,0.05,0.05,0.05,45.5,0.71,45.25,45.5,45.75,3.03,0.12,3.0,3.1,3.1,15.18,0.48,15.01,15.18,15.35,0.041,0.001,0.041,0.042,0.042,1.36,0.08,1.32,1.35,1.4,2.99,0.19,2.9,3.0,3.09,303.33,5.77,300.0,300.0,305.0,114.7,4.78,112.85,116.4,117.4,39.07,5.55,36.65,40.3,42.1,47.6,6.67,45.15,50.3,51.4,,,,,,85.0,5.29,83.0,87.0,88.0,22.33,0.58,22.0,22.0,22.5,7.37,0.06,7.35,7.4,7.4,0.0,0.0,0.0,0.0,0.0,0.0,0.0,0.0,0.0,0.0,26.67,3.21,25.5,28.0,28.5,10.43,2.35,9.15,9.9,11.45,0.0,0.0,0.0,0.0,0.0,1.97,0.4,1.75,1.9,2.15,8.53,1.5,7.8,8.6,9.3,,,,,,,,,,,,,,,,47.53,0.81,47.0,48.0,48.0,19.94,0.35,19.65,19.8,20.2,8.97,0.08,8.92,8.96,9.0,0.87,0.23,0.8,0.91,0.99,Coagulation,27.5,mg/L,1038.0,Bench-Scale,GAC,RSSCT,2.96,45.0,False,2026-02-10
1038-2-20,19.47,0.21,19.35,19.4,19.55,7.88,0.14,7.8,7.8,7.92,0.07,0.02,0.06,0.06,0.07,100.0,0.0,100.0,100.0,100.0,,,,,,140.0,0.0,140.0,140.0,140.0,75.25,1.06,74.88,75.25,75.63,0.05,0.0,0.05,0.05,0.05,45.5,0.71,45.25,45.5,45.75,3.0,0.1,2.95,3.0,3.05,15.18,0.48,15.01,15.18,15.35,0.042,0.001,0.042,0.042,0.042,1.39,0.05,1.36,1.37,1.41,2.96,0.14,2.9,3.0,3.04,283.33,28.87,275.0,300.0,300.0,106.57,11.45,101.65,109.3,112.85,35.57,7.39,31.4,33.0,38.45,42.83,8.61,38.0,40.0,46.25,,,,,,77.33,10.6,72.5,79.0,83.0,21.67,1.53,21.0,22.0,22.5,7.57,0.38,7.35,7.4,7.7,0.0,0.0,0.0,0.0,0.0,0.0,0.0,0.0,0.0,0.0,24.0,4.58,21.5,23.0,26.0,9.8,2.78,8.2,8.4,10.7,0.0,0.0,0.0,0.0,0.0,1.77,0.15,1.7,1.8,1.85,7.27,1.22,6.6,7.0,7.8,,,,,,,,,,,,,,,,47.88,0.45,47.5,48.0,48.0,19.8,0.42,19.6,19.8,20.15,9.02,0.08,8.97,9.0,9.1,0.98,0.36,0.82,0.97,1.3,Coagulation,27.5,mg/L,1038.0,Bench-Scale,GAC,RSSCT,2.96,45.0,False,2026-02-20
1038-3-10,14.23,1.01,13.7,14.1,14.7,8.05,0.01,8.05,8.05,8.06,0.07,0.02,0.06,0.08,0.08,110.0,,110.0,110.0,110.0,,,,,,120.0,,120.0,120.0,120.0,84.5,,84.5,84.5,84.5,0.05,,0.05,0.05,0.05,54.0,,54.0,54.0,54.0,3.07,0.12,3.0,3.0,3.1,18.0,,18.0,18.0,18.0,0.037,0.002,0.036,0.036,0.038,1.2,0.03,1.18,1.2,1.21,2.28,0.15,2.22,2.32,2.36,210.0,17.32,200.0,200.0,215.0,75.7,6.38,72.05,72.9,77.95,31.13,1.58,30.45,31.5,32.0,36.73,1.26,36.15,36.9,37.4,,,,,,48.67,3.79,46.5,47.0,50.0,18.0,1.73,17.0,17.0,18.5,9.03,0.91,8.55,8.9,9.45,0.0,0.0,0.0,0.0,0.0,3.07,2.66,2.2,4.4,4.6,16.33,0.58,16.0,16.0,16.5,9.53,1.31,8.8,9.1,10.05,0.0,0.0,0.0,0.0,0.0,2.2,0.2,2.1,2.2,2.3,5.6,0.35,5.4,5.4,5.7,,,,,,,,,,,,,,,,95.8,0.46,96.0,96.0,96.0,13.57,1.09,12.8,13.8,14.35,8.87,0.08,8.83,8.89,8.92,1.13,0.25,0.98,1.18,1.26,Coagulation,27.5,mg/L,1038.0,Bench-Scale,GAC,RSSCT,2.96,45.0,False,2026-03-10
1038-3-20,13.0,1.28,12.45,13.3,13.7,8.14,0.14,8.06,8.06,8.18,0.07,0.02,0.06,0.08,0.08,110.0,0.0,110.0,110.0,110.0,,,,,,125.0,7.07,122.5,125.0,127.5,80.85,5.16,79.03,80.85,82.68,0.05,0.0,0.05,0.05,0.05,49.5,6.36,47.25,49.5,51.75,2.97,0.06,2.95,3.0,3.0,16.5,2.12,15.75,16.5,17.25,0.034,0.003,0.033,0.035,0.036,1.15,0.07,1.12,1.17,1.18,2.11,0.21,2.01,2.11,2.22,203.33,25.17,190.0,200.0,215.0,70.0,3.65,68.55,71.2,72.05,30.2,2.02,29.05,29.4,30.95,35.7,2.07,34.6,35.4,36.65,,,,,,44.67,3.21,43.5,46.0,46.5,17.0,0.0,17.0,17.0,17.0,8.33,0.51,8.05,8.2,8.55,0.0,0.0,0.0,0.0,0.0,3.2,2.77,2.4,4.8,4.8,15.67,1.53,15.0,16.0,16.5,9.17,1.61,8.25,8.5,9.75,0.0,0.0,0.0,0.0,0.0,2.17,0.25,2.05,2.2,2.3,5.5,0.46,5.25,5.4,5.7,,,,,,,,,,,,,,,,95.9,0.28,96.0,96.0,96.0,12.9,1.39,11.73,12.7,14.05,8.95,0.17,8.89,8.9,8.99,1.01,0.3,0.88,0.96,1.16,Coagulation,27.5,mg/L,1038.0,Bench-Scale,GAC,RSSCT,2.96,45.0,False,2026-03-20
1038-4-10,12.6,1.82,11.55,11.6,13.15,8.02,0.05,7.99,8.0,8.04,0.09,0.02,0.09,0.09,0.1,100.0,0.0,100.0,100.0,100.0,,,,,,120.0,0.0,120.0,120.0,120.0,74.8,,74.8,74.8,74.8,0.05,0.0,0.05,0.05,0.05,37.0,1.41,36.5,37.0,37.5,2.67,0.06,2.65,2.7,2.7,13.7,0.52,13.52,13.7,13.89,0.027,0.001,0.027,0.027,0.028,1.03,0.02,1.02,1.04,1.04,1.86,0.32,1.68,1.69,1.96,196.67,5.77,195.0,200.0,200.0,64.77,4.55,62.5,64.8,67.05,21.17,3.67,19.8,22.6,23.25,25.1,4.33,23.45,26.7,27.55,,,,,,44.33,4.16,42.0,43.0,46.0,14.33,1.15,14.0,15.0,15.0,6.1,0.75,5.75,6.2,6.5,0.0,0.0,0.0,0.0,0.0,0.0,0.0,0.0,0.0,0.0,13.33,2.08,12.5,14.0,14.5,6.5,1.48,6.0,7.2,7.35,0.0,0.0,0.0,0.0,0.0,1.33,0.12,1.3,1.4,1.4,3.93,0.67,3.65,4.1,4.3,,,,,,,,,,,,,,,,96.2,0.88,96.0,96.0,96.25,12.51,0.62,12.05,12.5,12.9,8.93,0.11,8.9,8.9,8.96,0.72,0.18,0.58,0.77,0.84,Coagulation,27.5,mg/L,1038.0,Bench-Scale,GAC,RSSCT,2.96,45.0,False,2026-04-10
1038-4-20,11.9,0.61,11.55,11.6,12.1,8.05,0.11,7.99,8.0,8.09,0.08,0.02,0.07,0.08,0.09,100.0,0.0,100.0,100.0,100.0,,,,,,115.0,7.07,112.5,115.0,117.5,74.4,0.57,74.2,74.4,74.6,0.05,0.0,0.05,0.05,0.05,38.5,3.54,37.25,38.5,39.75,2.6,0.1,2.55,2.6,2.65,14.55,1.72,13.94,14.55,15.16,0.028,0.001,0.028,0.028,0.028,1.07,0.05,1.04,1.04,1.08,1.98,0.27,1.85,2.01,2.12,210.0,26.46,195.0,200.0,220.0,64.83,4.65,62.5,64.8,67.15,20.33,2.95,19.2,21.4,22.0,24.37,3.62,23.2,26.2,26.45,,,,,,44.33,4.16,42.0,43.0,46.0,14.33,1.15,14.0,15.0,15.0,6.17,0.65,5.85,6.2,6.5,0.0,0.0,0.0,0.0,0.0,0.0,0.0,0.0,0.0,0.0,13.33,2.08,12.5,14.0,14.5,5.67,1.33,4.9,5.0,6.1,0.0,0.0,0.0,0.0,0.0,1.33,0.12,1.3,1.4,1.4,4.03,0.8,3.65,4.1,4.45,,,,,,,,,,,,,,,,97.0,3.43,96.0,96.0,96.75,12.85,0.69,12.25,12.9,13.53,8.95,0.08,8.9,8.93,9.0,0.84,0.18,0.77,0.81,0.92,Coagulation,27.5,mg/L,1038.0,Bench-Scale,GAC,RSSCT,2.96,45.0,False,2026-04-20
1039-1-10,16.62,0.92,16.28,16.5,17.03,7.98,0.04,7.98,8.0,8.01,0.13,0.06,0.1,0.1,0.15,122.25,6.72,119.88,122.25,124.63,,,,,,223.0,0.0,223.0,223.0,223.0,120.0,0.0,120.0,120.0,120.0,0.44,0.24,0.27,0.35,0.44,200.0,0.0,200.0,200.0,200.0,5.78,0.11,5.75,5.76,5.84,33.93,0.28,33.83,33.93,34.03,0.127,0.001,0.127,0.127,0.127,2.21,0.04,2.18,2.19,2.23,3.72,0.1,3.68,3.75,3.78,534.63,21.9,526.35,542.9,547.05,198.24,4.97,195.41,196.21,200.06,74.58,9.75,69.22,72.17,78.74,95.18,11.38,89.1,93.41,100.38,143.42,17.19,134.16,140.35,151.15,64.63,1.98,63.75,65.0,65.7,55.2,0.69,54.83,55.04,55.5,69.77,2.74,68.19,68.33,70.63,8.63,0.1,8.58,8.61,8.68,1.12,1.94,0.0,0.0,1.68,30.07,2.35,29.33,31.29,31.43,31.33,5.48,28.17,28.28,32.97,0.78,0.67,0.57,1.15,1.16,11.28,1.67,10.42,11.19,12.09,20.59,1.84,19.88,21.24,21.63,0.0,0.0,0.0,0.0,0.0,14.38,2.26,13.16,13.96,15.39,33.86,3.56,31.9,32.98,35.38,23.84,0.24,23.7,23.75,23.9,18.33,0.31,18.3,18.3,18.3,7.98,0.05,7.95,7.98,8.01,0.78,0.09,0.73,0.79,0.84,Coagulation,2.5,mg/L,1039.0,Bench-Scale,GAC,RSSCT,5.3,277.5,False,2026-01-10
1039-1-20,16.62,0.92,16.28,16.5,17.03,7.98,0.04,7.98,8.0,8.01,0.13,0.06,0.1,0.1,0.15,122.25,6.72,119.88,122.25,124.63,,,,,,223.0,0.0,223.0,223.0,223.0,120.0,0.0,120.0,120.0,120.0,0.44,0.24,0.27,0.35,0.44,200.0,0.0,200.0,200.0,200.0,5.78,0.11,5.75,5.76,5.84,33.93,0.28,33.83,33.93,34.03,0.127,0.001,0.127,0.127,0.127,2.21,0.04,2.18,2.19,2.23,3.72,0.1,3.68,3.75,3.78,534.63,21.9,526.35,542.9,547.05,198.24,4.97,195.41,196.21,200.06,74.99,10.42,69.22,72.17,79.35,95.58,12.04,89.1,93.41,100.99,143.83,17.85,134.16,140.35,151.76,64.63,1.98,63.75,65.0,65.7,55.2,0.69,54.83,55.04,55.5,69.77,2.74,68.19,68.33,70.63,8.63,0.1,8.58,8.61,8.68,1.12,1.94,0.0,0.0,1.68,30.07,2.35,29.33,31.29,31.43,31.33,5.48,28.17,28.28,32.97,1.18,0.04,1.16,1.18,1.2,11.28,1.67,10.42,11.19,12.09,20.59,1.84,19.88,21.24,21.63,0.0,0.0,0.0,0.0,0.0,14.38,2.26,13.16,13.96,15.39,33.86,3.56,31.9,32.98,35.38,24.09,0.23,23.88,24.0,24.28,18.5,0.57,18.1,18.3,18.85,7.99,0.05,7.95,7.98,8.01,0.76,0.09,0.71,0.76,0.83,Coagulation,0.85,mg/L,1039.0,Bench-Scale,GAC,RSSCT,5.3,277.5,False,2026-01-20
1039-2-10,19.28,1.98,18.63,19.45,19.68,7.43,0.07,7.38,7.4,7.43,0.15,0.05,0.13,0.15,0.18,125.5,9.19,122.25,125.5,128.75,,,,,,241.5,6.36,239.25,241.5,243.75,132.5,3.54,131.25,132.5,133.75,0.03,0.0,0.03,0.03,0.03,275.0,21.21,267.5,275.0,282.5,5.26,0.13,5.18,5.24,5.38,50.93,3.93,49.54,50.93,52.31,0.119,0.001,0.118,0.119,0.119,2.28,0.08,2.25,2.31,2.32,4.59,0.09,4.54,4.56,4.63,464.87,24.01,451.5,457.85,474.73,241.36,16.02,233.61,242.37,249.61,47.11,9.96,41.38,42.3,50.43,67.61,12.11,60.66,62.04,71.77,91.14,16.36,81.79,84.1,96.97,74.67,7.78,70.73,74.47,78.51,68.98,1.01,68.51,69.09,69.51,84.97,7.69,81.25,85.46,88.94,12.73,0.21,12.65,12.8,12.85,1.25,2.17,0.0,0.0,1.88,22.04,1.86,20.96,21.04,22.61,11.49,2.97,9.81,10.4,12.63,0.89,1.55,0.0,0.0,1.34,11.43,1.45,10.61,10.86,11.97,20.5,2.17,19.28,19.74,21.34,0.0,0.0,0.0,0.0,0.0,7.84,1.58,6.98,7.51,8.54,15.69,2.7,14.15,14.55,16.66,23.86,0.2,23.8,23.85,24.0,25.26,0.32,25.1,25.1,25.2,8.02,0.06,7.99,8.04,8.06,0.69,0.06,0.66,0.69,0.73,Coagulation,1.9,mg/L,1039.0,Bench-Scale,GAC,RSSCT,5.3,277.5,False,2026-02-10
1039-2-20,19.28,1.98,18.63,19.45,19.68,7.43,0.07,7.38,7.4,7.43,0.15,0.05,0.13,0.15,0.18,125.5,9.19,122.25,125.5,128.75,,,,,,241.5,6.36,239.25,241.5,243.75,132.5,3.54,131.25,132.5,133.75,0.03,0.0,0.03,0.03,0.03,275.0,21.21,267.5,275.0,282.5,5.26,0.13,5.18,5.24,5.38,50.93,3.93,49.54,50.93,52.31,0.119,0.001,0.118,0.119,0.119,2.28,0.08,2.25,2.31,2.32,4.59,0.09,4.54,4.56,4.63,464.87,24.01,451.5,457.85,474.73,241.36,16.02,233.61,242.37,249.61,47.11,9.96,41.38,42.3,50.43,67.61,12.11,60.66,62.04,71.77,91.14,16.36,81.79,84.1,96.97,74.67,7.78,70.73,74.47,78.51,68.98,1.01,68.51,69.09,69.51,84.97,7.69,81.25,85.46,88.94,12.73,0.21,12.65,12.8,12.85,1.25,2.17,0.0,0.0,1.88,22.04,1.86,20.96,21.04,22.61,11.49,2.97,9.81,10.4,12.63,0.89,1.55,0.0,0.0,1.34,11.43,1.45,10.61,10.86,11.97,20.5,2.17,19.28,19.74,21.34,0.0,0.0,0.0,0.0,0.0,7.84,1.58,6.98,7.51,8.54,15.69,2.7,14.15,14.55,16.66,23.87,0.29,23.7,24.0,24.0,25.35,0.42,25.1,25.1,25.5,8.03,0.07,7.98,8.05,8.08,0.75,0.09,0.7,0.73,0.81,Coagulation,1.9,mg/L,1039.0,Bench-Scale,GAC,RSSCT,5.3,277.5,False,2026-02-20
1039-3-10,18.45,2.77,16.63,17.75,18.5,7.68,0.15,7.61,7.62,7.68,0.15,0.0,0.15,0.15,0.15,138.0,4.24,136.5,138.0,139.5,,,,,,221.5,0.71,221.25,221.5,221.75,121.5,2.12,120.75,121.5,122.25,0.1,0.01,0.09,0.1,0.1,300.0,0.0,300.0,300.0,300.0,5.58,0.09,5.54,5.58,5.65,53.26,0.5,53.09,53.26,53.44,0.109,0.0,0.109,0.109,0.109,1.96,0.04,1.94,1.96,1.98,4.63,0.03,4.61,4.61,4.64,486.13,10.8,481.65,489.15,492.13,199.88,5.58,197.16,200.13,202.73,61.71,5.61,58.83,61.4,64.43,85.39,6.99,81.86,85.27,88.85,123.8,8.27,120.94,127.56,128.54,52.41,1.59,51.56,52.18,53.14,65.26,5.49,62.54,65.38,68.03,66.18,0.54,65.87,65.95,66.37,16.03,1.17,15.6,16.5,16.7,1.59,2.76,0.0,0.0,2.39,25.33,3.5,23.34,23.91,26.61,18.3,1.57,17.39,17.43,18.77,0.0,0.0,0.0,0.0,0.0,16.49,0.77,16.05,16.07,16.72,23.68,1.4,23.04,23.87,24.42,0.0,0.0,0.0,0.0,0.0,11.73,1.77,10.84,11.72,12.61,26.68,1.85,25.63,25.9,27.34,23.87,0.19,23.7,23.9,24.1,23.55,0.07,23.5,23.6,23.6,7.96,0.02,7.95,7.95,7.96,0.78,0.1,0.71,0.74,0.84,Coagulation,16.0,mg/L,1039.0,Bench-Scale,GAC,RSSCT,5.3,277.5,False,2026-03-10
1039-3-10EC,18.07,1.98,16.45,18.45,19.63,6.8,0.07,6.77,6.82,6.83,0.13,0.03,0.13,0.15,0.15,90.83,14.04,85.86,90.83,95.79,,,,,,223.0,0.0,223.0,223.0,223.0,122.5,2.12,121.75,122.5,123.25,0.1,0.02,0.09,0.1,0.1,335.0,7.07,332.5,335.0,337.5,4.57,0.13,4.47,4.52,4.64,74.13,2.38,73.29,74.13,74.97,0.09,0.001,0.09,0.09,0.09,1.98,0.03,1.96,1.97,1.99,4.05,0.12,3.98,3.98,4.09,380.15,10.57,376.43,384.8,386.2,173.49,13.1,167.91,176.74,180.7,35.25,2.41,33.87,34.2,36.11,53.2,3.18,51.39,52.0,54.4,72.31,6.65,68.51,69.53,74.71,38.38,3.5,36.81,39.02,40.27,59.0,4.5,57.45,61.05,61.58,57.55,3.83,55.68,57.72,59.51,18.57,1.99,17.45,17.9,19.35,0.0,0.0,0.0,0.0,0.0,13.64,0.84,13.16,13.22,13.92,6.85,0.87,6.34,6.4,7.13,0.0,0.0,0.0,0.0,0.0,14.76,0.75,14.37,14.7,15.12,17.95,0.78,17.52,17.8,18.3,0.0,0.0,0.0,0.0,0.0,7.15,1.82,6.1,6.29,7.76,11.96,1.66,11.01,11.23,12.55,24.06,0.29,23.9,24.0,24.4,23.54,0.05,23.5,23.5,23.6,7.97,0.03,7.95,7.97,7.99,0.85,0.18,0.73,0.84,0.97,Coagulation,1.8,mg/L,1039.0,Bench-Scale,GAC,RSSCT,5.3,277.5,False,
1039-3-20,18.45,2.77,16.63,17.75,18.5,7.68,0.15,7.61,7.62,7.68,0.15,0.0,0.15,0.15,0.15,138.0,4.24,136.5,138.0,139.5,,,,,,221.5,0.71,221.25,221.5,221.75,121.5,2.12,120.75,121.5,122.25,0.1,0.01,0.09,0.1,0.1,300.0,0.0,300.0,300.0,300.0,5.58,0.09,5.54,5.58,5.65,53.26,0.5,53.09,53.26,53.44,0.109,0.0,0.109,0.109,0.109,1.96,0.04,1.94,1.96,1.98,4.63,0.03,4.61,4.61,4.64,486.13,10.8,481.65,489.15,492.13,199.88,5.58,197.16,200.13,202.73,61.71,5.61,58.83,61.4,64.43,85.39,6.99,81.86,85.27,88.85,123.8,8.27,120.94,127.56,128.54,52.41,1.59,51.56,52.18,53.14,65.26,5.49,62.54,65.38,68.03,66.18,0.54,65.87,65.95,66.37,16.03,1.17,15.6,16.5,16.7,1.59,2.76,0.0,0.0,2.39,25.33,3.5,23.34,23.91,26.61,18.3,1.57,17.39,17.43,18.77,0.0,0.0,0.0,0.0,0.0,16.49,0.77,16.05,16.07,16.72,23.68,1.4,23.04,23.87,24.42,0.0,0.0,0.0,0.0,0.0,11.73,1.77,10.84,11.72,12.61,26.68,1.85,25.63,25.9,27.34,23.97,0.16,23.85,24.0,24.1,23.53,0.07,23.5,23.5,23.6,7.96,0.02,7.95,7.95,7.96,0.78,0.12,0.72,0.77,0.83,Coagulation,1.8,mg/L,1039.0,Bench-Scale,GAC,RSSCT,5.3,277.5,False,2026-03-20
1039-3-20EC,18.07,1.98,16.45,18.45,19.63,6.8,0.07,6.77,6.82,6.83,0.13,0.03,0.13,0.15,0.15,90.83,14.04,85.86,90.83,95.79,,,,,,223.0,0.0,223.0,223.0,223.0,122.5,2.12,121.75,122.5,123.25,0.1,0.02,0.09,0.1,0.1,335.0,7.07,332.5,335.0,337.5,4.57,0.13,4.47,4.52,4.64,74.13,2.38,73.29,74.13,74.97,0.09,0.001,0.09,0.09,0.09,1.98,0.03,1.96,1.97,1.99,4.05,0.12,3.98,3.98,4.09,380.15,10.57,376.43,384.8,386.2,173.49,13.1,167.91,176.74,180.7,35.25,2.41,33.87,34.2,36.11,53.2,3.18,51.39,52.0,54.4,72.31,6.65,68.51,69.53,74.71,38.38,3.5,36.81,39.02,40.27,59.0,4.5,57.45,61.05,61.58,57.55,3.83,55.68,57.72,59.51,18.57,1.99,17.45,17.9,19.35,0.0,0.0,0.0,0.0,0.0,13.64,0.84,13.16,13.22,13.92,6.85,0.87,6.34,6.4,7.13,0.0,0.0,0.0,0.0,0.0,14.76,0.75,14.37,14.7,15.12,17.95,0.78,17.52,17.8,18.3,0.0,0.0,0.0,0.0,0.0,7.15,1.82,6.1,6.29,7.76,11.96,1.66,11.01,11.23,12.55,24.02,0.26,23.83,23.9,24.15,23.51,0.04,23.5,23.5,23.5,7.97,0.06,7.93,7.97,7.99,0.84,0.1,0.78,0.83,0.88,Coagulation,1.8,mg/L,1039.0,Bench-Scale,GAC,RSSCT,5.3,277.5,False,
1040-1-10,17.05,2.35,17.33,17.5,18.05,9.23,0.01,9.23,9.23,9.23,0.15,0.0,0.15,0.15,0.15,43.33,3.43,42.11,43.33,44.54,,,,,,82.93,3.01,81.86,82.93,83.99,72.23,3.92,70.84,72.23,73.61,0.12,0.01,0.11,0.11,0.12,83.5,3.54,82.25,83.5,84.75,3.18,0.07,3.14,3.17,3.23,25.99,0.61,25.77,25.99,26.2,0.061,0.001,0.06,0.06,0.061,1.9,0.06,1.88,1.91,1.93,2.81,0.03,2.79,2.79,2.82,208.2,8.95,203.1,204.55,211.48,94.56,6.48,91.99,96.71,98.2,26.37,2.17,25.27,26.3,27.44,33.65,2.24,32.58,33.84,34.81,39.21,1.36,38.75,39.84,39.99,43.13,3.11,41.65,43.4,44.75,17.31,1.39,16.85,17.99,18.11,31.35,1.85,30.81,32.41,32.41,2.77,0.27,2.69,2.91,2.93,1.19,2.06,0.0,0.0,1.79,14.34,0.39,14.22,14.55,14.57,7.62,0.63,7.26,7.35,7.84,0.0,0.0,0.0,0.0,0.0,3.22,0.18,3.12,3.18,3.3,7.27,0.24,7.14,7.2,7.37,0.0,0.0,0.0,0.0,0.0,1.35,1.17,1.01,2.01,2.02,4.22,0.14,4.18,4.29,4.3,47.89,0.13,47.8,47.9,48.0,3.46,0.21,3.25,3.6,3.6,9.23,0.04,9.19,9.24,9.25,0.83,0.04,0.8,0.83,0.86,Coagulation,8.0,mg/L,1040.0,Bench-Scale,GAC,RSSCT,2.74,105.75,False,2026-01-10
1040-1-20,17.05,2.35,17.33,17.5,18.05,9.23,0.01,9.23,9.23,9.23,0.15,0.0,0.15,0.15,0.15,43.33,3.43,42.11,43.33,44.54,,,,,,82.93,3.01,81.86,82.93,83.99,72.23,3.92,70.84,72.23,73.61,0.12,0.01,0.11,0.11,0.12,83.5,3.54,82.25,83.5,84.75,3.18,0.07,3.14,3.17,3.23,25.99,0.61,25.77,25.99,26.2,0.061,0.001,0.06,0.06,0.061,1.9,0.06,1.88,1.91,1.93,2.81,0.03,2.79,2.79,2.82,208.2,8.95,203.1,204.55,211.48,94.56,6.48,91.99,96.71,98.2,26.79,2.83,25.27,26.3,28.07,34.06,2.86,32.58,33.84,35.44,39.63,1.78,38.9,40.15,40.62,43.13,3.11,41.65,43.4,44.75,17.31,1.39,16.85,17.99,18.11,31.35,1.85,30.81,32.41,32.41,2.77,0.27,2.69,2.91,2.93,1.19,2.06,0.0,0.0,1.79,14.34,0.39,14.22,14.55,14.57,7.62,0.63,7.26,7.35,7.84,0.42,0.72,0.0,0.0,0.63,3.22,0.18,3.12,3.18,3.3,7.27,0.24,7.14,7.2,7.37,0.0,0.0,0.0,0.0,0.0,1.35,1.17,1.01,2.01,2.02,4.22,0.14,4.18,4.29,4.3,48.05,0.05,48.0,48.05,48.1,3.34,0.24,3.2,3.3,3.6,9.21,0.03,9.19,9.19,9.23,0.85,0.06,0.84,0.86,0.89,Coagulation,8.0,mg/L,1040.0,Bench-Scale,GAC,RSSCT,2.74,105.75,False,2026-01-20
1040-2-10,17.93,1.56,17.2,18.1,18.75,8.98,0.01,8.98,8.98,8.98,0.1,0.0,0.1,0.1,0.1,37.6,0.57,37.4,37.6,37.8,,,,,,166.0,0.0,166.0,166.0,166.0,125.0,0.0,125.0,125.0,125.0,0.16,0.01,0.15,0.16,0.16,110.0,0.0,110.0,110.0,110.0,2.57,0.02,2.56,2.57,2.57,43.1,0.42,42.95,43.1,43.24,0.046,0.001,0.046,0.046,0.046,1.79,0.05,1.76,1.77,1.8,3.51,0.23,3.38,3.38,3.58,220.65,1.26,219.93,220.05,221.08,135.59,16.63,126.52,132.0,142.86,28.56,2.04,27.56,28.66,29.6,40.48,2.99,38.82,39.65,41.72,46.79,3.34,44.94,45.88,48.18,43.39,6.77,39.76,42.24,46.45,37.13,3.61,35.19,36.51,38.76,42.33,5.25,39.47,41.25,44.64,12.74,1.11,12.1,12.2,13.11,0.0,0.0,0.0,0.0,0.0,15.37,2.25,14.28,15.5,16.53,3.71,0.34,3.6,3.87,3.9,0.0,0.0,0.0,0.0,0.0,9.47,0.23,9.38,9.53,9.6,11.92,1.19,11.25,11.52,12.39,0.0,0.0,0.0,0.0,0.0,2.7,0.13,2.62,2.64,2.74,3.61,0.23,3.5,3.6,3.73,48.23,0.2,48.1,48.2,48.4,19.94,0.3,19.6,20.2,20.2,9.2,0.04,9.17,9.2,9.22,0.84,0.22,0.77,0.82,0.89,Coagulation,4.0,mg/L,1040.0,Bench-Scale,GAC,RSSCT,2.74,105.75,False,2026-02-10
1040-2-20,17.93,1.56,17.2,18.1,18.75,8.98,0.01,8.98,8.98,8.98,0.1,0.0,0.1,0.1,0.1,37.6,0.57,37.4,37.6,37.8,,,,,,166.0,0.0,166.0,166.0,166.0,125.0,0.0,125.0,125.0,125.0,0.16,0.01,0.15,0.16,0.16,110.0,0.0,110.0,110.0,110.0,2.57,0.02,2.56,2.57,2.57,43.1,0.42,42.95,43.1,43.24,0.046,0.001,0.046,0.046,0.046,1.79,0.05,1.76,1.77,1.8,3.51,0.23,3.38,3.38,3.58,220.65,1.26,219.93,220.05,221.08,135.59,16.63,126.52,132.0,142.86,28.56,2.04,27.56,28.66,29.6,40.48,2.99,38.82,39.65,41.72,46.79,3.34,44.94,45.88,48.18,43.39,6.77,39.76,42.24,46.45,37.13,3.61,35.19,36.51,38.76,42.33,5.25,39.47,41.25,44.64,12.74,1.11,12.1,12.2,13.11,0.0,0.0,0.0,0.0,0.0,15.37,2.25,14.28,15.5,16.53,3.71,0.34,3.6,3.87,3.9,0.0,0.0,0.0,0.0,0.0,9.47,0.23,9.38,9.53,9.6,11.92,1.19,11.25,11.52,12.39,0.0,0.0,0.0,0.0,0.0,2.7,0.13,2.62,2.64,2.74,3.61,0.23,3.5,3.6,3.73,48.17,0.25,48.0,48.0,48.3,19.92,0.29,19.65,20.0,20.2,9.21,0.04,9.18,9.2,9.23,0.71,0.16,0.73,0.77,0.77,Coagulation,4.0,mg/L,1040.0,Bench-Scale,GAC,RSSCT,2.74,105.75,False,2026-02-20
1040-3-10,17.24,0.57,17.1,17.2,17.3,9.0,0.08,8.97,8.97,9.01,0.15,0.0,0.15,0.15,0.15,29.53,0.04,29.51,29.53,29.54,,,,,,133.0,0.0,133.0,133.0,133.0,95.0,0.0,95.0,95.0,95.0,0.03,0.0,0.03,0.03,0.03,150.0,14.14,145.0,150.0,155.0,2.35,0.07,2.31,2.33,2.34,61.98,3.04,60.9,61.98,63.05,0.048,0.001,0.047,0.048,0.048,2.06,0.01,2.06,2.06,2.07,3.42,0.07,3.38,3.39,3.45,254.65,9.19,249.43,251.0,258.05,153.92,15.89,144.96,148.38,160.11,30.87,9.82,25.31,27.29,34.63,43.32,13.57,35.64,38.34,48.51,48.69,16.34,39.31,41.0,54.23,60.28,9.39,54.94,56.6,63.78,36.19,2.38,34.9,35.74,37.25,44.47,4.12,42.14,42.96,46.05,12.98,0.1,12.93,12.98,13.03,0.0,0.0,0.0,0.0,0.0,15.85,3.19,14.07,14.85,17.13,5.13,2.85,3.51,4.01,6.19,0.0,0.0,0.0,0.0,0.0,9.89,3.79,7.74,8.43,11.31,12.45,3.75,10.33,11.05,13.87,0.0,0.0,0.0,0.0,0.0,1.7,1.54,1.04,2.08,2.55,3.68,1.81,2.63,2.66,4.21,48.03,0.22,47.85,48.0,48.3,26.01,0.48,26.1,26.1,26.2,9.14,0.02,9.12,9.14,9.16,0.84,0.1,0.79,0.81,0.91,Coagulation,6.0,mg/L,1040.0,Bench-Scale,GAC,RSSCT,2.74,105.75,False,2026-03-10
1040-3-20,17.24,0.57,17.1,17.2,17.3,9.0,0.08,8.97,8.97,9.01,0.15,0.0,0.15,0.15,0.15,29.53,0.04,29.51,29.53,29.54,,,,,,133.0,0.0,133.0,133.0,133.0,95.0,0.0,95.0,95.0,95.0,0.03,0.0,0.03,0.03,0.03,150.0,14.14,145.0,150.0,155.0,2.35,0.07,2.31,2.33,2.34,61.98,3.04,60.9,61.98,63.05,0.048,0.001,0.047,0.048,0.048,2.06,0.01,2.06,2.06,2.07,3.42,0.07,3.38,3.39,3.45,254.65,9.19,249.43,251.0,258.05,153.92,15.89,144.96,148.38,160.11,30.87,9.82,25.31,27.29,34.63,43.32,13.57,35.64,38.34,48.51,48.69,16.34,39.31,41.0,54.23,60.28,9.39,54.94,56.6,63.78,36.19,2.38,34.9,35.74,37.25,44.47,4.12,42.14,42.96,46.05,12.98,0.1,12.93,12.98,13.03,0.0,0.0,0.0,0.0,0.0,15.85,3.19,14.07,14.85,17.13,5.13,2.85,3.51,4.01,6.19,0.0,0.0,0.0,0.0,0.0,9.89,3.79,7.74,8.43,11.31,12.45,3.75,10.33,11.05,13.87,0.0,0.0,0.0,0.0,0.0,1.7,1.54,1.04,2.08,2.55,3.68,1.81,2.63,2.66,4.21,48.03,0.19,47.9,48.0,48.2,25.84,0.64,26.0,26.1,26.2,9.16,0.03,9.15,9.16,9.18,0.82,0.1,0.76,0.82,0.87,Coagulation,6.0,mg/L,1040.0,Bench-Scale,GAC,RSSCT,2.74,105.75,False,2026-03-20
1040-4-10,18.42,0.83,18.0,18.15,18.98,9.02,0.03,9.0,9.03,9.04,0.12,0.03,0.1,0.1,0.13,52.08,0.67,51.84,52.08,52.31,,,,,,100.5,0.71,100.25,100.5,100.75,62.5,0.71,62.25,62.5,62.75,0.03,0.0,0.03,0.03,0.03,79.5,2.12,78.75,79.5,80.25,2.85,0.06,2.82,2.85,2.85,27.35,0.17,27.29,27.35,27.41,0.064,0.0,0.064,0.064,0.064,2.23,0.06,2.21,2.25,2.26,2.5,0.09,2.46,2.53,2.55,252.83,9.11,247.68,249.45,256.3,96.68,9.83,91.51,95.59,101.3,33.3,2.22,32.27,33.57,34.47,41.96,2.86,40.57,42.13,43.43,45.76,2.95,44.33,45.93,47.28,53.04,5.56,49.97,51.59,55.39,13.36,1.09,12.82,13.4,13.91,28.58,3.22,27.07,28.96,30.28,1.7,0.1,1.65,1.65,1.73,0.0,0.0,0.0,0.0,0.0,20.8,0.73,20.52,21.06,21.22,9.47,1.24,8.89,9.64,10.12,0.0,0.0,0.0,0.0,0.0,3.03,0.32,2.85,2.88,3.14,8.65,0.65,8.31,8.56,8.95,0.0,0.0,0.0,0.0,0.0,0.0,0.0,0.0,0.0,0.0,3.8,0.09,3.76,3.8,3.85,48.06,0.18,48.0,48.1,48.1,11.05,0.06,11.0,11.0,11.1,9.22,0.02,9.2,9.21,9.22,0.82,0.07,0.8,0.82,0.86,Coagulation,4.0,mg/L,1040.0,Bench-Scale,GAC,RSSCT,2.74,105.75,False,2026-04-10
1040-4-20,18.42,0.83,18.0,18.15,18.98,9.02,0.03,9.0,9.03,9.04,0.12,0.03,0.1,0.1,0.13,52.08,0.67,51.84,52.08,52.31,,,,,,100.5,0.71,100.25,100.5,100.75,62.5,0.71,62.25,62.5,62.75,0.03,0.0,0.03,0.03,0.03,79.5,2.12,78.75,79.5,80.25,2.85,0.06,2.82,2.85,2.85,27.35,0.17,27.29,27.35,27.41,0.064,0.0,0.064,0.064,0.064,2.23,0.06,2.21,2.25,2.26,2.5,0.09,2.46,2.53,2.55,252.83,9.11,247.68,249.45,256.3,96.68,9.83,91.51,95.59,101.3,33.3,2.22,32.27,33.57,34.47,41.96,2.86,40.57,42.13,43.43,45.76,2.95,44.33,45.93,47.28,53.04,5.56,49.97,51.59,55.39,13.36,1.09,12.82,13.4,13.91,28.58,3.22,27.07,28.96,30.28,1.7,0.1,1.65,1.65,1.73,0.0,0.0,0.0,0.0,0.0,20.8,0.73,20.52,21.06,21.22,9.47,1.24,8.89,9.64,10.12,0.0,0.0,0.0,0.0,0.0,3.03,0.32,2.85,2.88,3.14,8.65,0.65,8.31,8.56,8.95,0.0,0.0,0.0,0.0,0.0,0.0,0.0,0.0,0.0,0.0,3.8,0.09,3.76,3.8,3.85,48.1,0.26,48.0,48.1,48.18,11.07,0.07,11.0,11.1,11.1,9.2,0.04,9.18,9.2,9.22,0.87,0.16,0.83,0.85,0.89,Coagulation,4.0,mg/L,1040.0,Bench-Scale,GAC,RSSCT,2.74,105.75,False,2026-04-20
1041-1-10,18.86,6.77,13.9,19.3,25.2,9.04,0.19,8.9,9.09,9.19,0.34,0.12,0.25,0.33,0.47,52.85,9.62,45.0,50.0,60.5,,,,,,205.02,15.85,190.0,211.5,214.75,117.43,11.55,109.5,120.0,125.0,0.0,0.16,0.0,0.0,0.0,148.45,53.28,141.5,165.25,180.0,3.22,0.97,2.63,2.97,3.21,45.51,19.12,43.46,47.69,54.55,0.027,0.005,0.024,0.027,0.029,0.88,0.18,0.79,0.9,0.98,2.74,0.95,1.98,3.1,3.31,82.05,34.17,64.0,85.0,99.5,44.93,19.4,31.72,38.21,63.33,15.84,6.94,9.99,15.56,21.87,18.79,8.45,11.47,18.32,24.88,,,,,,7.97,4.85,5.73,6.12,10.02,11.75,5.0,8.75,9.46,14.41,14.45,6.78,10.18,12.94,21.58,10.76,5.64,7.67,10.09,13.4,2.63,1.86,2.31,2.46,3.9,4.73,3.02,2.89,4.54,6.2,2.09,2.02,0.0,2.01,2.68,4.01,2.78,2.28,3.55,5.54,2.51,1.78,1.02,2.47,4.06,3.07,1.72,1.87,2.57,3.92,,,,,,,,,,,,,,,,4.04,0.19,4.0,4.0,4.0,18.74,6.4,14.08,19.5,25.15,8.83,0.43,8.67,8.92,9.09,0.55,0.38,0.21,0.5,0.85,Ozonation,4.0,mg/L,1041.0,Pilot-Scale,GAC,Pilot Columns,3.22,148.4499969482422,False,2026-01-10
1041-1-20,18.86,6.77,13.9,19.3,25.2,9.04,0.19,8.9,9.09,9.19,0.34,0.12,0.25,0.33,0.47,52.85,9.62,45.0,50.0,60.5,,,,,,205.02,15.85,190.0,211.5,214.75,117.43,11.55,109.5,120.0,125.0,0.0,0.16,0.0,0.0,0.0,148.45,53.28,141.5,165.25,180.0,3.22,0.97,2.63,2.97,3.21,45.51,19.12,43.46,47.69,54.55,0.027,0.005,0.024,0.027,0.029,0.88,0.18,0.79,0.9,0.98,2.74,0.95,1.98,3.1,3.31,82.05,34.17,64.0,85.0,99.5,44.93,19.4,31.72,38.21,63.33,15.84,6.94,9.99,15.56,21.87,18.79,8.45,11.47,18.32,24.88,,,,,,7.97,4.85,5.73,6.12,10.02,11.75,5.0,8.75,9.46,14.41,14.45,6.78,10.18,12.94,21.58,10.76,5.64,7.67,10.09,13.4,2.63,1.86,2.31,2.46,3.9,4.73,3.02,2.89,4.54,6.2,2.09,2.02,0.0,2.01,2.68,4.01,2.78,2.28,3.55,5.54,2.51,1.78,1.02,2.47,4.06,3.07,1.72,1.87,2.57,3.92,,,,,,,,,,,,,,,,4.04,0.19,4.0,4.0,4.0,18.73,6.36,14.08,19.5,25.15,8.73,0.58,8.64,8.87,9.07,0.62,0.41,0.24,0.61,0.9,Ozonation,4.0,mg/L,1041.0,Pilot-Scale,GAC,Pilot Columns,3.22,148.4499969482422,False,2026-01-20
1042-1-10,18.53,1.21,17.68,18.7,19.58,7.77,0.02,7.76,7.77,7.79,0.1,0.0,0.1,0.1,0.1,112.25,1.06,111.88,112.25,112.63,,,,,,252.5,7.07,250.0,252.5,255.0,227.75,8.84,224.63,227.75,230.88,0.05,0.02,0.03,0.04,0.05,68.5,0.71,68.25,68.5,68.75,3.16,0.02,3.16,3.16,3.17,21.83,0.05,21.81,21.83,21.85,0.061,0.0,0.061,0.061,0.061,1.92,0.02,1.9,1.91,1.93,1.93,0.06,1.9,1.93,1.96,200.63,6.05,197.55,200.4,203.6,57.66,3.06,56.14,57.68,59.2,29.6,1.04,29.0,29.0,29.9,38.1,0.72,37.7,37.9,38.4,58.77,1.27,58.05,58.3,59.25,20.6,0.4,20.4,20.6,20.8,13.85,2.03,13.02,14.46,14.98,21.93,0.82,21.49,21.8,22.31,1.28,0.09,1.23,1.23,1.31,0.0,0.0,0.0,0.0,0.0,11.33,0.58,11.0,11.0,11.5,15.33,0.58,15.0,15.0,15.5,0.0,0.0,0.0,0.0,0.0,2.93,0.12,2.9,3.0,3.0,8.5,0.4,8.3,8.5,8.7,0.0,0.0,0.0,0.0,0.0,5.0,0.26,4.85,4.9,5.1,15.67,0.58,15.5,16.0,16.0,23.95,0.07,23.9,24.0,24.0,15.12,0.15,15.05,15.1,15.1,7.44,0.04,7.41,7.44,7.45,0.84,0.1,0.75,0.85,0.92,Coagulation,12.1,mg/L,1042.0,Bench-Scale,GAC,RSSCT,3.34,79.62999725341797,False,2026-01-10
1042-1-20,18.53,1.21,17.68,18.7,19.58,7.77,0.02,7.76,7.77,7.79,0.1,0.0,0.1,0.1,0.1,112.25,1.06,111.88,112.25,112.63,,,,,,252.5,7.07,250.0,252.5,255.0,227.75,8.84,224.63,227.75,230.88,0.05,0.02,0.03,0.04,0.05,68.5,0.71,68.25,68.5,68.75,3.16,0.02,3.16,3.16,3.17,21.83,0.05,21.81,21.83,21.85,0.061,0.0,0.061,0.061,0.061,1.92,0.02,1.9,1.91,1.93,1.93,0.06,1.9,1.93,1.96,200.63,6.05,197.55,200.4,203.6,57.66,3.06,56.14,57.68,59.2,30.0,1.73,29.0,29.0,30.5,38.5,1.4,37.7,37.9,39.0,59.17,1.95,58.05,58.3,59.85,20.6,0.4,20.4,20.6,20.8,13.85,2.03,13.02,14.46,14.98,21.93,0.82,21.49,21.8,22.31,1.28,0.09,1.23,1.23,1.31,0.0,0.0,0.0,0.0,0.0,11.33,0.58,11.0,11.0,11.5,15.33,0.58,15.0,15.0,15.5,0.4,0.69,0.0,0.0,0.6,2.93,0.12,2.9,3.0,3.0,8.5,0.4,8.3,8.5,8.7,0.0,0.0,0.0,0.0,0.0,5.0,0.26,4.85,4.9,5.1,15.67,0.58,15.5,16.0,16.0,24.0,0.07,23.98,24.0,24.05,15.15,0.14,15.1,15.1,15.2,7.44,0.03,7.42,7.43,7.45,0.81,0.1,0.78,0.82,0.85,Coagulation,12.1,mg/L,1042.0,Bench-Scale,GAC,RSSCT,3.34,79.62999725341797,False,2026-01-20
1042-2-10,20.1,3.24,18.65,20.7,21.85,7.22,0.1,7.16,7.18,7.26,0.23,0.08,0.2,0.25,0.28,85.85,2.69,84.9,85.85,86.8,,,,,,146.0,1.41,145.5,146.0,146.5,88.5,2.12,87.75,88.5,89.25,0.08,0.02,0.07,0.08,0.08,84.0,2.83,83.0,84.0,85.0,3.69,0.02,3.67,3.69,3.7,22.81,0.88,22.5,22.81,23.12,0.087,0.002,0.086,0.086,0.087,2.35,0.04,2.33,2.33,2.36,3.14,0.07,3.11,3.12,3.17,363.97,7.23,360.03,362.4,367.13,116.66,7.83,114.06,120.46,121.16,63.43,2.47,62.3,63.8,64.75,76.43,2.47,75.3,76.8,77.75,107.07,7.96,103.95,109.8,111.55,59.37,4.45,57.52,60.62,61.84,15.99,0.59,15.78,16.25,16.33,39.99,3.07,38.82,41.14,41.73,1.31,0.09,1.25,1.26,1.33,3.2,0.26,3.1,3.3,3.35,24.0,1.0,23.5,24.0,24.5,31.67,1.53,31.0,32.0,32.5,1.17,0.06,1.15,1.2,1.2,3.4,0.2,3.3,3.4,3.5,13.0,0.0,13.0,13.0,13.0,1.37,2.37,0.0,0.0,2.05,5.93,1.44,5.4,6.5,6.75,23.33,3.06,22.0,24.0,25.0,18.01,0.18,17.9,18.0,18.1,24.79,0.31,24.65,24.8,24.8,7.4,0.05,7.4,7.41,7.42,1.09,0.24,0.92,0.94,1.28,Coagulation,2.4,mg/L,1042.0,Bench-Scale,GAC,RSSCT,3.34,79.62999725341797,False,2026-02-10
1042-2-20,20.1,3.24,18.65,20.7,21.85,7.22,0.1,7.16,7.18,7.26,0.23,0.08,0.2,0.25,0.28,85.85,2.69,84.9,85.85,86.8,,,,,,146.0,1.41,145.5,146.0,146.5,88.5,2.12,87.75,88.5,89.25,0.08,0.02,0.07,0.08,0.08,84.0,2.83,83.0,84.0,85.0,3.69,0.02,3.67,3.69,3.7,22.81,0.88,22.5,22.81,23.12,0.087,0.002,0.086,0.086,0.087,2.35,0.04,2.33,2.33,2.36,3.14,0.07,3.11,3.12,3.17,363.97,7.23,360.03,362.4,367.13,116.66,7.83,114.06,120.46,121.16,63.43,2.47,62.3,63.8,64.75,76.43,2.47,75.3,76.8,77.75,107.07,7.96,103.95,109.8,111.55,59.37,4.45,57.52,60.62,61.84,15.99,0.59,15.78,16.25,16.33,39.99,3.07,38.82,41.14,41.73,1.31,0.09,1.25,1.26,1.33,3.2,0.26,3.1,3.3,3.35,24.0,1.0,23.5,24.0,24.5,31.67,1.53,31.0,32.0,32.5,1.17,0.06,1.15,1.2,1.2,3.4,0.2,3.3,3.4,3.5,13.0,0.0,13.0,13.0,13.0,1.37,2.37,0.0,0.0,2.05,5.93,1.44,5.4,6.5,6.75,23.33,3.06,22.0,24.0,25.0,18.26,0.1,18.2,18.3,18.3,24.68,0.33,24.5,24.5,24.7,7.42,0.05,7.4,7.41,7.46,0.81,0.22,0.78,0.82,0.89,Coagulation,2.4,mg/L,1042.0,Bench-Scale,GAC,RSSCT,3.34,79.62999725341797,False,2026-02-20
1042-3-10,18.53,2.06,17.43,17.9,18.6,7.59,0.04,7.57,7.6,7.62,0.23,0.1,0.18,0.2,0.28,95.15,2.12,94.4,95.15,95.9,,,,,,164.5,3.54,163.25,164.5,165.75,102.5,3.54,101.25,102.5,103.75,0.03,0.0,0.03,0.03,0.03,96.0,0.0,96.0,96.0,96.0,3.45,0.06,3.42,3.45,3.48,27.29,0.36,27.17,27.29,27.42,0.078,0.0,0.078,0.078,0.078,2.28,0.04,2.27,2.29,2.3,3.28,0.05,3.26,3.26,3.3,317.32,12.0,311.75,318.9,323.68,105.02,3.19,103.89,106.41,106.85,48.6,5.29,45.6,46.6,50.6,60.27,6.43,56.6,57.6,62.6,80.2,0.8,80.0,80.2,80.4,53.27,2.98,51.76,53.21,54.74,14.72,0.71,14.32,14.5,15.01,36.11,0.9,35.63,35.99,36.53,0.92,0.81,0.64,1.28,1.39,1.03,1.79,0.0,0.0,1.55,19.33,2.31,18.0,18.0,20.0,24.67,0.58,24.5,25.0,25.0,0.7,0.61,0.5,1.0,1.05,2.87,0.46,2.6,2.6,3.0,11.67,1.15,11.0,11.0,12.0,0.0,0.0,0.0,0.0,0.0,5.1,0.1,5.05,5.1,5.15,18.0,1.0,17.5,18.0,18.5,18.16,0.14,18.1,18.1,18.2,26.07,0.11,26.0,26.0,26.2,7.43,0.03,7.43,7.44,7.44,0.74,0.12,0.62,0.81,0.84,Coagulation,2.4,mg/L,1042.0,Bench-Scale,GAC,RSSCT,3.34,79.62999725341797,False,2026-03-10
1042-3-20,18.53,2.06,17.43,17.9,18.6,7.59,0.04,7.57,7.6,7.62,0.23,0.1,0.18,0.2,0.28,95.15,2.12,94.4,95.15,95.9,,,,,,164.5,3.54,163.25,164.5,165.75,102.5,3.54,101.25,102.5,103.75,0.03,0.0,0.03,0.03,0.03,96.0,0.0,96.0,96.0,96.0,3.45,0.06,3.42,3.45,3.48,27.29,0.36,27.17,27.29,27.42,0.078,0.0,0.078,0.078,0.078,2.28,0.04,2.27,2.29,2.3,3.28,0.05,3.26,3.26,3.3,317.32,12.0,311.75,318.9,323.68,105.02,3.19,103.89,106.41,106.85,48.6,5.29,45.6,46.6,50.6,60.27,6.43,56.6,57.6,62.6,80.2,0.8,80.0,80.2,80.4,53.27,2.98,51.76,53.21,54.74,14.72,0.71,14.32,14.5,15.01,36.11,0.9,35.63,35.99,36.53,0.92,0.81,0.64,1.28,1.39,1.03,1.79,0.0,0.0,1.55,19.33,2.31,18.0,18.0,20.0,24.67,0.58,24.5,25.0,25.0,0.7,0.61,0.5,1.0,1.05,2.87,0.46,2.6,2.6,3.0,11.67,1.15,11.0,11.0,12.0,0.0,0.0,0.0,0.0,0.0,5.1,0.1,5.05,5.1,5.15,18.0,1.0,17.5,18.0,18.5,18.17,0.21,18.0,18.2,18.33,26.12,0.12,26.0,26.2,26.2,7.42,0.05,7.4,7.41,7.45,0.79,0.12,0.74,0.82,0.87,Coagulation,2.4,mg/L,1042.0,Bench-Scale,GAC,RSSCT,3.34,79.62999725341797,False,2026-03-20
1042-4-10,18.89,1.44,17.7,18.9,19.6,7.44,0.05,7.42,7.44,7.48,0.23,0.06,0.19,0.23,0.26,109.0,1.41,108.5,109.0,109.5,,,,,,224.5,0.71,224.25,224.5,224.75,142.5,2.12,141.75,142.5,143.25,0.03,0.0,0.03,0.03,0.03,70.0,0.0,70.0,70.0,70.0,3.08,0.05,3.04,3.09,3.1,22.42,0.38,22.29,22.42,22.56,0.051,0.001,0.05,0.051,0.051,1.64,0.04,1.61,1.62,1.65,2.57,0.11,2.51,2.54,2.62,205.02,5.03,202.18,203.2,206.95,58.0,8.29,53.32,55.05,61.2,26.57,2.51,25.65,27.6,28.0,33.87,2.66,33.0,35.2,35.4,48.03,3.58,46.95,50.0,50.1,23.74,4.76,21.01,21.44,25.33,10.81,1.23,10.22,10.94,11.45,22.65,3.1,20.9,21.49,23.83,0.8,0.69,0.59,1.19,1.2,0.77,1.33,0.0,0.0,1.15,10.23,0.68,9.85,10.0,10.5,12.67,1.15,12.0,12.0,13.0,0.7,0.61,0.5,1.0,1.05,2.2,0.17,2.15,2.3,2.3,7.3,0.26,7.15,7.2,7.4,0.0,0.0,0.0,0.0,0.0,3.5,0.36,3.35,3.6,3.7,10.67,0.58,10.5,11.0,11.0,23.99,0.08,23.93,24.0,24.0,17.71,0.11,17.6,17.7,17.7,7.41,0.03,7.38,7.41,7.43,0.97,0.23,0.83,0.94,1.0,Coagulation,15.9,mg/L,1042.0,Bench-Scale,GAC,RSSCT,3.34,79.62999725341797,False,2026-04-10
1042-4-20,18.89,1.44,17.7,18.9,19.6,7.44,0.05,7.42,7.44,7.48,0.23,0.06,0.19,0.23,0.26,109.0,1.41,108.5,109.0,109.5,,,,,,224.5,0.71,224.25,224.5,224.75,142.5,2.12,141.75,142.5,143.25,0.03,0.0,0.03,0.03,0.03,70.0,0.0,70.0,70.0,70.0,3.08,0.05,3.04,3.09,3.1,22.42,0.38,22.29,22.42,22.56,0.051,0.001,0.05,0.051,0.051,1.64,0.04,1.61,1.62,1.65,2.57,0.11,2.51,2.54,2.62,205.02,5.03,202.18,203.2,206.95,58.0,8.29,53.32,55.05,61.2,26.57,2.51,25.65,27.6,28.0,33.87,2.66,33.0,35.2,35.4,48.03,3.58,46.95,50.0,50.1,23.74,4.76,21.01,21.44,25.33,10.81,1.23,10.22,10.94,11.45,22.65,3.1,20.9,21.49,23.83,0.8,0.69,0.59,1.19,1.2,0.77,1.33,0.0,0.0,1.15,10.23,0.68,9.85,10.0,10.5,12.67,1.15,12.0,12.0,13.0,0.7,0.61,0.5,1.0,1.05,2.2,0.17,2.15,2.3,2.3,7.3,0.26,7.15,7.2,7.4,0.0,0.0,0.0,0.0,0.0,3.5,0.36,3.35,3.6,3.7,10.67,0.58,10.5,11.0,11.0,24.07,0.11,24.0,24.0,24.11,17.91,0.46,17.7,17.9,17.9,7.41,0.03,7.39,7.4,7.41,0.98,0.23,0.84,0.96,1.02,Coagulation,15.9,mg/L,1042.0,Bench-Scale,GAC,RSSCT,3.34,79.62999725341797,False,2026-04-20
1043-1-10,20.0,0.0,20.0,20.0,20.0,8.82,0.37,8.62,8.72,8.98,0.13,0.01,0.12,0.13,0.13,45.5,0.71,45.25,45.5,45.75,,,,,,101.5,12.02,97.25,101.5,105.75,59.1,8.63,56.05,59.1,62.15,0.13,0.02,0.12,0.13,0.13,89.9,13.86,85.0,89.9,94.8,2.89,0.05,2.88,2.92,2.92,31.33,5.51,29.38,31.33,33.28,0.041,0.001,0.041,0.041,0.041,1.41,0.04,1.39,1.4,1.43,1.93,0.13,1.88,1.97,2.0,145.67,13.8,140.5,151.0,153.5,55.17,2.11,53.95,54.1,55.85,,,,,,,,,,,,,,,,25.63,1.38,24.85,25.1,26.15,16.9,0.44,16.65,16.7,17.05,11.13,0.23,11.0,11.0,11.2,1.5,0.1,1.45,1.5,1.55,,,,,,8.49,0.0,8.49,8.49,8.49,1.42,0.0,1.42,1.42,1.42,0.0,0.0,0.0,0.0,0.0,1.82,0.0,1.82,1.82,1.82,5.12,0.0,5.12,5.12,5.12,,,,,,,,,,,,,,,,20.38,0.56,19.8,20.5,20.97,13.82,0.53,14.0,14.0,14.0,9.25,0.06,9.21,9.23,9.27,0.94,0.23,0.79,0.88,1.13,Lime softening,237.0,mg/L,1043.0,Bench-Scale,GAC,RSSCT,2.52,93.4800033569336,True,2026-01-10
1043-1-20,20.0,0.0,20.0,20.0,20.0,8.82,0.37,8.62,8.72,8.98,0.13,0.01,0.12,0.13,0.13,45.5,0.71,45.25,45.5,45.75,,,,,,101.5,12.02,97.25,101.5,105.75,59.1,8.63,56.05,59.1,62.15,0.13,0.02,0.12,0.13,0.13,89.9,13.86,85.0,89.9,94.8,2.89,0.05,2.88,2.92,2.92,31.33,5.51,29.38,31.33,33.28,0.041,0.001,0.041,0.041,0.041,1.41,0.04,1.39,1.4,1.43,1.93,0.13,1.88,1.97,2.0,145.67,13.8,140.5,151.0,153.5,55.17,2.11,53.95,54.1,55.85,,,,,,,,,,,,,,,,25.63,1.38,24.85,25.1,26.15,16.9,0.44,16.65,16.7,17.05,11.13,0.23,11.0,11.0,11.2,1.5,0.1,1.45,1.5,1.55,,,,,,8.49,0.0,8.49,8.49,8.49,1.42,0.0,1.42,1.42,1.42,0.0,0.0,0.0,0.0,0.0,1.82,0.0,1.82,1.82,1.82,5.12,0.0,5.12,5.12,5.12,,,,,,,,,,,,,,,,20.58,1.01,19.83,20.35,20.97,13.53,0.8,13.0,14.0,14.0,9.27,0.05,9.23,9.29,9.3,0.99,0.3,0.83,0.9,1.17,Lime softening,237.0,mg/L,1043.0,Bench-Scale,GAC,RSSCT,2.52,93.4800033569336,True,2026-01-20
1043-2-10,20.0,0.0,20.0,20.0,20.0,9.19,0.23,9.06,9.12,9.29,0.77,0.67,0.41,0.65,1.07,33.3,0.42,33.15,33.3,33.45,,,,,,100.35,2.33,99.53,100.35,101.18,72.3,1.98,71.6,72.3,73.0,0.18,0.08,0.13,0.16,0.18,95.95,3.61,94.67,95.95,97.22,2.29,0.23,2.16,2.2,2.38,41.34,3.84,39.98,41.34,42.7,0.036,0.002,0.035,0.036,0.037,1.58,0.16,1.51,1.6,1.67,2.72,0.48,2.45,2.45,2.87,167.17,13.79,160.0,166.0,173.75,87.97,12.92,80.75,83.97,93.19,23.37,2.87,22.66,23.37,24.09,29.77,3.34,28.93,29.77,30.6,,,,,,38.66,6.8,34.87,36.64,41.43,26.7,4.17,24.45,25.94,28.57,18.57,2.8,17.46,19.51,20.14,4.05,1.46,3.36,4.21,4.81,2.48,2.26,1.51,3.01,3.72,12.07,0.74,11.88,12.07,12.25,3.29,0.11,3.27,3.29,3.32,0.0,0.0,0.0,0.0,0.0,4.42,0.47,4.28,4.68,4.69,6.56,0.37,6.4,6.63,6.76,,,,,,,,,,,,,,,,20.33,0.63,20.0,20.45,20.57,24.1,0.89,23.5,23.5,25.0,9.12,0.33,9.23,9.24,9.28,0.79,0.33,0.58,0.88,1.0,Lime softening,196.0,mg/L,1043.0,Bench-Scale,GAC,RSSCT,2.52,93.4800033569336,True,2026-02-10
1043-2-20,20.0,0.0,20.0,20.0,20.0,9.19,0.23,9.06,9.12,9.29,0.77,0.67,0.41,0.65,1.07,33.3,0.42,33.15,33.3,33.45,,,,,,100.35,2.33,99.53,100.35,101.18,72.3,1.98,71.6,72.3,73.0,0.18,0.08,0.13,0.16,0.18,95.95,3.61,94.67,95.95,97.22,2.29,0.23,2.16,2.2,2.38,41.34,3.84,39.98,41.34,42.7,0.036,0.002,0.035,0.036,0.037,1.58,0.16,1.51,1.6,1.67,2.72,0.48,2.45,2.45,2.87,167.17,13.79,160.0,166.0,173.75,87.97,12.92,80.75,83.97,93.19,23.37,2.87,22.66,23.37,24.09,29.77,3.34,28.93,29.77,30.6,,,,,,38.66,6.8,34.87,36.64,41.43,26.7,4.17,24.45,25.94,28.57,18.57,2.8,17.46,19.51,20.14,4.05,1.46,3.36,4.21,4.81,2.48,2.26,1.51,3.01,3.72,12.07,0.74,11.88,12.07,12.25,3.29,0.11,3.27,3.29,3.32,0.0,0.0,0.0,0.0,0.0,4.42,0.47,4.28,4.68,4.69,6.56,0.37,6.4,6.63,6.76,,,,,,,,,,,,,,,,20.1,0.7,19.57,20.22,20.53,24.3,0.9,23.5,25.0,25.0,9.21,0.24,9.24,9.26,9.3,0.93,0.4,0.64,1.05,1.21,Lime softening,196.0,mg/L,1043.0,Bench-Scale,GAC,RSSCT,2.52,93.4800033569336,True,2026-02-20
1043-3-10,20.0,0.0,20.0,20.0,20.0,9.02,0.12,8.95,8.98,9.07,0.8,0.82,0.36,0.65,1.17,58.25,3.89,56.88,58.25,59.63,,,,,,142.0,8.49,139.0,142.0,145.0,75.55,5.87,73.48,75.55,77.63,0.03,0.0,0.03,0.03,0.03,87.47,49.09,70.12,87.47,104.83,2.47,0.04,2.46,2.49,2.5,35.84,20.72,28.52,35.84,43.16,0.032,0.002,0.031,0.031,0.033,1.31,0.08,1.26,1.28,1.34,1.59,0.08,1.55,1.58,1.63,118.67,11.15,114.5,123.0,125.0,52.03,4.22,50.05,52.5,54.25,11.03,1.5,10.6,11.9,11.9,14.77,1.8,14.15,15.6,15.8,,,,,,18.57,2.48,17.55,19.3,19.95,17.07,1.91,16.05,16.8,17.95,13.27,0.12,13.2,13.2,13.3,3.13,0.21,3.05,3.2,3.25,0.0,0.0,0.0,0.0,0.0,6.03,1.03,5.6,6.3,6.6,2.03,0.51,1.75,1.9,2.25,0.0,0.0,0.0,0.0,0.0,2.97,0.15,2.9,3.0,3.05,3.73,0.35,3.55,3.7,3.9,,,,,,,,,,,,,,,,20.58,0.52,20.11,20.97,21.01,14.27,0.46,14.0,14.0,14.5,9.2,0.05,9.2,9.22,9.22,1.15,0.08,1.09,1.13,1.2,Lime softening,163.0,mg/L,1043.0,Bench-Scale,GAC,RSSCT,2.52,93.4800033569336,True,2026-03-10
1043-3-20,20.0,0.0,20.0,20.0,20.0,9.02,0.12,8.95,8.98,9.07,0.8,0.82,0.36,0.65,1.17,58.25,3.89,56.88,58.25,59.63,,,,,,142.0,8.49,139.0,142.0,145.0,75.55,5.87,73.48,75.55,77.63,0.03,0.0,0.03,0.03,0.03,87.47,49.09,70.12,87.47,104.83,2.47,0.04,2.46,2.49,2.5,35.84,20.72,28.52,35.84,43.16,0.032,0.002,0.031,0.031,0.033,1.31,0.08,1.26,1.28,1.34,1.59,0.08,1.55,1.58,1.63,118.67,11.15,114.5,123.0,125.0,52.03,4.22,50.05,52.5,54.25,11.03,1.5,10.6,11.9,11.9,14.77,1.8,14.15,15.6,15.8,,,,,,18.57,2.48,17.55,19.3,19.95,17.07,1.91,16.05,16.8,17.95,13.27,0.12,13.2,13.2,13.3,3.13,0.21,3.05,3.2,3.25,0.0,0.0,0.0,0.0,0.0,6.03,1.03,5.6,6.3,6.6,2.03,0.51,1.75,1.9,2.25,0.0,0.0,0.0,0.0,0.0,2.97,0.15,2.9,3.0,3.05,3.73,0.35,3.55,3.7,3.9,,,,,,,,,,,,,,,,20.33,0.39,20.08,20.23,20.66,14.67,0.49,14.0,15.0,15.0,9.17,0.09,9.1,9.13,9.23,1.31,0.21,1.15,1.24,1.41,Lime softening,163.0,mg/L,1043.0,Bench-Scale,GAC,RSSCT,2.52,93.4800033569336,True,2026-03-20
1043-4-10,22.0,1.0,21.5,22.0,22.5,8.89,0.11,8.86,8.95,8.96,1.7,1.37,1.0,1.62,2.36,71.5,0.71,71.25,71.5,71.75,,,,,,147.0,2.83,146.0,147.0,148.0,69.9,0.71,69.65,69.9,70.15,0.21,0.06,0.16,0.19,0.21,100.62,0.87,100.31,100.62,100.92,2.44,0.13,2.37,2.4,2.49,40.45,1.72,39.84,40.45,41.06,0.027,0.001,0.027,0.027,0.028,1.12,0.07,1.1,1.16,1.16,1.8,0.2,1.69,1.7,1.87,82.07,6.63,79.83,85.2,85.88,32.3,1.63,31.47,32.23,33.1,8.87,2.3,8.06,9.88,10.19,11.83,2.78,10.8,12.93,13.41,,,,,,7.43,1.34,6.69,7.08,7.99,9.97,0.84,9.49,9.56,10.24,10.78,0.41,10.55,10.63,10.94,4.13,0.87,3.63,3.75,4.44,0.0,0.0,0.0,0.0,0.0,5.22,1.25,4.86,5.93,5.94,0.71,0.62,0.52,1.03,1.07,0.0,0.0,0.0,0.0,0.0,2.94,0.51,2.68,2.9,3.18,2.96,0.49,2.74,3.05,3.23,,,,,,,,,,,,,,,,20.47,0.3,20.46,20.52,20.61,7.4,0.51,7.0,7.0,8.0,9.24,0.03,9.22,9.24,9.25,0.94,0.19,0.8,0.84,1.11,Lime softening,163.0,mg/L,1043.0,Bench-Scale,GAC,RSSCT,2.52,93.4800033569336,True,2026-04-10
1043-4-20,22.0,1.0,21.5,22.0,22.5,8.89,0.11,8.86,8.95,8.96,1.7,1.37,1.0,1.62,2.36,71.5,0.71,71.25,71.5,71.75,,,,,,147.0,2.83,146.0,147.0,148.0,69.9,0.71,69.65,69.9,70.15,0.21,0.06,0.16,0.19,0.21,100.62,0.87,100.31,100.62,100.92,2.44,0.13,2.37,2.4,2.49,40.45,1.72,39.84,40.45,41.06,0.027,0.001,0.027,0.027,0.028,1.12,0.07,1.1,1.16,1.16,1.8,0.2,1.69,1.7,1.87,82.07,6.63,79.83,85.2,85.88,32.3,1.63,31.47,32.23,33.1,8.87,2.3,8.06,9.88,10.19,11.83,2.78,10.8,12.93,13.41,,,,,,7.43,1.34,6.69,7.08,7.99,9.97,0.84,9.49,9.56,10.24,10.78,0.41,10.55,10.63,10.94,4.13,0.87,3.63,3.75,4.44,0.0,0.0,0.0,0.0,0.0,5.22,1.25,4.86,5.93,5.94,0.71,0.62,0.52,1.03,1.07,0.0,0.0,0.0,0.0,0.0,2.94,0.51,2.68,2.9,3.18,2.96,0.49,2.74,3.05,3.23,,,,,,,,,,,,,,,,20.33,0.31,19.98,20.43,20.55,7.25,0.45,7.0,7.0,7.25,9.26,0.02,9.24,9.25,9.27,1.09,0.35,0.78,1.14,1.27,Lime softening,163.0,mg/L,1043.0,Bench-Scale,GAC,RSSCT,2.52,93.4800033569336,True,2026-04-20
1044-1-10,22.97,5.29,20.3,22.9,28.3,5.65,0.47,5.33,5.69,5.85,0.01,0.04,0.0,0.0,0.0,0.51,1.76,0.0,0.0,0.0,,,,,,22.58,4.51,19.0,22.0,27.0,13.24,3.49,11.0,13.0,16.0,0.35,0.0,0.35,0.35,0.35,28.78,7.71,25.0,25.0,33.38,1.82,0.25,1.7,1.8,1.9,16.29,5.03,13.09,14.54,17.77,0.024,0.005,0.021,0.022,0.026,1.3,0.22,1.18,1.25,1.43,1.88,0.59,1.52,1.73,2.05,158.41,44.7,130.0,150.0,170.0,32.69,10.02,24.3,29.5,38.8,21.68,6.85,18.55,21.0,25.1,24.06,7.06,20.96,22.87,27.31,,,,,,23.04,8.68,15.0,25.0,28.0,7.31,2.41,6.0,7.0,8.6,2.29,1.64,1.2,2.2,3.2,0.04,0.25,0.0,0.0,0.0,3.38,1.95,2.83,3.45,4.33,9.75,3.0,8.0,10.0,12.0,8.38,3.86,6.16,7.93,10.0,0.0,0.0,0.0,0.0,0.0,0.17,0.59,0.0,0.0,0.0,2.38,0.62,1.98,2.3,2.63,,,,,,,,,,,,,,,,48.0,0.0,48.0,48.0,48.0,22.78,5.77,19.35,24.2,27.5,7.5,0.0,7.5,7.5,7.5,0.84,0.28,0.67,0.88,0.99,Coagulation,45.0,mg/L,1044.0,Pilot-Scale,GAC,Pilot Columns,1.82,28.780000686645508,False,2026-01-10
1044-1-20,22.97,5.29,20.3,22.9,28.3,5.65,0.47,5.33,5.69,5.85,0.01,0.04,0.0,0.0,0.0,0.51,1.76,0.0,0.0,0.0,,,,,,22.58,4.51,19.0,22.0,27.0,13.24,3.49,11.0,13.0,16.0,0.35,0.0,0.35,0.35,0.35,28.78,7.71,25.0,25.0,33.38,1.82,0.25,1.7,1.8,1.9,16.29,5.03,13.09,14.54,17.77,0.024,0.005,0.021,0.022,0.026,1.3,0.22,1.18,1.25,1.43,1.88,0.59,1.52,1.73,2.05,158.41,44.7,130.0,150.0,170.0,32.69,10.02,24.3,29.5,38.8,21.68,6.85,18.55,21.0,25.1,24.06,7.06,20.96,22.87,27.31,,,,,,23.04,8.68,15.0,25.0,28.0,7.31,2.41,6.0,7.0,8.6,2.29,1.64,1.2,2.2,3.2,0.04,0.25,0.0,0.0,0.0,3.38,1.95,2.83,3.45,4.33,9.75,3.0,8.0,10.0,12.0,8.38,3.86,6.16,7.93,10.0,0.0,0.0,0.0,0.0,0.0,0.17,0.59,0.0,0.0,0.0,2.38,0.62,1.98,2.3,2.63,,,,,,,,,,,,,,,,48.0,0.0,48.0,48.0,48.0,21.71,6.23,17.0,22.2,27.5,7.5,0.0,7.5,7.5,7.5,0.84,0.28,0.69,0.85,0.99,Coagulation,45.0,mg/L,1044.0,Pilot-Scale,GAC,Pilot Columns,1.82,28.780000686645508,False,2026-01-20
1045-1-10,21.0,0.0,21.0,21.0,21.0,9.36,0.16,9.3,9.42,9.46,0.22,0.08,0.18,0.21,0.26,55.0,15.56,49.5,55.0,60.5,,,,,,64.15,9.97,60.63,64.15,67.68,26.45,3.89,25.08,26.45,27.83,0.03,0.0,0.03,0.03,0.03,368.5,21.92,360.75,368.5,376.25,3.92,0.4,3.69,3.76,4.07,99.98,8.62,96.93,99.98,103.03,0.067,0.0,0.067,0.067,0.067,1.72,0.17,1.66,1.78,1.82,1.4,0.02,1.39,1.4,1.41,92.35,1.39,91.55,91.7,92.83,76.84,0.91,76.32,76.45,77.17,19.35,1.19,18.8,19.51,19.99,26.8,1.25,26.18,26.8,27.43,,,,,,4.8,0.41,4.57,4.59,4.93,12.47,0.5,12.2,12.37,12.69,29.51,1.34,28.78,29.16,30.08,30.05,0.25,29.95,30.11,30.19,0.0,0.0,0.0,0.0,0.0,3.63,0.32,3.46,3.56,3.77,2.0,0.22,1.9,2.01,2.11,1.34,1.17,0.97,1.93,2.02,12.38,0.5,12.09,12.17,12.56,7.45,0.15,7.38,7.46,7.53,,,,,,,,,,,,,,,,7.12,0.16,7.0,7.1,7.25,8.0,0.0,8.0,8.0,8.0,8.94,0.03,8.91,8.94,8.95,0.65,0.1,0.59,0.62,0.69,Lime softening,100.0,mg/L,1045.0,Bench-Scale,GAC,RSSCT,4.54,472.7200012207031,True,2026-01-10
1045-1-20,21.0,0.0,21.0,21.0,21.0,9.36,0.16,9.3,9.42,9.46,0.22,0.08,0.18,0.21,0.26,55.0,15.56,49.5,55.0,60.5,,,,,,64.15,9.97,60.63,64.15,67.68,26.45,3.89,25.08,26.45,27.83,0.03,0.0,0.03,0.03,0.03,368.5,21.92,360.75,368.5,376.25,3.92,0.4,3.69,3.76,4.07,99.98,8.62,96.93,99.98,103.03,0.067,0.0,0.067,0.067,0.067,1.72,0.17,1.66,1.78,1.82,1.4,0.02,1.39,1.4,1.41,92.35,1.39,91.55,91.7,92.83,76.84,0.91,76.32,76.45,77.17,20.04,0.49,19.84,20.16,20.31,27.49,0.64,27.21,27.62,27.84,,,,,,4.8,0.41,4.57,4.59,4.93,12.47,0.5,12.2,12.37,12.69,29.51,1.34,28.78,29.16,30.08,30.05,0.25,29.95,30.11,30.19,0.0,0.0,0.0,0.0,0.0,3.63,0.32,3.46,3.56,3.77,2.0,0.22,1.9,2.01,2.11,2.03,0.09,2.0,2.07,2.09,12.38,0.5,12.09,12.17,12.56,7.45,0.15,7.38,7.46,7.53,,,,,,,,,,,,,,,,7.04,0.11,6.98,7.03,7.12,8.0,0.0,8.0,8.0,8.0,8.94,0.05,8.91,8.95,8.97,0.72,0.1,0.63,0.72,0.75,Lime softening,12.0,mg/L,1045.0,Bench-Scale,GAC,RSSCT,4.54,472.7200012207031,True,2026-01-20
1045-2-10,20.0,0.0,20.0,20.0,20.0,9.44,0.46,9.19,9.31,9.63,0.41,0.08,0.37,0.39,0.44,62.0,0.0,62.0,62.0,62.0,,,,,,82.8,6.08,80.65,82.8,84.95,33.6,2.26,32.8,33.6,34.4,0.03,0.0,0.03,0.03,0.03,477.5,7.07,475.0,477.5,480.0,4.77,0.11,4.72,4.78,4.83,100.34,1.79,99.71,100.34,100.98,0.092,0.003,0.091,0.092,0.093,1.92,0.1,1.88,1.92,1.97,2.4,0.18,2.3,2.3,2.45,223.33,40.13,211.5,246.0,246.5,124.89,3.91,122.64,122.82,126.11,35.84,2.96,34.63,36.71,37.49,48.94,3.79,47.18,49.41,50.94,,,,,,11.5,0.33,11.32,11.43,11.65,27.95,0.46,27.76,28.09,28.21,49.88,1.31,49.14,49.37,50.37,35.56,2.57,34.2,35.26,36.77,1.61,1.41,1.09,2.18,2.41,9.25,1.34,8.48,8.5,9.65,3.55,0.23,3.43,3.52,3.66,3.2,0.53,2.96,3.27,3.49,18.23,1.21,17.55,17.8,18.7,13.1,0.96,12.55,12.7,13.45,,,,,,,,,,,,,,,,4.19,0.14,4.15,4.22,4.3,25.79,0.4,26.0,26.0,26.0,8.3,0.05,8.25,8.31,8.34,1.19,0.3,1.03,1.22,1.3,Lime softening,100.0,mg/L,1045.0,Bench-Scale,GAC,RSSCT,4.54,472.7200012207031,True,2026-02-10
1045-2-20,20.0,0.0,20.0,20.0,20.0,9.44,0.46,9.19,9.31,9.63,0.41,0.08,0.37,0.39,0.44,62.0,0.0,62.0,62.0,62.0,,,,,,82.8,6.08,80.65,82.8,84.95,33.6,2.26,32.8,33.6,34.4,0.03,0.0,0.03,0.03,0.03,477.5,7.07,475.0,477.5,480.0,4.77,0.11,4.72,4.78,4.83,100.34,1.79,99.71,100.34,100.98,0.092,0.003,0.091,0.092,0.093,1.92,0.1,1.88,1.92,1.97,2.4,0.18,2.3,2.3,2.45,223.33,40.13,211.5,246.0,246.5,124.89,3.91,122.64,122.82,126.11,35.84,2.96,34.63,36.71,37.49,48.94,3.79,47.18,49.41,50.94,,,,,,11.5,0.33,11.32,11.43,11.65,27.95,0.46,27.76,28.09,28.21,49.88,1.31,49.14,49.37,50.37,35.56,2.57,34.2,35.26,36.77,1.61,1.41,1.09,2.18,2.41,9.25,1.34,8.48,8.5,9.65,3.55,0.23,3.43,3.52,3.66,3.2,0.53,2.96,3.27,3.49,18.23,1.21,17.55,17.8,18.7,13.1,0.96,12.55,12.7,13.45,,,,,,,,,,,,,,,,4.18,0.15,4.11,4.17,4.29,25.75,0.45,25.75,26.0,26.0,8.29,0.05,8.27,8.29,8.32,1.14,0.39,0.81,1.18,1.4,Lime softening,100.0,mg/L,1045.0,Bench-Scale,GAC,RSSCT,4.54,472.7200012207031,True,2026-02-20
1045-3-10,20.0,0.0,20.0,20.0,20.0,8.08,0.28,7.94,8.06,8.22,0.24,0.07,0.21,0.23,0.27,74.7,6.08,72.55,74.7,76.85,,,,,,90.45,4.31,88.93,90.45,91.98,40.55,5.44,38.63,40.55,42.48,0.09,0.06,0.05,0.07,0.09,504.37,,504.37,504.37,504.37,4.49,0.37,4.29,4.34,4.63,116.21,,116.21,116.21,116.21,0.085,0.002,0.084,0.085,0.086,1.9,0.16,1.82,1.91,1.98,1.99,0.23,1.88,1.99,2.11,162.5,32.45,144.5,153.5,176.0,94.53,7.36,90.29,90.91,96.95,21.6,3.58,20.7,21.6,22.49,29.1,5.46,27.74,29.1,30.47,,,,,,4.42,0.38,4.23,4.44,4.61,14.94,1.61,14.32,15.52,15.85,34.56,2.16,33.66,35.17,35.76,40.61,4.96,38.07,40.36,43.02,0.0,0.0,0.0,0.0,0.0,3.09,0.95,2.85,3.09,3.33,1.54,0.87,1.32,1.54,1.76,2.5,0.43,2.39,2.5,2.61,14.47,1.32,14.14,14.47,14.8,7.5,1.88,7.03,7.5,7.97,,,,,,,,,,,,,,,,2.01,0.08,1.95,2.02,2.04,25.0,0.0,25.0,25.0,25.0,8.37,0.05,8.33,8.37,8.4,0.79,0.27,0.66,0.82,1.0,Lime softening,100.0,mg/L,1045.0,Bench-Scale,GAC,RSSCT,4.54,472.7200012207031,True,2026-03-10
1045-3-20,20.0,0.0,20.0,20.0,20.0,8.08,0.28,7.94,8.06,8.22,0.24,0.07,0.21,0.23,0.27,74.7,6.08,72.55,74.7,76.85,,,,,,90.45,4.31,88.93,90.45,91.98,40.55,5.44,38.63,40.55,42.48,0.09,0.06,0.05,0.07,0.09,504.37,,504.37,504.37,504.37,4.49,0.37,4.29,4.34,4.63,116.21,,116.21,116.21,116.21,0.085,0.002,0.084,0.085,0.086,1.9,0.16,1.82,1.91,1.98,1.99,0.23,1.88,1.99,2.11,162.5,32.45,144.5,153.5,176.0,94.53,7.36,90.29,90.91,96.95,21.6,3.58,20.7,21.6,22.49,29.1,5.46,27.74,29.1,30.47,,,,,,4.42,0.38,4.23,4.44,4.61,14.94,1.61,14.32,15.52,15.85,34.56,2.16,33.66,35.17,35.76,40.61,4.96,38.07,40.36,43.02,0.0,0.0,0.0,0.0,0.0,3.09,0.95,2.85,3.09,3.33,1.54,0.87,1.32,1.54,1.76,2.5,0.43,2.39,2.5,2.61,14.47,1.32,14.14,14.47,14.8,7.5,1.88,7.03,7.5,7.97,,,,,,,,,,,,,,,,1.98,0.1,1.9,1.95,2.05,25.0,0.0,25.0,25.0,25.0,8.36,0.04,8.33,8.33,8.39,0.66,0.26,0.43,0.59,0.87,Lime softening,6.0,mg/L,1045.0,Bench-Scale,GAC,RSSCT,4.54,472.7200012207031,True,2026-03-20
1045-4-10,20.0,0.0,20.0,20.0,20.0,8.22,0.04,8.2,8.21,8.24,0.66,0.81,0.19,0.2,0.9,77.75,0.35,77.63,77.75,77.88,,,,,,98.6,1.98,97.9,98.6,99.3,45.5,0.85,45.2,45.5,45.8,0.03,0.0,0.03,0.03,0.03,540.5,2.12,539.75,540.5,541.25,4.99,0.19,4.9,4.98,5.08,108.37,6.1,106.21,108.37,110.52,0.084,0.001,0.083,0.084,0.084,1.67,0.06,1.64,1.66,1.7,1.88,0.05,1.86,1.87,1.91,155.17,11.62,150.75,159.5,161.75,94.07,6.43,91.31,95.62,97.6,19.11,0.88,18.67,19.12,19.55,25.25,1.02,24.79,25.42,25.8,25.25,1.02,24.79,25.42,25.8,3.81,0.2,3.7,3.71,3.88,13.91,0.86,13.41,13.49,14.19,36.16,1.85,35.11,35.38,36.83,40.18,5.05,38.39,42.36,43.07,0.0,0.0,0.0,0.0,0.0,2.3,0.24,2.18,2.3,2.42,1.3,0.12,1.27,1.37,1.38,2.76,0.21,2.65,2.7,2.85,12.74,1.02,12.21,12.62,13.22,6.14,0.19,6.06,6.19,6.25,0.0,0.0,0.0,0.0,0.0,0.0,0.0,0.0,0.0,0.0,0.0,0.0,0.0,0.0,0.0,4.38,0.09,4.31,4.33,4.5,16.17,0.24,16.0,16.0,16.5,8.47,0.07,8.43,8.47,8.52,1.09,0.09,1.07,1.12,1.13,Lime softening,19.0,mg/L,1045.0,Bench-Scale,GAC,RSSCT,4.54,472.7200012207031,True,2026-04-10
1045-4-20,20.0,0.0,20.0,20.0,20.0,8.22,0.04,8.2,8.21,8.24,0.66,0.81,0.19,0.2,0.9,77.75,0.35,77.63,77.75,77.88,,,,,,98.6,1.98,97.9,98.6,99.3,45.5,0.85,45.2,45.5,45.8,0.03,0.0,0.03,0.03,0.03,540.5,2.12,539.75,540.5,541.25,4.99,0.19,4.9,4.98,5.08,108.37,6.1,106.21,108.37,110.52,0.084,0.001,0.083,0.084,0.084,1.67,0.06,1.64,1.66,1.7,1.88,0.05,1.86,1.87,1.91,155.17,11.62,150.75,159.5,161.75,94.07,6.43,91.31,95.62,97.6,19.11,0.88,18.67,19.12,19.55,25.25,1.02,24.79,25.42,25.8,25.25,1.02,24.79,25.42,25.8,3.81,0.2,3.7,3.71,3.88,13.91,0.86,13.41,13.49,14.19,36.16,1.85,35.11,35.38,36.83,40.18,5.05,38.39,42.36,43.07,0.0,0.0,0.0,0.0,0.0,2.3,0.24,2.18,2.3,2.42,1.3,0.12,1.27,1.37,1.38,2.76,0.21,2.65,2.7,2.85,12.74,1.02,12.21,12.62,13.22,6.14,0.19,6.06,6.19,6.25,0.0,0.0,0.0,0.0,0.0,0.0,0.0,0.0,0.0,0.0,0.0,0.0,0.0,0.0,0.0,4.38,0.06,4.34,4.37,4.41,16.07,0.18,16.0,16.0,16.0,8.44,0.09,8.39,8.45,8.49,1.06,0.12,1.03,1.11,1.13,Lime softening,104.0,mg/L,1045.0,Bench-Scale,GAC,RSSCT,4.54,472.7200012207031,True,2026-04-20
1046-1-10,23.0,0.0,23.0,23.0,23.0,7.93,0.06,7.9,7.9,7.95,0.19,0.05,0.18,0.22,0.22,32.5,10.61,28.75,32.5,36.25,,,,,,62.0,0.0,62.0,62.0,62.0,47.0,0.0,47.0,47.0,47.0,0.21,0.0,0.21,0.21,0.21,99.0,1.41,98.5,99.0,99.5,3.33,0.13,3.28,3.35,3.4,29.83,2.01,29.12,29.83,30.54,0.05,0.001,0.049,0.05,0.051,1.5,0.1,1.45,1.49,1.55,2.25,0.05,2.23,2.26,2.28,133.33,2.89,132.5,135.0,135.0,85.97,0.21,85.85,85.9,86.05,15.07,1.27,14.35,14.6,15.55,21.33,1.33,20.6,21.0,21.9,25.1,1.37,24.35,24.8,25.7,26.67,0.58,26.5,27.0,27.0,26.67,0.58,26.5,27.0,27.0,25.0,0.0,25.0,25.0,25.0,7.63,0.38,7.5,7.8,7.85,0.67,1.15,0.0,0.0,1.0,6.47,0.15,6.4,6.5,6.55,1.4,0.0,1.4,1.4,1.4,0.0,0.0,0.0,0.0,0.0,6.53,0.15,6.45,6.5,6.6,6.27,0.15,6.2,6.3,6.35,0.0,0.0,0.0,0.0,0.0,2.0,0.0,2.0,2.0,2.0,1.77,0.06,1.75,1.8,1.8,23.0,0.0,23.0,23.0,23.0,23.0,0.0,23.0,23.0,23.0,9.26,0.18,9.2,9.3,9.4,0.82,0.29,0.55,0.79,1.0,Ozonation,3.0,mg/L,1046.0,Bench-Scale,GAC,RSSCT,4.2,151.0,False,2026-01-10
1046-1-20,23.0,0.0,23.0,23.0,23.0,7.93,0.06,7.9,7.9,7.95,0.19,0.05,0.18,0.22,0.22,32.5,10.61,28.75,32.5,36.25,,,,,,62.0,0.0,62.0,62.0,62.0,47.0,0.0,47.0,47.0,47.0,0.21,0.0,0.21,0.21,0.21,99.0,1.41,98.5,99.0,99.5,3.33,0.13,3.28,3.35,3.4,29.83,2.01,29.12,29.83,30.54,0.05,0.001,0.049,0.05,0.051,1.5,0.1,1.45,1.49,1.55,2.25,0.05,2.23,2.26,2.28,133.33,2.89,132.5,135.0,135.0,85.97,0.21,85.85,85.9,86.05,15.07,1.27,14.35,14.6,15.55,21.33,1.33,20.6,21.0,21.9,25.1,1.37,24.35,24.8,25.7,26.67,0.58,26.5,27.0,27.0,26.67,0.58,26.5,27.0,27.0,25.0,0.0,25.0,25.0,25.0,7.63,0.38,7.5,7.8,7.85,0.67,1.15,0.0,0.0,1.0,6.47,0.15,6.4,6.5,6.55,1.4,0.0,1.4,1.4,1.4,0.0,0.0,0.0,0.0,0.0,6.53,0.15,6.45,6.5,6.6,6.27,0.15,6.2,6.3,6.35,0.0,0.0,0.0,0.0,0.0,2.0,0.0,2.0,2.0,2.0,1.77,0.06,1.75,1.8,1.8,23.0,0.0,23.0,23.0,23.0,23.0,0.0,23.0,23.0,23.0,9.3,0.08,9.3,9.3,9.3,0.85,0.26,0.64,0.83,1.0,Ozonation,3.0,mg/L,1046.0,Bench-Scale,GAC,RSSCT,4.2,151.0,False,2026-01-20
1046-2-10,24.0,0.0,24.0,24.0,24.0,8.27,0.06,8.25,8.3,8.3,0.28,0.0,0.28,0.28,0.28,50.0,1.41,49.5,50.0,50.5,,,,,,110.5,2.12,109.75,110.5,111.25,78.5,2.12,77.75,78.5,79.25,0.05,0.0,0.05,0.05,0.05,180.0,0.0,180.0,180.0,180.0,4.87,0.03,4.85,4.85,4.88,37.11,0.0,37.11,37.11,37.11,0.068,0.001,0.068,0.068,0.068,1.39,0.01,1.38,1.39,1.39,2.69,0.04,2.68,2.71,2.72,233.33,12.58,227.5,235.0,240.0,92.33,3.2,90.75,92.4,93.95,24.4,1.01,23.95,24.6,24.95,34.4,1.01,33.95,34.6,34.95,51.9,3.4,50.75,53.5,53.85,24.67,1.15,24.0,24.0,25.0,29.0,1.0,28.5,29.0,29.5,30.33,1.15,30.0,31.0,31.0,8.33,0.21,8.25,8.4,8.45,0.0,0.0,0.0,0.0,0.0,9.43,0.4,9.25,9.5,9.65,6.8,0.17,6.7,6.7,6.85,1.33,0.12,1.3,1.4,1.4,6.83,0.38,6.7,7.0,7.05,10.0,0.0,10.0,10.0,10.0,0.0,0.0,0.0,0.0,0.0,7.2,1.21,6.85,7.9,7.9,10.3,1.21,9.95,11.0,11.0,23.93,0.33,23.6,24.0,24.3,20.98,1.15,20.25,21.0,22.0,8.48,0.08,8.45,8.48,8.55,1.01,0.17,0.86,1.04,1.11,Ozonation,1.5,mg/L,1046.0,Bench-Scale,GAC,RSSCT,4.2,151.0,False,2026-02-10
1046-2-20,24.0,0.0,24.0,24.0,24.0,8.27,0.06,8.25,8.3,8.3,0.28,0.0,0.28,0.28,0.28,50.0,1.41,49.5,50.0,50.5,,,,,,110.5,2.12,109.75,110.5,111.25,78.5,2.12,77.75,78.5,79.25,0.05,0.0,0.05,0.05,0.05,180.0,0.0,180.0,180.0,180.0,4.87,0.03,4.85,4.85,4.88,37.11,0.0,37.11,37.11,37.11,0.068,0.001,0.068,0.068,0.068,1.39,0.01,1.38,1.39,1.39,2.69,0.04,2.68,2.71,2.72,233.33,12.58,227.5,235.0,240.0,92.33,3.2,90.75,92.4,93.95,24.4,1.01,23.95,24.6,24.95,34.4,1.01,33.95,34.6,34.95,51.9,3.4,50.75,53.5,53.85,24.67,1.15,24.0,24.0,25.0,29.0,1.0,28.5,29.0,29.5,30.33,1.15,30.0,31.0,31.0,8.33,0.21,8.25,8.4,8.45,0.0,0.0,0.0,0.0,0.0,9.43,0.4,9.25,9.5,9.65,6.8,0.17,6.7,6.7,6.85,1.33,0.12,1.3,1.4,1.4,6.83,0.38,6.7,7.0,7.05,10.0,0.0,10.0,10.0,10.0,0.0,0.0,0.0,0.0,0.0,7.2,1.21,6.85,7.9,7.9,10.3,1.21,9.95,11.0,11.0,23.6,0.36,23.48,23.6,23.92,20.7,1.13,20.0,21.0,21.75,8.56,0.1,8.5,8.55,8.6,1.12,0.19,1.06,1.1,1.25,Ozonation,1.5,mg/L,1046.0,Bench-Scale,GAC,RSSCT,4.2,151.0,False,2026-02-20
1046-3-10,23.0,0.0,23.0,23.0,23.0,8.37,0.15,8.3,8.4,8.45,0.23,0.06,0.2,0.2,0.25,67.5,3.54,66.25,67.5,68.75,,,,,,115.5,2.12,114.75,115.5,116.25,75.0,1.41,74.5,75.0,75.5,0.09,0.04,0.06,0.08,0.09,210.0,0.0,210.0,210.0,210.0,4.13,0.15,4.05,4.1,4.2,50.03,1.68,49.43,50.03,50.62,0.053,0.0,0.053,0.053,0.053,1.28,0.05,1.26,1.28,1.31,2.88,0.1,2.83,2.85,2.92,233.33,7.64,230.0,235.0,237.5,142.0,5.57,139.0,141.0,144.5,27.13,1.86,26.5,28.0,28.2,38.8,2.43,38.0,40.0,40.2,58.9,2.45,57.7,59.0,60.15,33.0,2.0,32.0,33.0,34.0,41.67,2.08,40.5,41.0,42.5,46.67,0.58,46.5,47.0,47.0,20.67,1.15,20.0,20.0,21.0,1.7,1.48,1.2,2.4,2.55,8.9,0.36,8.7,8.8,9.05,3.0,0.36,2.8,2.9,3.15,1.53,0.06,1.5,1.5,1.55,12.0,0.0,12.0,12.0,12.0,11.67,0.58,11.5,12.0,12.0,4.83,0.12,4.8,4.9,4.9,8.03,0.47,7.85,8.2,8.3,7.23,0.6,6.95,7.3,7.55,23.99,0.07,23.94,24.0,24.0,29.78,0.43,30.0,30.0,30.0,8.47,0.12,8.33,8.5,8.58,1.11,0.15,0.98,1.14,1.2,Ozonation,3.0,mg/L,1046.0,Bench-Scale,GAC,RSSCT,4.2,151.0,False,2026-03-10
1046-3-20,23.0,0.0,23.0,23.0,23.0,8.37,0.15,8.3,8.4,8.45,0.23,0.06,0.2,0.2,0.25,67.5,3.54,66.25,67.5,68.75,,,,,,115.5,2.12,114.75,115.5,116.25,75.0,1.41,74.5,75.0,75.5,0.09,0.04,0.06,0.08,0.09,210.0,0.0,210.0,210.0,210.0,4.13,0.15,4.05,4.1,4.2,50.03,1.68,49.43,50.03,50.62,0.053,0.0,0.053,0.053,0.053,1.28,0.05,1.26,1.28,1.31,2.88,0.1,2.83,2.85,2.92,233.33,7.64,230.0,235.0,237.5,142.0,5.57,139.0,141.0,144.5,27.13,1.86,26.5,28.0,28.2,38.8,2.43,38.0,40.0,40.2,58.9,2.45,57.7,59.0,60.15,33.0,2.0,32.0,33.0,34.0,41.67,2.08,40.5,41.0,42.5,46.67,0.58,46.5,47.0,47.0,20.67,1.15,20.0,20.0,21.0,1.7,1.48,1.2,2.4,2.55,8.9,0.36,8.7,8.8,9.05,3.0,0.36,2.8,2.9,3.15,1.53,0.06,1.5,1.5,1.55,12.0,0.0,12.0,12.0,12.0,11.67,0.58,11.5,12.0,12.0,4.83,0.12,4.8,4.9,4.9,8.03,0.47,7.85,8.2,8.3,7.23,0.6,6.95,7.3,7.55,24.0,0.03,24.0,24.0,24.0,29.72,0.46,29.25,30.0,30.0,8.47,0.1,8.43,8.5,8.5,1.18,0.17,1.06,1.2,1.31,Ozonation,3.0,mg/L,1046.0,Bench-Scale,GAC,RSSCT,4.2,151.0,False,2026-03-20
1046-4-10,23.0,0.0,23.0,23.0,23.0,8.13,0.15,8.05,8.1,8.2,0.27,0.06,0.25,0.3,0.3,50.0,0.0,50.0,50.0,50.0,,,,,,79.5,2.12,78.75,79.5,80.25,59.0,1.41,58.5,59.0,59.5,0.11,0.06,0.07,0.09,0.11,115.0,7.07,112.5,115.0,117.5,4.45,0.18,4.38,4.5,4.55,25.27,1.16,24.86,25.27,25.68,0.069,0.001,0.069,0.069,0.07,1.55,0.04,1.53,1.53,1.57,1.79,0.17,1.74,1.87,1.89,160.0,0.0,160.0,160.0,160.0,71.9,2.77,70.3,70.4,72.75,18.3,0.44,18.05,18.1,18.45,26.53,0.49,26.25,26.3,26.7,32.47,0.45,32.25,32.5,32.7,24.0,2.65,22.5,23.0,25.0,22.33,0.58,22.0,22.0,22.5,21.33,0.58,21.0,21.0,21.5,4.23,0.15,4.15,4.2,4.3,0.0,0.0,0.0,0.0,0.0,8.8,0.26,8.65,8.7,8.9,3.43,0.21,3.35,3.5,3.55,0.0,0.0,0.0,0.0,0.0,6.07,0.15,6.0,6.1,6.15,8.23,0.06,8.2,8.2,8.25,0.0,0.0,0.0,0.0,0.0,2.5,0.17,2.4,2.4,2.55,3.43,0.15,3.35,3.4,3.5,22.97,0.04,22.95,23.0,23.0,7.56,0.51,7.0,8.0,8.0,8.76,0.18,8.7,8.7,8.9,1.16,0.14,1.08,1.14,1.26,Ozonation,4.0,mg/L,1046.0,Bench-Scale,GAC,RSSCT,4.2,151.0,False,2026-04-10
1046-4-20,23.0,0.0,23.0,23.0,23.0,8.13,0.15,8.05,8.1,8.2,0.27,0.06,0.25,0.3,0.3,50.0,0.0,50.0,50.0,50.0,,,,,,79.5,2.12,78.75,79.5,80.25,59.0,1.41,58.5,59.0,59.5,0.11,0.06,0.07,0.09,0.11,115.0,7.07,112.5,115.0,117.5,4.45,0.18,4.38,4.5,4.55,25.27,1.16,24.86,25.27,25.68,0.069,0.001,0.069,0.069,0.07,1.55,0.04,1.53,1.53,1.57,1.79,0.17,1.74,1.87,1.89,160.0,0.0,160.0,160.0,160.0,71.9,2.77,70.3,70.4,72.75,18.3,0.44,18.05,18.1,18.45,26.53,0.49,26.25,26.3,26.7,32.47,0.45,32.25,32.5,32.7,24.0,2.65,22.5,23.0,25.0,22.33,0.58,22.0,22.0,22.5,21.33,0.58,21.0,21.0,21.5,4.23,0.15,4.15,4.2,4.3,0.0,0.0,0.0,0.0,0.0,8.8,0.26,8.65,8.7,8.9,3.43,0.21,3.35,3.5,3.55,0.0,0.0,0.0,0.0,0.0,6.07,0.15,6.0,6.1,6.15,8.23,0.06,8.2,8.2,8.25,0.0,0.0,0.0,0.0,0.0,2.5,0.17,2.4,2.4,2.55,3.43,0.15,3.35,3.4,3.5,22.99,0.02,23.0,23.0,23.0,7.44,0.51,7.0,7.0,8.0,8.73,0.24,8.53,8.65,9.0,1.21,0.15,1.1,1.23,1.34,Ozonation,4.0,mg/L,1046.0,Bench-Scale,GAC,RSSCT,4.2,151.0,False,2026-04-20
1047-1-10,25.44,0.35,25.3,25.6,25.7,7.47,0.1,7.41,7.46,7.53,0.18,0.07,0.14,0.17,0.2,192.44,8.61,185.5,192.5,196.5,,,,,,218.72,27.37,202.75,208.5,213.25,182.03,9.53,178.25,182.0,187.5,0.39,0.03,0.33,0.36,0.39,42.31,16.08,29.13,39.5,57.25,3.0,0.16,2.91,2.95,3.03,14.19,5.51,9.31,13.04,19.78,0.094,0.004,0.091,0.093,0.095,3.13,0.15,3.03,3.12,3.2,7.72,0.54,7.29,7.69,8.11,325.83,68.68,290.0,305.0,322.5,84.68,11.68,83.49,88.13,92.72,69.32,18.71,59.2,65.99,76.71,73.38,19.48,62.5,70.3,80.84,,,,,,70.92,10.07,70.73,73.78,76.1,12.48,1.81,11.45,12.3,13.0,1.92,1.31,1.53,1.68,1.91,0.0,0.0,0.0,0.0,0.0,3.47,2.44,2.3,2.88,4.78,27.38,8.95,23.08,26.0,27.58,38.46,10.77,32.18,38.15,43.98,0.0,0.0,0.0,0.0,0.0,0.0,0.0,0.0,0.0,0.0,4.06,1.07,3.3,3.81,5.0,,,,,,,,,,,,,,,,24.12,0.48,24.0,24.0,24.0,27.55,1.95,25.8,27.8,29.4,7.47,0.17,7.45,7.51,7.54,1.59,0.36,1.36,1.54,1.78,UV disinfection ,,,1047.0,Pilot-Scale,GAC,Pilot Columns,3.01,40.54999923706055,False,2026-01-10
1047-1-20,25.44,0.35,25.3,25.6,25.7,7.47,0.1,7.41,7.46,7.53,0.18,0.07,0.14,0.17,0.2,192.44,8.61,185.5,192.5,196.5,,,,,,218.72,27.37,202.75,208.5,213.25,182.03,9.53,178.25,182.0,187.5,0.39,0.03,0.33,0.36,0.39,42.31,16.08,29.13,39.5,57.25,3.0,0.16,2.91,2.95,3.03,14.19,5.51,9.31,13.04,19.78,0.094,0.004,0.091,0.093,0.095,3.13,0.15,3.03,3.12,3.2,7.72,0.54,7.29,7.69,8.11,325.83,68.68,290.0,305.0,322.5,84.68,11.68,83.49,88.13,92.72,69.32,18.71,59.2,65.99,76.71,73.38,19.48,62.5,70.3,80.84,,,,,,70.92,10.07,70.73,73.78,76.1,12.48,1.81,11.45,12.3,13.0,1.92,1.31,1.53,1.68,1.91,0.0,0.0,0.0,0.0,0.0,3.47,2.44,2.3,2.88,4.78,27.38,8.95,23.08,26.0,27.58,38.46,10.77,32.18,38.15,43.98,0.0,0.0,0.0,0.0,0.0,0.0,0.0,0.0,0.0,0.0,4.06,1.07,3.3,3.81,5.0,,,,,,,,,,,,,,,,24.12,0.48,24.0,24.0,24.0,27.69,1.98,25.88,28.25,29.4,7.48,0.16,7.43,7.51,7.58,1.56,0.42,1.32,1.51,1.85,UV disinfection ,,,1047.0,Pilot-Scale,GAC,Pilot Columns,3.01,40.54999923706055,False,2026-01-20
1047-2-10,25.72,0.25,25.7,25.7,25.75,7.47,0.11,7.44,7.47,7.54,0.19,0.14,0.09,0.12,0.26,196.36,4.09,195.0,196.5,198.75,,,,,,216.6,4.86,213.0,218.0,219.75,187.47,4.39,184.0,188.0,190.0,0.37,0.02,0.35,0.37,0.37,38.79,10.27,30.0,38.5,44.25,3.01,0.12,2.95,2.97,3.06,12.89,3.57,9.95,12.38,14.73,0.093,0.004,0.09,0.092,0.097,3.08,0.15,3.03,3.07,3.17,7.23,0.57,6.79,7.36,7.62,304.0,66.42,270.0,290.0,310.0,83.14,17.45,69.84,80.0,91.7,77.61,17.88,67.35,74.6,96.19,81.48,18.01,70.81,80.2,99.75,,,,,,70.7,15.66,57.75,66.0,82.5,11.5,3.22,9.58,11.0,12.75,0.94,0.93,0.0,1.03,1.5,0.0,0.0,0.0,0.0,0.0,0.18,0.69,0.0,0.0,0.0,35.84,15.36,27.5,29.3,37.8,36.08,5.5,32.5,37.8,39.7,0.48,1.27,0.0,0.0,0.0,5.03,13.28,0.0,0.0,0.0,3.88,0.8,3.35,3.62,4.04,,,,,,,,,,,,,,,,24.0,0.0,24.0,24.0,24.0,27.03,1.01,26.78,27.2,27.53,7.51,0.08,7.46,7.51,7.59,1.59,0.37,1.47,1.57,1.71,UV disinfection ,,,1047.0,Pilot-Scale,GAC,Pilot Columns,3.01,40.54999923706055,False,2026-02-10
1047-2-20,25.72,0.25,25.7,25.7,25.75,7.47,0.11,7.44,7.47,7.54,0.19,0.14,0.09,0.12,0.26,196.36,4.09,195.0,196.5,198.75,,,,,,216.6,4.86,213.0,218.0,219.75,187.47,4.39,184.0,188.0,190.0,0.37,0.02,0.35,0.37,0.37,38.79,10.27,30.0,38.5,44.25,3.01,0.12,2.95,2.97,3.06,12.89,3.57,9.95,12.38,14.73,0.093,0.004,0.09,0.092,0.097,3.08,0.15,3.03,3.07,3.17,7.23,0.57,6.79,7.36,7.62,304.0,66.42,270.0,290.0,310.0,83.14,17.45,69.84,80.0,91.7,77.61,17.88,67.35,74.6,96.19,81.48,18.01,70.81,80.2,99.75,,,,,,70.7,15.66,57.75,66.0,82.5,11.5,3.22,9.58,11.0,12.75,0.94,0.93,0.0,1.03,1.5,0.0,0.0,0.0,0.0,0.0,0.18,0.69,0.0,0.0,0.0,35.84,15.36,27.5,29.3,37.8,36.08,5.5,32.5,37.8,39.7,0.48,1.27,0.0,0.0,0.0,5.03,13.28,0.0,0.0,0.0,3.88,0.8,3.35,3.62,4.04,,,,,,,,,,,,,,,,24.0,0.0,24.0,24.0,24.0,27.03,1.01,26.78,27.2,27.53,7.51,0.09,7.46,7.51,7.57,1.62,0.32,1.49,1.58,1.79,UV disinfection ,,,1047.0,Pilot-Scale,GAC,Pilot Columns,3.01,40.54999923706055,False,2026-02-20
1048-1-TFC-HR,23.6,4.16,20.0,23.0,25.0,7.0,0.16,6.88,6.99,7.05,0.34,0.22,0.19,0.29,0.33,134.38,18.75,126.88,136.25,143.75,466.67,57.54,418.5,486.39,497.86,268.13,34.07,255.75,269.75,282.13,189.8,38.15,175.0,180.0,197.0,0.06,0.05,0.03,0.03,0.1,39.25,5.74,37.75,41.0,42.5,3.45,0.5,3.2,3.4,3.5,11.09,2.34,9.27,10.88,12.7,0.09,0.02,0.08,0.09,0.1,2.579,0.11,2.53,2.56,2.61,4.51,0.84,4.21,4.32,4.8,479.17,87.55,428.75,435.0,507.5,156.66,33.730000000000004,127.91,155.65,184.4,89.71000000000001,19.98,84.44,93.83,99.1,100.41,20.39,96.19,105.58,109.8,115.38,21.69,109.38,120.85,126.85,120.88,28.28,98.38,120.0,142.5,27.7,5.09,24.0,26.5,33.0,6.49,2.15,5.6000000000000005,5.8,6.75,0.0,0.0,0.0,0.0,0.0,5.01,1.38,4.11,5.18,6.08,40.13,10.14,35.63,41.25,45.75,42.88,11.85,35.25,42.25,49.88,0.3,0.6,0.0,0.0,0.3,1.4,0.22,1.33,1.45,1.53,10.7,1.36,9.73,10.4,11.38,0.0,0.0,0.0,0.0,0.0,2.39,0.52,2.08,2.2,2.51,12.58,3.37,10.45,12.5,14.63,48.53,0.52,48.04,48.58,48.75,22.4,2.99,19.25,24.0,25.0,8.13,0.3,8.19,8.25,8.290000000000001,0.62,0.23,0.56,0.67,0.77,Coagulation,1.4,mg/L,1048.0,Bench-Scale,Membrane,LTSEBST,3.53,54.0,False,
1048-2-TFC-HR,29.92,3.11,28.93,30.7,31.75,6.8,0.14,6.71,6.76,6.86,0.26,0.11,0.19,0.22,0.29,124.39,13.68,120.0,125.0,130.0,493.8,28.22,489.8,497.86,510.26,264.65,16.48,255.75,266.5,277.5,173.45000000000002,10.19,165.63,175.0,180.75,0.03,0.01,0.03,0.03,0.03,60.83,4.21,58.0,62.0,63.0,3.4,0.5,3.0500000000000003,3.35,3.58,18.35,2.88,16.39,18.57,19.09,0.08,0.02,0.07,0.08,0.09,2.468,0.39,2.16,2.5,2.65,4.83,0.86,4.04,5.32,5.43,417.0,98.77,350.0,418.75,453.75,143.39,37.22,115.25,133.0,166.3,68.64,26.98,46.95,63.0,74.55,79.47,27.65,57.08,73.5,86.05,85.59,27.38,64.18,82.9,91.24,107.83,32.46,83.5,95.0,130.0,28.4,5.74,24.0,27.5,31.5,7.5,2.06,7.45,7.73,8.700000000000001,0.0,0.0,0.0,0.0,0.0,3.92,2.16,2.78,3.9,5.55,36.9,14.26,25.75,34.0,40.25,26.05,11.38,19.0,23.5,26.38,0.0,0.0,0.0,0.0,0.0,1.77,0.36,1.8,1.95,2.0,10.83,1.25,9.7,11.0,11.75,0.0,0.0,0.0,0.0,0.0,1.09,1.23,0.0,0.53,2.33,7.54,0.95,6.9,7.7,7.9,48.58,0.37,48.42,48.67,48.75,25.7,2.9,23.0,26.0,28.0,8.120000000000001,0.09,8.06,8.1,8.18,0.72,0.27,0.59,0.65,0.87,Coagulation,1.4,mg/L,1048.0,Bench-Scale,Membrane,LTSEBST,3.53,54.0,False,
1048-3-TFC-HR,18.25,3.28,16.75,19.0,20.0,6.91,0.3,6.640000000000001,6.92,7.03,0.32,0.12,0.24,0.3,0.37,140.71,26.25,126.0,133.0,152.5,497.32,40.49,484.22,498.79,515.69,276.44,21.23,275.75,280.75,286.25,179.13,12.72,176.75,180.0,185.25,0.07,0.09,0.03,0.03,0.06,53.5,10.47,52.0,55.0,57.5,3.8,0.54,3.35,3.8,4.25,14.3,4.03,11.96,15.0,17.48,0.07,0.01,0.07,0.07,0.07,1.975,0.21,1.83,1.89,2.13,4.04,0.5,3.6,4.13,4.3,336.25,86.16,280.0,322.5,366.88,107.64,13.08,95.35,107.9,117.55,42.8,9.94,35.85,42.9,45.95,51.76,10.11,44.4,52.6,54.8,57.99,11.13,49.95,57.0,62.45,75.07000000000001,13.33,64.0,73.0,86.5,23.63,3.34,23.0,24.5,26.0,7.7,1.35,6.58,7.9,8.75,0.2,0.5700000000000001,0.0,0.0,0.0,0.61,1.05,0.0,0.0,1.05,22.64,4.01,19.5,22.0,25.25,17.86,5.8100000000000005,14.5,16.0,19.5,0.0,0.0,0.0,0.0,0.0,1.69,0.28,1.55,1.8,1.9,8.96,0.6,8.55,9.0,9.2,0.0,0.0,0.0,0.0,0.0,0.34,0.91,0.0,0.0,0.0,5.89,1.22,5.25,5.6000000000000005,6.45,48.91,0.6,48.5,48.88,49.13,18.88,1.71,19.0,19.0,20.0,8.31,0.64,8.33,8.46,8.58,0.93,0.3,0.73,0.8,1.03,Coagulation,1.4,mg/L,1048.0,Bench-Scale,Membrane,LTSEBST,3.53,54.0,False,
1049-1-10,20.0,0.0,20.0,20.0,20.0,8.29,0.38,8.2,8.29,8.39,0.15,0.05,0.13,0.15,0.16,88.5,4.95,86.75,88.5,90.25,,,,,,156.05,17.04,150.03,156.05,162.08,151.15,15.77,145.58,151.15,156.73,0.34,0.01,0.33,0.34,0.34,330.36,1.92,329.68,330.36,331.04,3.41,0.17,3.36,3.41,3.45,97.09,3.99,95.68,97.09,98.5,0.079,0.015,0.075,0.079,0.082,2.32,0.54,2.18,2.32,2.45,6.39,1.13,6.1,6.39,6.67,265.0,0.0,265.0,265.0,265.0,164.14,0.0,164.14,164.14,164.14,22.3,0.0,22.3,22.3,22.3,31.5,0.0,31.5,31.5,31.5,,,,,,26.73,0.0,26.73,26.73,26.73,49.57,0.0,49.57,49.57,49.57,61.53,0.0,61.53,61.53,61.53,26.32,0.0,26.32,26.32,26.32,0.0,0.0,0.0,0.0,0.0,7.4,0.0,7.4,7.4,7.4,4.8,0.0,4.8,4.8,4.8,0.0,0.0,0.0,0.0,0.0,10.1,0.0,10.1,10.1,10.1,9.2,0.0,9.2,9.2,9.2,,,,,,,,,,,,,,,,47.16,1.86,45.31,48.17,48.23,24.33,0.49,24.0,24.0,25.0,8.4,0.04,8.37,8.4,8.44,1.03,0.5,0.44,1.29,1.38,Lime softening,48.0,mg/L,1049.0,Bench-Scale,GAC,RSSCT,4.53,323.9800109863281,True,2026-01-10
1049-1-20,20.0,0.0,20.0,20.0,20.0,8.29,0.38,8.2,8.29,8.39,0.15,0.05,0.13,0.15,0.16,88.5,4.95,86.75,88.5,90.25,,,,,,156.05,17.04,150.03,156.05,162.08,151.15,15.77,145.58,151.15,156.73,0.34,0.01,0.33,0.34,0.34,330.36,1.92,329.68,330.36,331.04,3.41,0.17,3.36,3.41,3.45,97.09,3.99,95.68,97.09,98.5,0.079,0.015,0.075,0.079,0.082,2.32,0.54,2.18,2.32,2.45,6.39,1.13,6.1,6.39,6.67,265.0,0.0,265.0,265.0,265.0,164.14,0.0,164.14,164.14,164.14,24.1,0.0,24.1,24.1,24.1,33.3,0.0,33.3,33.3,33.3,,,,,,26.73,0.0,26.73,26.73,26.73,49.57,0.0,49.57,49.57,49.57,61.53,0.0,61.53,61.53,61.53,26.32,0.0,26.32,26.32,26.32,0.0,0.0,0.0,0.0,0.0,7.4,0.0,7.4,7.4,7.4,4.8,0.0,4.8,4.8,4.8,1.8,0.0,1.8,1.8,1.8,10.1,0.0,10.1,10.1,10.1,9.2,0.0,9.2,9.2,9.2,,,,,,,,,,,,,,,,46.78,2.09,44.48,48.1,48.23,24.56,0.51,24.0,25.0,25.0,8.41,0.1,8.36,8.4,8.42,1.0,0.47,0.57,0.95,1.51,Lime softening,48.0,mg/L,1049.0,Bench-Scale,GAC,RSSCT,4.53,323.9800109863281,True,2026-01-20
1049-2-10,20.0,0.0,20.0,20.0,20.0,8.43,0.52,8.18,8.45,8.69,0.27,0.28,0.11,0.13,0.36,59.0,4.24,57.5,59.0,60.5,,,,,,206.5,10.61,202.75,206.5,210.25,142.5,7.78,139.75,142.5,145.25,0.03,0.0,0.03,0.03,0.03,323.0,11.31,319.0,323.0,327.0,4.07,0.37,3.91,4.16,4.27,75.65,0.11,75.61,75.65,75.68,0.109,0.001,0.109,0.109,0.11,2.7,0.28,2.54,2.62,2.81,5.75,0.58,5.43,5.58,5.98,395.0,62.0,379.5,395.0,410.5,197.35,43.19,186.56,197.35,208.15,39.47,3.3,38.64,39.47,40.29,54.06,4.22,53.0,54.06,55.11,,,,,,57.45,21.54,52.07,57.45,62.84,67.92,18.02,63.41,67.92,72.42,59.28,5.93,57.79,59.28,60.76,12.71,2.3,12.14,12.71,13.29,1.51,3.01,0.75,1.51,2.26,15.34,0.23,15.29,15.34,15.4,11.53,1.82,11.08,11.53,11.99,1.31,0.05,1.3,1.31,1.32,9.78,2.29,9.2,9.78,10.35,14.59,0.92,14.36,14.59,14.82,,,,,,,,,,,,,,,,46.79,2.17,45.6,47.32,48.81,23.83,0.94,23.25,23.5,24.25,8.4,0.04,8.36,8.42,8.42,0.66,0.26,0.54,0.7,0.84,Lime softening,0.0,mg/L,1049.0,Bench-Scale,GAC,RSSCT,4.53,323.9800109863281,True,2026-02-10
1049-2-20,20.0,0.0,20.0,20.0,20.0,8.43,0.52,8.18,8.45,8.69,0.27,0.28,0.11,0.13,0.36,59.0,4.24,57.5,59.0,60.5,,,,,,206.5,10.61,202.75,206.5,210.25,142.5,7.78,139.75,142.5,145.25,0.03,0.0,0.03,0.03,0.03,323.0,11.31,319.0,323.0,327.0,4.07,0.37,3.91,4.16,4.27,75.65,0.11,75.61,75.65,75.68,0.109,0.001,0.109,0.109,0.11,2.7,0.28,2.54,2.62,2.81,5.75,0.58,5.43,5.58,5.98,395.0,62.0,379.5,395.0,410.5,197.35,43.19,186.56,197.35,208.15,39.47,3.3,38.64,39.47,40.29,54.06,4.22,53.0,54.06,55.11,,,,,,57.45,21.54,52.07,57.45,62.84,67.92,18.02,63.41,67.92,72.42,59.28,5.93,57.79,59.28,60.76,12.71,2.3,12.14,12.71,13.29,1.51,3.01,0.75,1.51,2.26,15.34,0.23,15.29,15.34,15.4,11.53,1.82,11.08,11.53,11.99,1.31,0.05,1.3,1.31,1.32,9.78,2.29,9.2,9.78,10.35,14.59,0.92,14.36,14.59,14.82,,,,,,,,,,,,,,,,46.8,2.3,44.8,47.97,48.68,24.4,0.95,23.5,25.0,25.0,8.37,0.07,8.36,8.36,8.42,0.85,0.38,0.62,0.84,1.08,Lime softening,231.0,mg/L,1049.0,Bench-Scale,GAC,RSSCT,4.53,323.9800109863281,True,2026-02-20
1049-3-10,20.0,0.0,20.0,20.0,20.0,8.4,0.05,8.37,8.38,8.42,0.1,0.04,0.08,0.09,0.12,144.5,2.12,143.75,144.5,145.25,,,,,,243.5,4.95,241.75,243.5,245.25,169.5,3.54,168.25,169.5,170.75,0.03,0.0,0.03,0.03,0.03,366.5,7.78,363.75,366.5,369.25,5.28,0.17,5.19,5.21,5.34,68.65,0.91,68.33,68.65,68.97,0.147,0.001,0.147,0.147,0.148,2.79,0.09,2.76,2.83,2.84,7.58,0.53,7.28,7.4,7.79,567.83,22.08,560.25,578.0,580.5,260.47,23.8,248.65,260.8,272.45,50.03,2.47,48.99,50.69,51.39,66.44,3.17,65.16,67.42,68.21,,,,,,99.84,11.57,94.27,100.63,105.82,87.37,7.75,83.56,87.62,91.31,63.24,4.05,61.17,63.03,65.22,10.01,0.62,9.66,9.8,10.25,4.2,0.66,3.9,4.31,4.55,21.82,0.38,21.6,21.6,21.93,13.19,1.6,12.38,13.16,13.98,1.19,0.08,1.15,1.2,1.23,9.64,0.21,9.55,9.71,9.75,16.41,0.71,16.17,16.74,16.82,,,,,,,,,,,,,,,,47.72,0.94,47.13,48.23,48.31,27.33,0.62,27.0,27.0,28.0,8.89,0.05,8.85,8.88,8.93,1.0,0.21,0.86,1.01,1.12,Lime softening,60.0,mg/L,1049.0,Bench-Scale,GAC,RSSCT,4.53,323.9800109863281,True,2026-03-10
1049-3-20,20.0,0.0,20.0,20.0,20.0,8.4,0.05,8.37,8.38,8.42,0.1,0.04,0.08,0.09,0.12,144.5,2.12,143.75,144.5,145.25,,,,,,243.5,4.95,241.75,243.5,245.25,169.5,3.54,168.25,169.5,170.75,0.03,0.0,0.03,0.03,0.03,366.5,7.78,363.75,366.5,369.25,5.28,0.17,5.19,5.21,5.34,68.65,0.91,68.33,68.65,68.97,0.147,0.001,0.147,0.147,0.148,2.79,0.09,2.76,2.83,2.84,7.58,0.53,7.28,7.4,7.79,567.83,22.08,560.25,578.0,580.5,260.47,23.8,248.65,260.8,272.45,50.03,2.47,48.99,50.69,51.39,66.44,3.17,65.16,67.42,68.21,,,,,,99.84,11.57,94.27,100.63,105.82,87.37,7.75,83.56,87.62,91.31,63.24,4.05,61.17,63.03,65.22,10.01,0.62,9.66,9.8,10.25,4.2,0.66,3.9,4.31,4.55,21.82,0.38,21.6,21.6,21.93,13.19,1.6,12.38,13.16,13.98,1.19,0.08,1.15,1.2,1.23,9.64,0.21,9.55,9.71,9.75,16.41,0.71,16.17,16.74,16.82,,,,,,,,,,,,,,,,47.23,0.95,46.73,46.82,48.19,27.6,0.63,27.0,28.0,28.0,8.88,0.04,8.86,8.88,8.91,1.25,0.4,1.06,1.24,1.49,Lime softening,60.0,mg/L,1049.0,Bench-Scale,GAC,RSSCT,4.53,323.9800109863281,True,2026-03-20
1049-4-10,21.33,0.58,21.0,21.0,21.5,8.62,0.12,8.55,8.55,8.66,0.98,0.85,0.51,0.75,1.34,99.75,0.35,99.63,99.75,99.88,,,,,,138.5,12.02,134.25,138.5,142.75,80.5,6.51,78.2,80.5,82.8,0.27,0.23,0.11,0.19,0.27,276.05,9.24,272.78,276.05,279.31,5.38,0.08,5.34,5.38,5.42,50.94,2.24,50.15,50.94,51.73,0.155,0.003,0.154,0.154,0.156,2.88,0.02,2.87,2.89,2.89,7.29,0.64,7.03,7.47,7.65,496.67,16.29,491.0,504.0,506.0,224.16,7.31,220.06,221.8,227.08,65.96,7.44,62.41,66.6,69.82,80.49,8.08,76.97,82.26,84.9,,,,,,120.34,1.68,119.49,120.31,121.18,65.43,5.19,62.49,63.45,67.38,34.56,1.39,34.14,35.32,35.36,3.82,0.39,3.6,3.67,3.97,4.89,0.57,4.64,5.0,5.2,31.41,3.92,29.8,32.56,33.59,23.12,3.43,21.14,21.39,24.23,0.39,0.68,0.0,0.0,0.59,6.15,0.74,5.74,5.97,6.47,14.53,1.11,13.97,14.48,15.08,,,,,,,,,,,,,,,,48.05,0.6,47.53,47.94,48.7,24.84,0.24,24.5,25.0,25.0,8.76,0.04,8.73,8.75,8.79,1.39,0.41,1.12,1.38,1.65,Lime softening,64.0,mg/L,1049.0,Bench-Scale,GAC,RSSCT,4.53,323.9800109863281,True,2026-04-10
1049-4-20,21.33,0.58,21.0,21.0,21.5,8.62,0.12,8.55,8.55,8.66,0.98,0.85,0.51,0.75,1.34,99.75,0.35,99.63,99.75,99.88,,,,,,138.5,12.02,134.25,138.5,142.75,80.5,6.51,78.2,80.5,82.8,0.27,0.23,0.11,0.19,0.27,276.05,9.24,272.78,276.05,279.31,5.38,0.08,5.34,5.38,5.42,50.94,2.24,50.15,50.94,51.73,0.155,0.003,0.154,0.154,0.156,2.88,0.02,2.87,2.89,2.89,7.29,0.64,7.03,7.47,7.65,496.67,16.29,491.0,504.0,506.0,224.16,7.31,220.06,221.8,227.08,65.96,7.44,62.41,66.6,69.82,80.49,8.08,76.97,82.26,84.9,,,,,,120.34,1.68,119.49,120.31,121.18,65.43,5.19,62.49,63.45,67.38,34.56,1.39,34.14,35.32,35.36,3.82,0.39,3.6,3.67,3.97,4.89,0.57,4.64,5.0,5.2,31.41,3.92,29.8,32.56,33.59,23.12,3.43,21.14,21.39,24.23,0.39,0.68,0.0,0.0,0.59,6.15,0.74,5.74,5.97,6.47,14.53,1.11,13.97,14.48,15.08,,,,,,,,,,,,,,,,47.87,0.71,47.15,47.93,48.51,24.91,0.2,25.0,25.0,25.0,8.77,0.04,8.75,8.77,8.79,1.87,0.72,1.38,1.64,2.41,Lime softening,170.0,mg/L,1049.0,Bench-Scale,GAC,RSSCT,4.53,323.9800109863281,True,2026-04-20
1050-1-BW30LE,22.25,0.0,22.25,22.25,22.25,8.620000000000001,0.0,8.620000000000001,8.620000000000001,8.620000000000001,0.16,0.0,0.16,0.16,0.16,54.75,0.0,54.75,54.75,54.75,322.0,0.0,322.0,322.0,322.0,117.25,0.0,117.25,117.25,117.25,97.35,0.0,97.35,97.35,97.35,0.09,0.04,0.08,0.08,0.09,113.5,0.0,113.5,113.5,113.5,3.15,0.0,3.15,3.15,3.15,36.03,0.0,36.03,36.03,36.03,0.053,0.0,0.053,0.053,0.053,1.67,0.0,1.67,1.67,1.67,3.22,0.0,3.22,3.22,3.22,180.0,0.0,180.0,180.0,180.0,100.0,0.0,100.0,100.0,100.0,25.06,0.0,25.06,25.06,25.06,33.74,0.0,33.74,33.74,33.74,,,,,,50.6,0.0,50.6,50.6,50.6,28.5,0.0,28.5,28.5,28.5,17.35,0.0,17.35,17.35,17.35,3.5500000000000003,0.0,3.5500000000000003,3.5500000000000003,3.5500000000000003,0.0,0.0,0.0,0.0,0.0,17.63,0.0,17.63,17.63,17.63,3.25,0.0,3.25,3.25,3.25,0.0,0.0,0.0,0.0,0.0,4.18,0.0,4.18,4.18,4.18,8.68,0.0,8.68,8.68,8.68,,,,,,,,,,,,,,,,42.0,0.0,42.0,42.0,42.0,13.0,0.0,13.0,13.0,13.0,9.49,0.02,9.49,9.49,9.49,1.15,0.21,1.04,1.18,1.18,Sedimentation,200.0,mg/L,1050.0,Bench-Scale,Membrane,RBSMT,2.65,113.0,False,
1050-1-NF200B,22.25,0.0,22.25,22.25,22.25,8.620000000000001,0.0,8.620000000000001,8.620000000000001,8.620000000000001,0.16,0.0,0.16,0.16,0.16,54.75,0.0,54.75,54.75,54.75,322.0,0.0,322.0,322.0,322.0,117.25,0.0,117.25,117.25,117.25,97.35,0.0,97.35,97.35,97.35,0.09,0.04,0.08,0.08,0.09,113.5,0.0,113.5,113.5,113.5,3.15,0.0,3.15,3.15,3.15,36.03,0.0,36.03,36.03,36.03,0.053,0.0,0.053,0.053,0.053,1.67,0.0,1.67,1.67,1.67,3.22,0.0,3.22,3.22,3.22,180.0,0.0,180.0,180.0,180.0,100.0,0.0,100.0,100.0,100.0,25.06,0.0,25.06,25.06,25.06,33.74,0.0,33.74,33.74,33.74,,,,,,50.6,0.0,50.6,50.6,50.6,28.5,0.0,28.5,28.5,28.5,17.35,0.0,17.35,17.35,17.35,3.5500000000000003,0.0,3.5500000000000003,3.5500000000000003,3.5500000000000003,0.0,0.0,0.0,0.0,0.0,17.63,0.0,17.63,17.63,17.63,3.25,0.0,3.25,3.25,3.25,0.0,0.0,0.0,0.0,0.0,4.18,0.0,4.18,4.18,4.18,8.68,0.0,8.68,8.68,8.68,,,,,,,,,,,,,,,,42.0,0.0,42.0,42.0,42.0,13.0,0.0,13.0,13.0,13.0,9.5,0.02,9.49,9.49,9.5,1.08,0.13,1.0,1.14,1.18,Sedimentation,200.0,mg/L,1050.0,Bench-Scale,Membrane,RBSMT,2.65,113.0,False,
1050-2-BW30LE,24.9,0.0,24.9,24.9,24.9,9.13,0.0,9.13,9.13,9.13,0.13,0.0,0.13,0.13,0.13,49.25,0.0,49.25,49.25,49.25,220.1,0.0,220.1,220.1,220.1,97.95,0.0,97.95,97.95,97.95,81.65,0.0,81.65,81.65,81.65,0.09,0.04,0.08,0.08,0.09,110.0,0.0,110.0,110.0,110.0,2.6,0.0,2.6,2.6,2.6,42.31,0.0,42.31,42.31,42.31,0.046,0.0,0.046,0.046,0.046,1.77,0.0,1.77,1.77,1.77,0.73,0.0,0.73,0.73,0.73,180.0,0.0,180.0,180.0,180.0,103.03,0.0,103.03,103.03,103.03,26.69,0.0,26.69,26.69,26.69,34.45,0.0,34.45,34.45,34.45,,,,,,60.42,0.0,60.42,60.42,60.42,26.14,0.0,26.14,26.14,26.14,13.82,0.0,13.82,13.82,13.82,2.65,0.0,2.65,2.65,2.65,1.69,0.0,1.69,1.69,1.69,18.35,0.0,18.35,18.35,18.35,3.46,0.0,3.46,3.46,3.46,0.0,0.0,0.0,0.0,0.0,3.2,0.0,3.2,3.2,3.2,7.76,0.0,7.76,7.76,7.76,,,,,,,,,,,,,,,,24.0,0.0,24.0,24.0,24.0,26.15,0.05,26.1,26.15,26.2,9.42,0.02,9.42,9.42,9.42,0.7000000000000001,0.05,0.68,0.68,0.73,Sedimentation,180.0,mg/L,1050.0,Bench-Scale,Membrane,RBSMT,2.65,113.0,False,
1050-2-NF200B,24.9,0.0,24.9,24.9,24.9,9.13,0.0,9.13,9.13,9.13,0.13,0.0,0.13,0.13,0.13,49.25,0.0,49.25,49.25,49.25,220.1,0.0,220.1,220.1,220.1,97.95,0.0,97.95,97.95,97.95,81.65,0.0,81.65,81.65,81.65,0.09,0.04,0.08,0.08,0.09,110.0,0.0,110.0,110.0,110.0,2.6,0.0,2.6,2.6,2.6,42.31,0.0,42.31,42.31,42.31,0.045,0.0,0.045,0.045,0.045,1.73,0.0,1.73,1.73,1.73,2.98,0.0,2.98,2.98,2.98,177.5,0.0,177.5,177.5,177.5,103.03,0.0,103.03,103.03,103.03,26.69,0.0,26.69,26.69,26.69,34.45,0.0,34.45,34.45,34.45,,,,,,60.41,0.0,60.41,60.41,60.41,26.14,0.0,26.14,26.14,26.14,13.82,0.0,13.82,13.82,13.82,2.65,0.0,2.65,2.65,2.65,1.69,0.0,1.69,1.69,1.69,18.34,0.0,18.34,18.34,18.34,3.46,0.0,3.46,3.46,3.46,0.0,0.0,0.0,0.0,0.0,3.2,0.0,3.2,3.2,3.2,7.75,0.0,7.75,7.75,7.75,,,,,,,,,,,,,,,,24.0,0.0,24.0,24.0,24.0,26.15,0.05,26.1,26.15,26.2,9.43,0.02,9.42,9.42,9.44,0.72,0.13,0.67,0.67,0.8,Sedimentation,180.0,mg/L,1050.0,Bench-Scale,Membrane,RBSMT,2.65,113.0,False,
1050-3-BW30LE,23.6,0.0,23.6,23.6,23.6,8.82,0.0,8.82,8.82,8.82,0.1,0.0,0.1,0.1,0.1,54.65,0.0,54.65,54.65,54.65,190.3,0.0,190.3,190.3,190.3,87.65,0.0,87.65,87.65,87.65,74.15,0.0,74.15,74.15,74.15,0.09,0.04,0.08,0.08,0.09,77.5,0.0,77.5,77.5,77.5,2.45,0.0,2.45,2.45,2.45,31.63,0.0,31.63,31.63,31.63,0.041,0.0,0.041,0.041,0.041,1.65,0.0,1.65,1.65,1.65,2.72,0.0,2.72,2.72,2.72,165.0,0.0,165.0,165.0,165.0,80.86,0.0,80.86,80.86,80.86,26.64,0.0,26.64,26.64,26.64,36.3,0.0,36.3,36.3,36.3,,,,,,46.43,0.0,46.43,46.43,46.43,21.92,0.0,21.92,21.92,21.92,10.67,0.0,10.67,10.67,10.67,1.85,0.0,1.85,1.85,1.85,0.0,0.0,0.0,0.0,0.0,19.83,0.0,19.83,19.83,19.83,3.31,0.0,3.31,3.31,3.31,0.0,0.0,0.0,0.0,0.0,3.5,0.0,3.5,3.5,3.5,9.66,0.0,9.66,9.66,9.66,,,,,,,,,,,,,,,,31.0,0.0,31.0,31.0,31.0,19.85,0.05,19.8,19.85,19.9,9.51,0.01,9.5,9.51,9.52,0.84,0.13,0.7000000000000001,0.93,0.93,Sedimentation,190.0,mg/L,1050.0,Bench-Scale,Membrane,RBSMT,2.65,113.0,False,
1050-3-NF200B,23.6,0.0,23.6,23.6,23.6,8.82,0.0,8.82,8.82,8.82,0.1,0.0,0.1,0.1,0.1,54.65,0.0,54.65,54.65,54.65,190.3,0.0,190.3,190.3,190.3,87.65,0.0,87.65,87.65,87.65,74.15,0.0,74.15,74.15,74.15,0.09,0.04,0.08,0.08,0.09,77.5,0.0,77.5,77.5,77.5,2.45,0.0,2.45,2.45,2.45,31.63,0.0,31.63,31.63,31.63,0.041,0.0,0.041,0.041,0.041,1.65,0.0,1.65,1.65,1.65,2.72,0.0,2.72,2.72,2.72,165.0,0.0,165.0,165.0,165.0,80.86,0.0,80.86,80.86,80.86,26.64,0.0,26.64,26.64,26.64,36.3,0.0,36.3,36.3,36.3,,,,,,46.43,0.0,46.43,46.43,46.43,21.92,0.0,21.92,21.92,21.92,10.67,0.0,10.67,10.67,10.67,1.85,0.0,1.85,1.85,1.85,0.0,0.0,0.0,0.0,0.0,19.83,0.0,19.83,19.83,19.83,3.31,0.0,3.31,3.31,3.31,0.0,0.0,0.0,0.0,0.0,3.5,0.0,3.5,3.5,3.5,9.66,0.0,9.66,9.66,9.66,,,,,,,,,,,,,,,,31.0,0.0,31.0,31.0,31.0,19.85,0.05,19.8,19.85,19.9,9.5,0.0,9.5,9.5,9.5,0.92,0.07,0.91,0.93,0.93,Sedimentation,190.0,mg/L,1050.0,Bench-Scale,Membrane,RBSMT,2.65,113.0,False,
1050-4-BW30LE,22.9,0.0,22.9,22.9,22.9,9.36,0.0,9.36,9.36,9.36,0.09,0.0,0.09,0.09,0.09,44.05,0.0,44.05,44.05,44.05,556.0,0.0,556.0,556.0,556.0,156.8,0.0,156.8,156.8,156.8,103.4,0.0,103.4,103.4,103.4,0.09,0.04,0.08,0.08,0.09,150.0,0.0,150.0,150.0,150.0,2.28,0.0,2.28,2.28,2.28,65.93,0.0,65.93,65.93,65.93,0.03,0.0,0.03,0.03,0.03,1.32,0.0,1.32,1.32,1.32,3.52,0.0,3.52,3.52,3.52,95.0,0.0,95.0,95.0,95.0,59.95,0.0,59.95,59.95,59.95,23.43,0.0,23.43,23.43,23.43,31.53,0.0,31.53,31.53,31.53,,,,,,14.91,0.0,14.91,14.91,14.91,17.5,0.0,17.5,17.5,17.5,17.52,0.0,17.52,17.52,17.52,10.02,0.0,10.02,10.02,10.02,0.0,0.0,0.0,0.0,0.0,13.4,0.0,13.4,13.4,13.4,2.68,0.0,2.68,2.68,2.68,0.0,0.0,0.0,0.0,0.0,7.35,0.0,7.35,7.35,7.35,8.11,0.0,8.11,8.11,8.11,,,,,,,,,,,,,,,,40.0,0.0,40.0,40.0,40.0,6.18,0.26,6.0,6.15,6.15,9.51,0.02,9.5,9.52,9.52,1.0,0.32,0.78,0.84,1.05,Sedimentation,270.0,mg/L,1050.0,Bench-Scale,Membrane,RBSMT,2.65,113.0,False,
1050-4-NF200B,22.9,0.0,22.9,22.9,22.9,9.36,0.0,9.36,9.36,9.36,0.09,0.0,0.09,0.09,0.09,44.05,0.0,44.05,44.05,44.05,556.0,0.0,556.0,556.0,556.0,156.8,0.0,156.8,156.8,156.8,103.4,0.0,103.4,103.4,103.4,0.09,0.04,0.08,0.08,0.09,150.0,0.0,150.0,150.0,150.0,2.28,0.0,2.28,2.28,2.28,65.93,0.0,65.93,65.93,65.93,0.03,0.0,0.03,0.03,0.03,1.32,0.0,1.32,1.32,1.32,3.52,0.0,3.52,3.52,3.52,95.0,0.0,95.0,95.0,95.0,59.95,0.0,59.95,59.95,59.95,23.43,0.0,23.43,23.43,23.43,31.53,0.0,31.53,31.53,31.53,,,,,,14.92,0.0,14.92,14.92,14.92,17.5,0.0,17.5,17.5,17.5,17.52,0.0,17.52,17.52,17.52,10.02,0.0,10.02,10.02,10.02,0.0,0.0,0.0,0.0,0.0,13.4,0.0,13.4,13.4,13.4,2.68,0.0,2.68,2.68,2.68,0.0,0.0,0.0,0.0,0.0,7.35,0.0,7.35,7.35,7.35,8.11,0.0,8.11,8.11,8.11,,,,,,,,,,,,,,,,40.0,0.0,40.0,40.0,40.0,6.08,0.08,6.0,6.08,6.15,9.51,0.02,9.5,9.52,9.52,0.9,0.18,0.78,0.78,1.02,Sedimentation,270.0,mg/L,1050.0,Bench-Scale,Membrane,RBSMT,2.65,113.0,False,
1051-1-BW30LE,20.5,0.0,20.5,20.5,20.5,6.13,0.0,6.13,6.13,6.13,0.34,0.0,0.34,0.34,0.34,2.25,0.0,2.25,2.25,2.25,111.75,0.0,111.75,111.75,111.75,25.4,0.0,25.4,25.4,25.4,12.75,0.0,12.75,12.75,12.75,0.01,0.01,0.0,0.0,0.01,60.0,0.0,60.0,60.0,60.0,3.75,0.0,3.75,3.75,3.75,16.0,0.0,16.0,16.0,16.0,0.382,0.0,0.382,0.382,0.382,10.17,0.0,10.17,10.17,10.17,1.59,0.0,1.59,1.59,1.59,225.0,0.0,225.0,225.0,225.0,71.08,0.0,71.08,71.08,71.08,41.17,0.0,41.17,41.17,41.17,47.05,0.0,47.05,47.05,47.05,,,,,,46.0,0.0,46.0,46.0,46.0,20.08,0.0,20.08,20.08,20.08,5.0,0.0,5.0,5.0,5.0,0.0,0.0,0.0,0.0,0.0,1.02,0.0,1.02,1.02,1.02,20.13,0.0,20.13,20.13,20.13,19.51,0.0,19.51,19.51,19.51,0.0,0.0,0.0,0.0,0.0,0.52,0.0,0.52,0.52,0.52,5.88,0.0,5.88,5.88,5.88,,,,,,,,,,,,,,,,6.76,0.01,6.75,6.76,6.78,20.9,0.0,20.9,20.9,20.9,7.7,0.04,7.69,7.7,7.71,1.31,0.38,0.99,1.35,1.66,Coagulation,58.0,mg/L,1051.0,Bench-Scale,Membrane,RBSMT,3.5500000000000003,57.5,False,
1051-1-NF200B,20.5,0.0,20.5,20.5,20.5,6.13,0.0,6.13,6.13,6.13,0.34,0.0,0.34,0.34,0.34,2.25,0.0,2.25,2.25,2.25,111.75,0.0,111.75,111.75,111.75,25.4,0.0,25.4,25.4,25.4,12.75,0.0,12.75,12.75,12.75,0.01,0.01,0.0,0.0,0.01,60.0,0.0,60.0,60.0,60.0,3.75,0.0,3.75,3.75,3.75,16.0,0.0,16.0,16.0,16.0,0.071,0.0,0.071,0.071,0.071,1.89,0.0,1.89,1.89,1.89,1.59,0.0,1.59,1.59,1.59,225.0,0.0,225.0,225.0,225.0,71.08,0.0,71.08,71.08,71.08,41.17,0.0,41.17,41.17,41.17,47.05,0.0,47.05,47.05,47.05,,,,,,46.0,0.0,46.0,46.0,46.0,20.08,0.0,20.08,20.08,20.08,5.0,0.0,5.0,5.0,5.0,0.0,0.0,0.0,0.0,0.0,1.02,0.0,1.02,1.02,1.02,20.13,0.0,20.13,20.13,20.13,19.51,0.0,19.51,19.51,19.51,0.0,0.0,0.0,0.0,0.0,0.52,0.0,0.52,0.52,0.52,5.88,0.0,5.88,5.88,5.88,,,,,,,,,,,,,,,,6.78,0.02,6.78,6.78,6.8,20.9,0.0,20.9,20.9,20.9,7.71,0.07,7.69,7.7,7.71,1.26,0.44,0.85,1.35,1.66,Coagulation,58.0,mg/L,1051.0,Bench-Scale,Membrane,RBSMT,3.5500000000000003,57.5,False,
1051-2-BW30LE,21.5,0.0,21.5,21.5,21.5,6.09,0.0,6.09,6.09,6.09,0.17,0.0,0.17,0.17,0.17,5.9,0.0,5.9,5.9,5.9,112.05,0.0,112.05,112.05,112.05,30.05,0.0,30.05,30.05,30.05,19.75,0.0,19.75,19.75,19.75,0.01,0.01,0.0,0.0,0.01,60.5,0.0,60.5,60.5,60.5,3.65,0.0,3.65,3.65,3.65,16.580000000000002,0.0,16.580000000000002,16.580000000000002,16.580000000000002,0.074,0.0,0.074,0.074,0.074,2.03,0.0,2.03,2.03,2.03,2.41,0.0,2.41,2.41,2.41,272.5,0.0,272.5,272.5,272.5,89.29,0.0,89.29,89.29,89.29,40.82,0.44,40.82,41.04,41.04,46.6,0.44,46.6,46.82,46.82,,,,,,62.84,0.0,62.84,62.84,62.84,21.11,0.0,21.11,21.11,21.11,5.34,0.0,5.34,5.34,5.34,0.0,0.0,0.0,0.0,0.0,1.93,0.44,1.93,2.15,2.15,20.36,0.0,20.36,20.36,20.36,17.32,0.0,17.32,17.32,17.32,0.0,0.0,0.0,0.0,0.0,1.21,0.0,1.21,1.21,1.21,5.78,0.0,5.78,5.78,5.78,,,,,,,,,,,,,,,,6.37,0.03,6.34,6.37,6.4,30.23,0.08,30.15,30.23,30.3,8.08,0.03,8.06,8.06,8.1,1.12,0.15,1.01,1.15,1.26,Coagulation,58.0,mg/L,1051.0,Bench-Scale,Membrane,RBSMT,3.5500000000000003,57.5,False,
1051-2-NF200B,21.5,0.0,21.5,21.5,21.5,6.09,0.0,6.09,6.09,6.09,0.17,0.0,0.17,0.17,0.17,5.9,0.0,5.9,5.9,5.9,112.05,0.0,112.05,112.05,112.05,30.05,0.0,30.05,30.05,30.05,19.75,0.0,19.75,19.75,19.75,0.01,0.01,0.0,0.0,0.01,60.5,0.0,60.5,60.5,60.5,3.65,0.0,3.65,3.65,3.65,16.580000000000002,0.0,16.580000000000002,16.580000000000002,16.580000000000002,0.074,0.0,0.074,0.074,0.074,2.03,0.0,2.03,2.03,2.03,2.41,0.0,2.41,2.41,2.41,272.5,0.0,272.5,272.5,272.5,89.29,0.0,89.29,89.29,89.29,40.81,0.44,40.81,41.03,41.03,46.6,0.44,46.6,46.81,46.81,,,,,,62.84,0.0,62.84,62.84,62.84,21.11,0.0,21.11,21.11,21.11,5.34,0.0,5.34,5.34,5.34,0.0,0.0,0.0,0.0,0.0,1.93,0.44,1.93,2.15,2.15,20.36,0.0,20.36,20.36,20.36,17.32,0.0,17.32,17.32,17.32,0.0,0.0,0.0,0.0,0.0,1.21,0.0,1.21,1.21,1.21,5.78,0.0,5.78,5.78,5.78,,,,,,,,,,,,,,,,6.390000000000001,0.04,6.34,6.42,6.42,30.23,0.08,30.15,30.23,30.3,8.07,0.02,8.06,8.06,8.08,1.05,0.22,0.86,1.07,1.26,Coagulation,58.0,mg/L,1051.0,Bench-Scale,Membrane,RBSMT,3.5500000000000003,57.5,False,
1051-3-BW30LE,22.5,0.0,22.5,22.5,22.5,5.67,0.0,5.67,5.67,5.67,0.16,0.0,0.16,0.16,0.16,2.5,0.0,2.5,2.5,2.5,104.85,0.0,104.85,104.85,104.85,28.6,0.0,28.6,28.6,28.6,16.1,0.0,16.1,16.1,16.1,0.01,0.01,0.0,0.0,0.01,56.2,0.0,56.2,56.2,56.2,3.53,0.0,3.53,3.53,3.53,15.94,0.0,15.94,15.94,15.94,0.074,0.0,0.074,0.074,0.074,2.09,0.0,2.09,2.09,2.09,2.81,0.0,2.81,2.81,2.81,267.5,0.0,267.5,267.5,267.5,79.52,0.0,79.52,79.52,79.52,56.86,0.0,56.86,56.86,56.86,64.01,0.0,64.01,64.01,64.01,,,,,,56.81,0.0,56.81,56.81,56.81,18.86,0.0,18.86,18.86,18.86,3.85,0.0,3.85,3.85,3.85,0.0,0.0,0.0,0.0,0.0,0.0,0.0,0.0,0.0,0.0,27.74,0.0,27.74,27.74,27.74,28.6,0.0,28.6,28.6,28.6,0.0,0.0,0.0,0.0,0.0,0.52,0.0,0.52,0.52,0.52,7.15,0.0,7.15,7.15,7.15,,,,,,,,,,,,,,,,6.0,0.0,6.0,6.0,6.0,30.33,0.03,30.3,30.33,30.35,7.81,0.02,7.8,7.8,7.83,2.24,0.08,2.2,2.2,2.33,Coagulation,58.0,mg/L,1051.0,Bench-Scale,Membrane,RBSMT,3.5500000000000003,57.5,False,
1051-3-NF200B,22.5,0.0,22.5,22.5,22.5,5.67,0.0,5.67,5.67,5.67,0.16,0.0,0.16,0.16,0.16,2.5,0.0,2.5,2.5,2.5,104.85,0.0,104.85,104.85,104.85,28.6,0.0,28.6,28.6,28.6,16.1,0.0,16.1,16.1,16.1,0.01,0.01,0.0,0.0,0.01,56.2,0.0,56.2,56.2,56.2,3.53,0.0,3.53,3.53,3.53,15.94,0.0,15.94,15.94,15.94,0.074,0.0,0.074,0.074,0.074,2.09,0.0,2.09,2.09,2.09,2.81,0.0,2.81,2.81,2.81,267.5,0.0,267.5,267.5,267.5,79.52,0.0,79.52,79.52,79.52,56.86,0.0,56.86,56.86,56.86,64.01,0.0,64.01,64.01,64.01,,,,,,56.81,0.0,56.81,56.81,56.81,18.86,0.0,18.86,18.86,18.86,3.85,0.0,3.85,3.85,3.85,0.0,0.0,0.0,0.0,0.0,0.0,0.0,0.0,0.0,0.0,27.74,0.0,27.74,27.74,27.74,28.6,0.0,28.6,28.6,28.6,0.0,0.0,0.0,0.0,0.0,0.52,0.0,0.52,0.52,0.52,7.15,0.0,7.15,7.15,7.15,,,,,,,,,,,,,,,,6.0,0.0,6.0,6.0,6.0,30.33,0.03,30.3,30.33,30.35,7.81,0.02,7.8,7.8,7.82,2.16,0.09,2.16,2.2,2.2,Coagulation,58.0,mg/L,1051.0,Bench-Scale,Membrane,RBSMT,3.5500000000000003,57.5,False,
1051-4-BW30LE,21.95,0.0,21.95,21.95,21.95,5.71,0.0,5.71,5.71,5.71,0.12,0.0,0.12,0.12,0.12,2.25,0.0,2.25,2.25,2.25,106.25,0.0,106.25,106.25,106.25,23.7,0.0,23.7,23.7,23.7,15.2,0.0,15.2,15.2,15.2,0.01,0.01,0.0,0.0,0.01,53.0,0.0,53.0,53.0,53.0,3.2,0.0,3.2,3.2,3.2,16.56,0.0,16.56,16.56,16.56,0.055,0.0,0.055,0.055,0.055,1.72,0.0,1.72,1.72,1.72,1.94,0.0,1.94,1.94,1.94,172.5,0.0,172.5,172.5,172.5,47.73,0.0,47.73,47.73,47.73,31.41,0.0,31.41,31.41,31.41,36.97,0.0,36.97,36.97,36.97,,,,,,31.69,0.0,31.69,31.69,31.69,12.67,0.0,12.67,12.67,12.67,3.37,0.0,3.37,3.37,3.37,0.0,0.0,0.0,0.0,0.0,0.0,0.0,0.0,0.0,0.0,16.64,0.0,16.64,16.64,16.64,13.5,0.0,13.5,13.5,13.5,0.0,0.0,0.0,0.0,0.0,1.28,0.0,1.28,1.28,1.28,5.5600000000000005,0.0,5.5600000000000005,5.5600000000000005,5.5600000000000005,,,,,,,,,,,,,,,,6.0,0.0,6.0,6.0,6.0,11.6,0.0,11.6,11.6,11.6,8.07,0.03,8.06,8.08,8.09,2.03,0.2,1.86,2.04,2.22,Coagulation,58.0,mg/L,1051.0,Bench-Scale,Membrane,RBSMT,3.5500000000000003,57.5,False,
1051-4-NF200B,21.95,0.0,21.95,21.95,21.95,5.71,0.0,5.71,5.71,5.71,0.12,0.0,0.12,0.12,0.12,2.25,0.0,2.25,2.25,2.25,106.25,0.0,106.25,106.25,106.25,23.7,0.0,23.7,23.7,23.7,15.2,0.0,15.2,15.2,15.2,0.01,0.01,0.0,0.0,0.01,53.0,0.0,53.0,53.0,53.0,3.2,0.0,3.2,3.2,3.2,16.56,0.0,16.56,16.56,16.56,0.055,0.0,0.055,0.055,0.055,1.72,0.0,1.72,1.72,1.72,1.94,0.0,1.94,1.94,1.94,172.5,0.0,172.5,172.5,172.5,47.73,0.0,47.73,47.73,47.73,31.41,0.0,31.41,31.41,31.41,36.97,0.0,36.97,36.97,36.97,,,,,,31.69,0.0,31.69,31.69,31.69,12.67,0.0,12.67,12.67,12.67,3.37,0.0,3.37,3.37,3.37,0.0,0.0,0.0,0.0,0.0,0.0,0.0,0.0,0.0,0.0,16.64,0.0,16.64,16.64,16.64,13.5,0.0,13.5,13.5,13.5,0.0,0.0,0.0,0.0,0.0,1.28,0.0,1.28,1.28,1.28,5.5600000000000005,0.0,5.5600000000000005,5.5600000000000005,5.5600000000000005,,,,,,,,,,,,,,,,6.0,0.0,6.0,6.0,6.0,11.6,0.0,11.6,11.6,11.6,8.06,0.03,8.040000000000001,8.07,8.09,2.0,0.23,1.79,2.01,2.22,Coagulation,58.0,mg/L,1051.0,Bench-Scale,Membrane,RBSMT,3.5500000000000003,57.5,False,
1052-1-NTR7450,23.5,0.0,23.5,23.5,23.5,8.05,0.0,8.05,8.05,8.05,0.33,0.0,0.33,0.33,0.33,310.0,0.0,310.0,310.0,310.0,258.5,0.0,258.5,258.5,258.5,270.0,0.0,270.0,270.0,270.0,249.0,0.0,249.0,249.0,249.0,0.01,0.01,0.0,0.0,0.01,82.0,0.0,82.0,82.0,82.0,3.85,0.0,3.85,3.85,3.85,21.3,0.0,21.3,21.3,21.3,0.158,0.0,0.158,0.158,0.158,4.09,0.0,4.09,4.09,4.09,6.21,0.0,6.21,6.21,6.21,275.0,0.0,275.0,275.0,275.0,109.6,0.0,109.6,109.6,109.6,75.5,0.0,75.5,75.5,75.5,84.0,0.0,84.0,84.0,84.0,,,,,,80.0,0.0,80.0,80.0,80.0,24.0,0.0,24.0,24.0,24.0,5.6000000000000005,0.0,5.6000000000000005,5.6000000000000005,5.6000000000000005,0.0,0.0,0.0,0.0,0.0,2.9,0.0,2.9,2.9,2.9,29.0,0.0,29.0,29.0,29.0,41.0,0.0,41.0,41.0,41.0,1.0,0.0,1.0,1.0,1.0,1.6,0.0,1.6,1.6,1.6,8.5,0.0,8.5,8.5,8.5,,,,,,2.5,0.0,2.5,2.5,2.5,15.0,0.0,15.0,15.0,15.0,24.0,0.0,24.0,24.0,24.0,26.0,0.0,26.0,26.0,26.0,8.2,0.0,8.2,8.2,8.2,1.08,0.44,0.79,0.91,1.19,Filtration,,,1052.0,Bench-Scale,Membrane,RBSMT,4.05,74.75,False,
1052-1-TFC-SR,23.5,0.0,23.5,23.5,23.5,7.29,1.53,7.29,8.05,8.05,0.33,0.0,0.33,0.33,0.33,310.0,0.0,310.0,310.0,310.0,258.5,0.0,258.5,258.5,258.5,270.0,0.0,270.0,270.0,270.0,249.0,0.0,249.0,249.0,249.0,0.0,0.0,0.0,0.0,0.0,82.0,0.0,82.0,82.0,82.0,3.85,0.0,3.85,3.85,3.85,21.3,0.0,21.3,21.3,21.3,0.158,0.0,0.158,0.158,0.158,4.09,0.0,4.09,4.09,4.09,6.21,0.0,6.21,6.21,6.21,275.0,0.0,275.0,275.0,275.0,109.6,0.0,109.6,109.6,109.6,75.5,0.0,75.5,75.5,75.5,84.0,0.0,84.0,84.0,84.0,,,,,,80.0,0.0,80.0,80.0,80.0,24.0,0.0,24.0,24.0,24.0,5.6000000000000005,0.0,5.6000000000000005,5.6000000000000005,5.6000000000000005,0.0,0.0,0.0,0.0,0.0,2.9,0.0,2.9,2.9,2.9,29.0,0.0,29.0,29.0,29.0,41.0,0.0,41.0,41.0,41.0,1.0,0.0,1.0,1.0,1.0,1.6,0.0,1.6,1.6,1.6,8.5,0.0,8.5,8.5,8.5,,,,,,2.5,0.0,2.5,2.5,2.5,15.0,0.0,15.0,15.0,15.0,24.0,0.0,24.0,24.0,24.0,26.0,0.0,26.0,26.0,26.0,8.2,0.0,8.2,8.2,8.2,0.8,0.14,0.79,0.79,0.87,Filtration,,,1052.0,Bench-Scale,Membrane,RBSMT,4.05,74.75,False,
1052-2-NTR7450,24.0,0.0,24.0,24.0,24.0,7.9,0.0,7.9,7.9,7.9,0.15,0.0,0.15,0.15,0.15,262.0,0.0,262.0,262.0,262.0,283.0,0.0,283.0,283.0,283.0,274.0,0.0,274.0,274.0,274.0,261.0,0.0,261.0,261.0,261.0,0.08,0.0,0.08,0.08,0.08,62.0,0.0,62.0,62.0,62.0,4.0,0.0,4.0,4.0,4.0,15.5,0.0,15.5,15.5,15.5,0.134,0.0,0.134,0.134,0.134,3.34,0.0,3.34,3.34,3.34,3.58,0.0,3.58,3.58,3.58,387.5,0.0,387.5,387.5,387.5,154.1,0.0,154.1,154.1,154.1,61.0,0.0,61.0,61.0,61.0,68.95,0.0,68.95,68.95,68.95,76.10000000000001,0.0,76.10000000000001,76.10000000000001,76.10000000000001,120.0,0.0,120.0,120.0,120.0,27.5,0.0,27.5,27.5,27.5,6.6000000000000005,0.0,6.6000000000000005,6.6000000000000005,6.6000000000000005,0.0,0.0,0.0,0.0,0.0,3.15,0.0,3.15,3.15,3.15,31.5,0.0,31.5,31.5,31.5,25.0,0.0,25.0,25.0,25.0,0.0,0.0,0.0,0.0,0.0,1.35,0.0,1.35,1.35,1.35,7.95,0.0,7.95,7.95,7.95,0.0,0.0,0.0,0.0,0.0,0.0,0.0,0.0,0.0,0.0,6.8,0.0,6.8,6.8,6.8,24.0,0.0,24.0,24.0,24.0,25.0,0.0,25.0,25.0,25.0,8.19,0.07,8.16,8.17,8.2,1.46,0.17,1.39,1.42,1.48,Filtration,,,1052.0,Bench-Scale,Membrane,RBSMT,4.05,74.75,False,
1052-2-TFC-SR,24.0,0.0,24.0,24.0,24.0,7.18,1.45,7.18,7.9,7.9,0.15,0.0,0.15,0.15,0.15,262.0,0.0,262.0,262.0,262.0,283.0,0.0,283.0,283.0,283.0,274.0,0.0,274.0,274.0,274.0,261.0,0.0,261.0,261.0,261.0,0.07,0.0,0.07,0.07,0.07,62.0,0.0,62.0,62.0,62.0,4.0,0.0,4.0,4.0,4.0,15.5,0.0,15.5,15.5,15.5,0.134,0.0,0.134,0.134,0.134,3.34,0.0,3.34,3.34,3.34,3.58,0.0,3.58,3.58,3.58,387.5,0.0,387.5,387.5,387.5,154.1,0.0,154.1,154.1,154.1,61.0,0.0,61.0,61.0,61.0,68.95,0.0,68.95,68.95,68.95,76.10000000000001,0.0,76.10000000000001,76.10000000000001,76.10000000000001,120.0,0.0,120.0,120.0,120.0,27.5,0.0,27.5,27.5,27.5,6.6000000000000005,0.0,6.6000000000000005,6.6000000000000005,6.6000000000000005,0.0,0.0,0.0,0.0,0.0,3.15,0.0,3.15,3.15,3.15,31.5,0.0,31.5,31.5,31.5,25.0,0.0,25.0,25.0,25.0,0.0,0.0,0.0,0.0,0.0,1.35,0.0,1.35,1.35,1.35,7.95,0.0,7.95,7.95,7.95,0.0,0.0,0.0,0.0,0.0,0.0,0.0,0.0,0.0,0.0,6.8,0.0,6.8,6.8,6.8,24.0,0.0,24.0,24.0,24.0,25.0,0.0,25.0,25.0,25.0,8.14,0.13,8.16,8.17,8.18,1.4,0.17,1.39,1.42,1.44,Filtration,,,1052.0,Bench-Scale,Membrane,RBSMT,4.05,74.75,False,
1052-3-NTR7450,23.0,0.0,23.0,23.0,23.0,7.63,0.0,7.63,7.63,7.63,0.35,0.0,0.35,0.35,0.35,378.0,0.0,378.0,378.0,378.0,250.0,0.0,250.0,250.0,250.0,228.0,0.0,228.0,228.0,228.0,224.0,0.0,224.0,224.0,224.0,0.02,0.01,0.01,0.01,0.02,69.5,0.0,69.5,69.5,69.5,3.5500000000000003,0.0,3.5500000000000003,3.5500000000000003,3.5500000000000003,19.58,0.0,19.58,19.58,19.58,0.144,0.0,0.144,0.144,0.144,4.04,0.0,4.04,4.04,4.04,4.23,0.0,4.23,4.23,4.23,352.5,0.0,352.5,352.5,352.5,142.1,0.0,142.1,142.1,142.1,58.05,0.0,58.05,58.05,58.05,64.85,0.0,64.85,64.85,64.85,71.63,1.45,70.9,70.9,71.63,113.0,0.0,113.0,113.0,113.0,24.0,0.0,24.0,24.0,24.0,5.1000000000000005,0.0,5.1000000000000005,5.1000000000000005,5.1000000000000005,0.0,0.0,0.0,0.0,0.0,2.9,0.0,2.9,2.9,2.9,28.5,0.0,28.5,28.5,28.5,25.5,0.0,25.5,25.5,25.5,0.0,0.0,0.0,0.0,0.0,1.15,0.0,1.15,1.15,1.15,6.8,0.0,6.8,6.8,6.8,0.0,0.0,0.0,0.0,0.0,2.45,0.0,2.45,2.45,2.45,6.5,0.0,6.5,6.5,6.5,24.0,0.0,24.0,24.0,24.0,26.0,0.0,26.0,26.0,26.0,7.9,0.06,7.88,7.88,7.92,1.31,0.15,1.28,1.28,1.41,Filtration,,,1052.0,Bench-Scale,Membrane,RBSMT,4.05,74.75,False,
1052-3-TFC-SR,23.0,0.0,23.0,23.0,23.0,6.97,1.32,6.97,7.63,7.63,0.35,0.0,0.35,0.35,0.35,378.0,0.0,378.0,378.0,378.0,250.0,0.0,250.0,250.0,250.0,228.0,0.0,228.0,228.0,228.0,224.0,0.0,224.0,224.0,224.0,0.0,0.0,0.0,0.0,0.0,69.5,0.0,69.5,69.5,69.5,3.5500000000000003,0.0,3.5500000000000003,3.5500000000000003,3.5500000000000003,19.58,0.0,19.58,19.58,19.58,0.144,0.0,0.144,0.144,0.144,4.04,0.0,4.04,4.04,4.04,4.23,0.0,4.23,4.23,4.23,352.5,0.0,352.5,352.5,352.5,142.1,0.0,142.1,142.1,142.1,58.05,0.0,58.05,58.05,58.05,64.85,0.0,64.85,64.85,64.85,71.63,1.45,70.9,70.9,71.63,113.0,0.0,113.0,113.0,113.0,24.0,0.0,24.0,24.0,24.0,5.1000000000000005,0.0,5.1000000000000005,5.1000000000000005,5.1000000000000005,0.0,0.0,0.0,0.0,0.0,2.9,0.0,2.9,2.9,2.9,28.5,0.0,28.5,28.5,28.5,25.5,0.0,25.5,25.5,25.5,0.0,0.0,0.0,0.0,0.0,1.15,0.0,1.15,1.15,1.15,6.8,0.0,6.8,6.8,6.8,0.0,0.0,0.0,0.0,0.0,2.45,0.0,2.45,2.45,2.45,6.5,0.0,6.5,6.5,6.5,24.0,0.0,24.0,24.0,24.0,26.0,0.0,26.0,26.0,26.0,7.79,0.4,7.86,7.88,7.92,1.2,0.1,1.16,1.24,1.28,Filtration,,,1052.0,Bench-Scale,Membrane,RBSMT,4.05,74.75,False,
1052-4-NTR7450,23.0,0.0,23.0,23.0,23.0,7.75,0.0,7.75,7.75,7.75,0.32,0.0,0.32,0.32,0.32,290.0,0.0,290.0,290.0,290.0,269.0,0.0,269.0,269.0,269.0,310.0,0.0,310.0,310.0,310.0,263.0,0.0,263.0,263.0,263.0,0.36,0.0,0.36,0.36,0.36,85.0,0.0,85.0,85.0,85.0,4.65,0.0,4.65,4.65,4.65,18.28,0.0,18.28,18.28,18.28,0.164,0.0,0.164,0.164,0.164,3.53,0.0,3.53,3.53,3.53,7.390000000000001,0.0,7.390000000000001,7.390000000000001,7.390000000000001,390.0,0.0,390.0,390.0,390.0,134.3,0.0,134.3,134.3,134.3,65.4,0.0,65.4,65.4,65.4,74.0,0.0,74.0,74.0,74.0,85.5,0.0,85.5,85.5,85.5,97.5,0.0,97.5,97.5,97.5,29.5,0.0,29.5,29.5,29.5,7.3,0.0,7.3,7.3,7.3,0.0,0.0,0.0,0.0,0.0,1.0,0.0,1.0,1.0,1.0,28.0,0.0,28.0,28.0,28.0,35.0,0.0,35.0,35.0,35.0,0.0,0.0,0.0,0.0,0.0,1.4,0.0,1.4,1.4,1.4,8.6,0.0,8.6,8.6,8.6,0.0,0.0,0.0,0.0,0.0,1.1,0.0,1.1,1.1,1.1,10.4,0.0,10.4,10.4,10.4,24.0,0.0,24.0,24.0,24.0,24.0,0.0,24.0,24.0,24.0,8.03,0.07,8.0,8.01,8.01,1.1,0.07,1.09,1.11,1.11,Filtration,,,1052.0,Bench-Scale,Membrane,RBSMT,4.05,74.75,False,
1052-4-TFC-SR,23.0,0.0,23.0,23.0,23.0,7.0600000000000005,1.37,7.0600000000000005,7.75,7.75,0.32,0.0,0.32,0.32,0.32,290.0,0.0,290.0,290.0,290.0,269.0,0.0,269.0,269.0,269.0,310.0,0.0,310.0,310.0,310.0,263.0,0.0,263.0,263.0,263.0,0.36,0.0,0.36,0.36,0.36,85.0,0.0,85.0,85.0,85.0,4.65,0.0,4.65,4.65,4.65,18.28,0.0,18.28,18.28,18.28,0.164,0.0,0.164,0.164,0.164,3.53,0.0,3.53,3.53,3.53,7.390000000000001,0.0,7.390000000000001,7.390000000000001,7.390000000000001,390.0,0.0,390.0,390.0,390.0,134.3,0.0,134.3,134.3,134.3,65.4,0.0,65.4,65.4,65.4,74.0,0.0,74.0,74.0,74.0,85.5,0.0,85.5,85.5,85.5,97.5,0.0,97.5,97.5,97.5,29.5,0.0,29.5,29.5,29.5,7.3,0.0,7.3,7.3,7.3,0.0,0.0,0.0,0.0,0.0,1.0,0.0,1.0,1.0,1.0,28.0,0.0,28.0,28.0,28.0,35.0,0.0,35.0,35.0,35.0,0.0,0.0,0.0,0.0,0.0,1.4,0.0,1.4,1.4,1.4,8.6,0.0,8.6,8.6,8.6,0.0,0.0,0.0,0.0,0.0,1.1,0.0,1.1,1.1,1.1,10.4,0.0,10.4,10.4,10.4,24.0,0.0,24.0,24.0,24.0,24.0,0.0,24.0,24.0,24.0,8.08,0.09,8.01,8.03,8.120000000000001,1.04,0.13,0.99,1.11,1.11,Filtration,,,1052.0,Bench-Scale,Membrane,RBSMT,4.05,74.75,False,
1053-1-NTR7450,24.25,0.0,24.25,24.25,24.25,8.48,0.0,8.48,8.48,8.48,0.13,0.0,0.13,0.13,0.13,229.0,0.0,229.0,229.0,229.0,269.5,0.0,269.5,269.5,269.5,291.0,0.0,291.0,291.0,291.0,248.0,0.0,248.0,248.0,248.0,0.03,0.01,0.03,0.03,0.03,62.0,0.0,62.0,62.0,62.0,6.1000000000000005,0.0,6.1000000000000005,6.1000000000000005,6.1000000000000005,10.16,0.0,10.16,10.16,10.16,0.185,0.0,0.185,0.185,0.185,3.03,0.0,3.03,3.03,3.03,5.3500000000000005,0.0,5.3500000000000005,5.3500000000000005,5.3500000000000005,537.5,0.0,537.5,537.5,537.5,190.6,0.0,190.6,190.6,190.6,90.85,0.0,90.85,90.85,90.85,98.55,0.0,98.55,98.55,98.55,106.0,0.0,106.0,106.0,106.0,165.0,0.0,165.0,165.0,165.0,22.0,0.0,22.0,22.0,22.0,3.6,0.0,3.6,3.6,3.6,0.0,0.0,0.0,0.0,0.0,5.3500000000000005,0.0,5.3500000000000005,5.3500000000000005,5.3500000000000005,47.5,0.0,47.5,47.5,47.5,37.5,0.0,37.5,37.5,37.5,0.0,0.0,0.0,0.0,0.0,0.5,0.0,0.5,0.5,0.5,7.7,0.0,7.7,7.7,7.7,0.0,0.0,0.0,0.0,0.0,0.0,0.0,0.0,0.0,0.0,7.45,0.0,7.45,7.45,7.45,24.25,0.27,24.0,24.25,24.5,25.0,0.0,25.0,25.0,25.0,8.46,0.09,8.36,8.52,8.53,1.86,0.34,1.5,2.0,2.16,Filtration,,,1053.0,Bench-Scale,Membrane,RBSMT,6.375,126.75,False,
1053-1-TFC-SR,24.25,0.0,24.25,24.25,24.25,8.48,0.0,8.48,8.48,8.48,0.13,0.0,0.13,0.13,0.13,229.0,0.0,229.0,229.0,229.0,269.5,0.0,269.5,269.5,269.5,291.0,0.0,291.0,291.0,291.0,248.0,0.0,248.0,248.0,248.0,0.03,0.01,0.03,0.03,0.03,62.0,0.0,62.0,62.0,62.0,6.1000000000000005,0.0,6.1000000000000005,6.1000000000000005,6.1000000000000005,10.16,0.0,10.16,10.16,10.16,0.185,0.0,0.185,0.185,0.185,3.03,0.0,3.03,3.03,3.03,5.3500000000000005,0.0,5.3500000000000005,5.3500000000000005,5.3500000000000005,537.5,0.0,537.5,537.5,537.5,190.6,0.0,190.6,190.6,190.6,90.85,0.0,90.85,90.85,90.85,98.55,0.0,98.55,98.55,98.55,106.0,0.0,106.0,106.0,106.0,165.0,0.0,165.0,165.0,165.0,22.0,0.0,22.0,22.0,22.0,3.6,0.0,3.6,3.6,3.6,0.0,0.0,0.0,0.0,0.0,5.3500000000000005,0.0,5.3500000000000005,5.3500000000000005,5.3500000000000005,47.5,0.0,47.5,47.5,47.5,37.5,0.0,37.5,37.5,37.5,0.0,0.0,0.0,0.0,0.0,0.5,0.0,0.5,0.5,0.5,7.7,0.0,7.7,7.7,7.7,0.0,0.0,0.0,0.0,0.0,0.0,0.0,0.0,0.0,0.0,7.45,0.0,7.45,7.45,7.45,24.25,0.27,24.0,24.25,24.5,25.0,0.0,25.0,25.0,25.0,8.51,0.08,8.5,8.53,8.540000000000001,1.58,0.65,0.98,1.81,2.16,Filtration,,,1053.0,Bench-Scale,Membrane,RBSMT,6.375,126.75,False,
1053-2-NTR7450,24.0,0.0,24.0,24.0,24.0,7.86,0.0,7.86,7.86,7.86,0.2,0.0,0.2,0.2,0.2,330.0,0.0,330.0,330.0,330.0,286.0,0.0,286.0,286.0,286.0,300.0,0.0,300.0,300.0,300.0,268.0,0.0,268.0,268.0,268.0,0.04,0.01,0.04,0.04,0.04,84.5,0.0,84.5,84.5,84.5,6.65,0.0,6.65,6.65,6.65,12.71,0.0,12.71,12.71,12.71,0.204,0.0,0.204,0.204,0.204,3.06,0.0,3.06,3.06,3.06,4.58,0.0,4.58,4.58,4.58,472.5,0.0,472.5,472.5,472.5,202.15,0.0,202.15,202.15,202.15,58.05,0.0,58.05,58.05,58.05,63.9,0.0,63.9,63.9,63.9,66.45,0.0,66.45,66.45,66.45,175.0,0.0,175.0,175.0,175.0,23.0,0.0,23.0,23.0,23.0,4.15,0.0,4.15,4.15,4.15,0.0,0.0,0.0,0.0,0.0,3.4,0.0,3.4,3.4,3.4,39.5,0.0,39.5,39.5,39.5,15.15,0.0,15.15,15.15,15.15,0.0,0.0,0.0,0.0,0.0,0.0,0.0,0.0,0.0,0.0,5.8500000000000005,0.0,5.8500000000000005,5.8500000000000005,5.8500000000000005,0.0,0.0,0.0,0.0,0.0,0.0,0.0,0.0,0.0,0.0,2.5500000000000003,0.0,2.5500000000000003,2.5500000000000003,2.5500000000000003,24.0,0.0,24.0,24.0,24.0,25.0,0.0,25.0,25.0,25.0,8.8,0.18,8.82,8.89,8.89,0.97,0.21,0.93,0.93,1.07,Filtration,,,1053.0,Bench-Scale,Membrane,RBSMT,6.375,126.75,False,
1053-2-TFC-SR,24.0,0.0,24.0,24.0,24.0,7.86,0.0,7.86,7.86,7.86,0.2,0.0,0.2,0.2,0.2,330.0,0.0,330.0,330.0,330.0,286.0,0.0,286.0,286.0,286.0,300.0,0.0,300.0,300.0,300.0,268.0,0.0,268.0,268.0,268.0,0.04,0.01,0.04,0.04,0.04,84.5,0.0,84.5,84.5,84.5,6.65,0.0,6.65,6.65,6.65,12.71,0.0,12.71,12.71,12.71,0.204,0.0,0.204,0.204,0.204,3.06,0.0,3.06,3.06,3.06,4.58,0.0,4.58,4.58,4.58,472.5,0.0,472.5,472.5,472.5,202.15,0.0,202.15,202.15,202.15,58.05,0.0,58.05,58.05,58.05,63.9,0.0,63.9,63.9,63.9,66.45,0.0,66.45,66.45,66.45,175.0,0.0,175.0,175.0,175.0,23.0,0.0,23.0,23.0,23.0,4.15,0.0,4.15,4.15,4.15,0.0,0.0,0.0,0.0,0.0,3.4,0.0,3.4,3.4,3.4,39.5,0.0,39.5,39.5,39.5,15.15,0.0,15.15,15.15,15.15,0.0,0.0,0.0,0.0,0.0,0.0,0.0,0.0,0.0,0.0,5.8500000000000005,0.0,5.8500000000000005,5.8500000000000005,5.8500000000000005,0.0,0.0,0.0,0.0,0.0,0.0,0.0,0.0,0.0,0.0,2.5500000000000003,0.0,2.5500000000000003,2.5500000000000003,2.5500000000000003,24.0,0.0,24.0,24.0,24.0,25.0,0.0,25.0,25.0,25.0,8.950000000000001,0.06,8.89,8.950000000000001,9.0,1.26,0.36,0.93,1.24,1.58,Filtration,,,1053.0,Bench-Scale,Membrane,RBSMT,6.375,126.75,False,
1053-3-NTR7450,23.0,0.0,23.0,23.0,23.0,7.57,0.0,7.57,7.57,7.57,0.28,0.0,0.28,0.28,0.28,443.0,0.0,443.0,443.0,443.0,332.5,0.0,332.5,332.5,332.5,286.0,0.0,286.0,286.0,286.0,260.0,0.0,260.0,260.0,260.0,0.01,0.01,0.0,0.0,0.01,190.0,0.0,190.0,190.0,190.0,6.75,0.0,6.75,6.75,6.75,28.15,0.0,28.15,28.15,28.15,0.201,0.0,0.201,0.201,0.201,2.98,0.0,2.98,2.98,2.98,5.6000000000000005,0.0,5.6000000000000005,5.6000000000000005,5.6000000000000005,660.0,0.0,660.0,660.0,660.0,235.75,0.0,235.75,235.75,235.75,66.3,0.0,66.3,66.3,66.3,80.3,0.0,80.3,80.3,80.3,93.65,0.0,93.65,93.65,93.65,145.0,0.0,145.0,145.0,145.0,65.5,0.0,65.5,65.5,65.5,23.5,0.0,23.5,23.5,23.5,1.75,0.0,1.75,1.75,1.75,3.8,0.0,3.8,3.8,3.8,33.0,0.0,33.0,33.0,33.0,25.0,0.0,25.0,25.0,25.0,0.0,0.0,0.0,0.0,0.0,4.5,0.0,4.5,4.5,4.5,14.0,0.0,14.0,14.0,14.0,0.0,0.0,0.0,0.0,0.0,3.35,0.0,3.35,3.35,3.35,10.0,0.0,10.0,10.0,10.0,24.0,0.0,24.0,24.0,24.0,25.0,0.0,25.0,25.0,25.0,8.58,0.12,8.45,8.66,8.66,0.99,0.1,0.91,0.94,1.05,Filtration,,,1053.0,Bench-Scale,Membrane,RBSMT,6.375,126.75,False,
1053-3-TFC-SR,23.0,0.0,23.0,23.0,23.0,7.57,0.0,7.57,7.57,7.57,0.28,0.0,0.28,0.28,0.28,443.0,0.0,443.0,443.0,443.0,332.5,0.0,332.5,332.5,332.5,286.0,0.0,286.0,286.0,286.0,260.0,0.0,260.0,260.0,260.0,0.01,0.01,0.0,0.0,0.01,190.0,0.0,190.0,190.0,190.0,6.75,0.0,6.75,6.75,6.75,28.15,0.0,28.15,28.15,28.15,0.201,0.0,0.201,0.201,0.201,2.98,0.0,2.98,2.98,2.98,5.6000000000000005,0.0,5.6000000000000005,5.6000000000000005,5.6000000000000005,660.0,0.0,660.0,660.0,660.0,235.75,0.0,235.75,235.75,235.75,66.3,0.0,66.3,66.3,66.3,80.3,0.0,80.3,80.3,80.3,93.65,0.0,93.65,93.65,93.65,145.0,0.0,145.0,145.0,145.0,65.5,0.0,65.5,65.5,65.5,23.5,0.0,23.5,23.5,23.5,1.75,0.0,1.75,1.75,1.75,3.8,0.0,3.8,3.8,3.8,33.0,0.0,33.0,33.0,33.0,25.0,0.0,25.0,25.0,25.0,0.0,0.0,0.0,0.0,0.0,4.5,0.0,4.5,4.5,4.5,14.0,0.0,14.0,14.0,14.0,0.0,0.0,0.0,0.0,0.0,3.35,0.0,3.35,3.35,3.35,10.0,0.0,10.0,10.0,10.0,24.0,0.0,24.0,24.0,24.0,25.0,0.0,25.0,25.0,25.0,8.76,0.25,8.65,8.66,8.73,1.01,0.24,0.91,0.91,1.16,Filtration,,,1053.0,Bench-Scale,Membrane,RBSMT,6.375,126.75,False,
1053-4-NTR7450,24.0,0.0,24.0,24.0,24.0,8.1,0.0,8.1,8.1,8.1,0.15,0.0,0.15,0.15,0.15,217.0,0.0,217.0,217.0,217.0,304.5,0.0,304.5,304.5,304.5,252.0,0.0,252.0,252.0,252.0,237.0,0.0,237.0,237.0,237.0,0.01,0.01,0.0,0.0,0.01,170.0,0.0,170.0,170.0,170.0,5.9,0.0,5.9,5.9,5.9,28.81,0.0,28.81,28.81,28.81,0.156,0.0,0.156,0.156,0.156,2.64,0.0,2.64,2.64,2.64,5.63,0.0,5.63,5.63,5.63,505.0,0.0,505.0,505.0,505.0,192.1,0.4,192.1,192.3,192.3,56.15,0.0,56.15,56.15,56.15,67.15,0.0,67.15,67.15,67.15,89.2,0.0,89.2,89.2,89.2,125.0,0.0,125.0,125.0,125.0,48.5,0.0,48.5,48.5,48.5,18.0,0.0,18.0,18.0,18.0,0.6,0.4,0.6,0.8,0.8,1.55,0.0,1.55,1.55,1.55,30.0,0.0,30.0,30.0,30.0,21.5,0.0,21.5,21.5,21.5,0.0,0.0,0.0,0.0,0.0,3.1,0.0,3.1,3.1,3.1,11.0,0.0,11.0,11.0,11.0,0.0,0.0,0.0,0.0,0.0,2.7,0.0,2.7,2.7,2.7,8.8,0.0,8.8,8.8,8.8,24.0,0.0,24.0,24.0,24.0,24.0,0.0,24.0,24.0,24.0,9.0,0.0,9.0,9.0,9.0,1.01,0.2,0.88,0.89,1.09,Filtration,,,1053.0,Bench-Scale,Membrane,RBSMT,6.375,126.75,False,
1053-4-TFC-SR,24.0,0.0,24.0,24.0,24.0,8.1,0.0,8.1,8.1,8.1,0.15,0.0,0.15,0.15,0.15,217.0,0.0,217.0,217.0,217.0,304.5,0.0,304.5,304.5,304.5,252.0,0.0,252.0,252.0,252.0,237.0,0.0,237.0,237.0,237.0,0.01,0.01,0.0,0.0,0.01,170.0,0.0,170.0,170.0,170.0,5.9,0.0,5.9,5.9,5.9,28.81,0.0,28.81,28.81,28.81,0.156,0.0,0.156,0.156,0.156,2.64,0.0,2.64,2.64,2.64,5.63,0.0,5.63,5.63,5.63,505.0,0.0,505.0,505.0,505.0,192.1,0.4,192.1,192.3,192.3,56.15,0.0,56.15,56.15,56.15,67.15,0.0,67.15,67.15,67.15,89.2,0.0,89.2,89.2,89.2,125.0,0.0,125.0,125.0,125.0,48.5,0.0,48.5,48.5,48.5,18.0,0.0,18.0,18.0,18.0,0.6,0.4,0.6,0.8,0.8,1.55,0.0,1.55,1.55,1.55,30.0,0.0,30.0,30.0,30.0,21.5,0.0,21.5,21.5,21.5,0.0,0.0,0.0,0.0,0.0,3.1,0.0,3.1,3.1,3.1,11.0,0.0,11.0,11.0,11.0,0.0,0.0,0.0,0.0,0.0,2.7,0.0,2.7,2.7,2.7,8.8,0.0,8.8,8.8,8.8,24.0,0.0,24.0,24.0,24.0,24.0,0.0,24.0,24.0,24.0,9.0,0.0,9.0,9.0,9.0,1.14,0.32,0.88,0.96,1.46,Filtration,,,1053.0,Bench-Scale,Membrane,RBSMT,6.375,126.75,False,
1054-1-NF200B,24.0,0.0,24.0,24.0,24.0,8.34,0.0,8.34,8.34,8.34,0.96,0.0,0.96,0.96,0.96,191.0,0.0,191.0,191.0,191.0,296.5,0.0,296.5,296.5,296.5,195.0,0.0,195.0,195.0,195.0,161.0,0.0,161.0,161.0,161.0,0.01,0.01,0.0,0.0,0.01,140.0,0.0,140.0,140.0,140.0,14.4,0.0,14.4,14.4,14.4,9.72,0.0,9.72,9.72,9.72,0.523,0.0,0.523,0.523,0.523,3.63,0.0,3.63,3.63,3.63,18.77,0.0,18.77,18.77,18.77,1300.0,0.0,1300.0,1300.0,1300.0,566.1,0.0,566.1,566.1,566.1,219.9,0.0,219.9,219.9,219.9,235.9,0.0,235.9,235.9,235.9,247.9,0.0,247.9,247.9,247.9,490.0,0.0,490.0,490.0,490.0,69.0,0.0,69.0,69.0,69.0,7.1000000000000005,0.0,7.1000000000000005,7.1000000000000005,7.1000000000000005,0.0,0.0,0.0,0.0,0.0,8.6,0.0,8.6,8.6,8.6,120.0,0.0,120.0,120.0,120.0,89.0,0.0,89.0,89.0,89.0,1.0,0.0,1.0,1.0,1.0,1.3,0.0,1.3,1.3,1.3,16.0,0.0,16.0,16.0,16.0,0.0,0.0,0.0,0.0,0.0,0.0,0.0,0.0,0.0,0.0,12.0,0.0,12.0,12.0,12.0,24.0,0.0,24.0,24.0,24.0,25.0,0.0,25.0,25.0,25.0,8.63,0.1,8.59,8.66,8.700000000000001,1.91,0.77,1.23,1.67,2.54,Filtration,,,1054.0,Bench-Scale,Membrane,RBSMT,13.08,142.5,False,
1054-1-NTR7450,23.5,0.0,23.5,23.5,23.5,7.98,0.0,7.98,7.98,7.98,0.62,0.0,0.62,0.62,0.62,421.0,0.0,421.0,421.0,421.0,279.5,0.0,279.5,279.5,279.5,217.0,0.0,217.0,217.0,217.0,205.0,0.0,205.0,205.0,205.0,0.02,0.01,0.01,0.01,0.02,140.0,0.0,140.0,140.0,140.0,12.0,0.0,12.0,12.0,12.0,11.67,0.0,11.67,11.67,11.67,0.5700000000000001,0.0,0.5700000000000001,0.5700000000000001,0.5700000000000001,4.75,0.0,4.75,4.75,4.75,12.51,0.0,12.51,12.51,12.51,1095.0,0.0,1095.0,1095.0,1095.0,462.85,0.0,462.85,462.85,462.85,208.5,0.0,208.5,208.5,208.5,223.0,0.0,223.0,223.0,223.0,236.1,0.0,236.1,236.1,236.1,405.0,0.0,405.0,405.0,405.0,52.0,0.0,52.0,52.0,52.0,5.8500000000000005,0.0,5.8500000000000005,5.8500000000000005,5.8500000000000005,0.0,0.0,0.0,0.0,0.0,5.45,0.0,5.45,5.45,5.45,105.0,0.0,105.0,105.0,105.0,96.5,0.0,96.5,96.5,96.5,0.0,0.0,0.0,0.0,0.0,1.55,0.0,1.55,1.55,1.55,14.5,0.0,14.5,14.5,14.5,0.0,0.0,0.0,0.0,0.0,1.1,0.0,1.1,1.1,1.1,12.0,0.0,12.0,12.0,12.0,24.0,0.0,24.0,24.0,24.0,25.0,0.0,25.0,25.0,25.0,8.99,0.15,8.89,8.89,9.11,1.32,0.28,1.23,1.49,1.49,Filtration,,,1054.0,Bench-Scale,Membrane,RBSMT,13.08,142.5,False,
1054-1-TFC-SR,24.0,0.0,24.0,24.0,24.0,8.34,0.0,8.34,8.34,8.34,0.96,0.0,0.96,0.96,0.96,191.0,0.0,191.0,191.0,191.0,296.5,0.0,296.5,296.5,296.5,195.0,0.0,195.0,195.0,195.0,161.0,0.0,161.0,161.0,161.0,0.01,0.01,0.0,0.0,0.01,140.0,0.0,140.0,140.0,140.0,14.4,0.0,14.4,14.4,14.4,9.72,0.0,9.72,9.72,9.72,0.523,0.0,0.523,0.523,0.523,3.63,0.0,3.63,3.63,3.63,18.77,0.0,18.77,18.77,18.77,1300.0,0.0,1300.0,1300.0,1300.0,566.1,0.0,566.1,566.1,566.1,219.9,0.0,219.9,219.9,219.9,235.9,0.0,235.9,235.9,235.9,247.9,0.0,247.9,247.9,247.9,490.0,0.0,490.0,490.0,490.0,69.0,0.0,69.0,69.0,69.0,7.1000000000000005,0.0,7.1000000000000005,7.1000000000000005,7.1000000000000005,0.0,0.0,0.0,0.0,0.0,8.6,0.0,8.6,8.6,8.6,120.0,0.0,120.0,120.0,120.0,89.0,0.0,89.0,89.0,89.0,1.0,0.0,1.0,1.0,1.0,1.3,0.0,1.3,1.3,1.3,16.0,0.0,16.0,16.0,16.0,0.0,0.0,0.0,0.0,0.0,0.0,0.0,0.0,0.0,0.0,12.0,0.0,12.0,12.0,12.0,24.0,0.0,24.0,24.0,24.0,25.0,0.0,25.0,25.0,25.0,8.73,0.09,8.700000000000001,8.700000000000001,8.73,0.9,0.49,0.79,1.14,1.23,Filtration,,,1054.0,Bench-Scale,Membrane,RBSMT,13.08,142.5,False,
1054-2-NF200B,24.0,0.0,24.0,24.0,24.0,7.85,0.0,7.85,7.85,7.85,1.26,0.0,1.26,1.26,1.26,204.5,0.0,204.5,204.5,204.5,317.0,0.0,317.0,317.0,317.0,299.0,0.0,299.0,299.0,299.0,256.0,0.0,256.0,256.0,256.0,0.31,0.0,0.31,0.31,0.31,150.0,0.0,150.0,150.0,150.0,13.3,0.0,13.3,13.3,13.3,11.28,0.0,11.28,11.28,11.28,0.635,0.0,0.635,0.635,0.635,4.7700000000000005,0.0,4.7700000000000005,4.7700000000000005,4.7700000000000005,16.52,0.0,16.52,16.52,16.52,1435.0,0.0,1435.0,1435.0,1435.0,538.9,0.0,538.9,538.9,538.9,244.9,0.0,244.9,244.9,244.9,260.9,0.0,260.9,260.9,260.9,273.40000000000003,0.0,273.40000000000003,273.40000000000003,273.40000000000003,480.0,0.0,480.0,480.0,480.0,53.5,0.0,53.5,53.5,53.5,5.4,0.0,5.4,5.4,5.4,0.0,0.0,0.0,0.0,0.0,10.4,0.0,10.4,10.4,10.4,130.0,0.0,130.0,130.0,130.0,103.0,0.0,103.0,103.0,103.0,0.0,0.0,0.0,0.0,0.0,1.5,0.0,1.5,1.5,1.5,16.0,0.0,16.0,16.0,16.0,0.0,0.0,0.0,0.0,0.0,0.0,0.0,0.0,0.0,0.0,12.5,0.0,12.5,12.5,12.5,24.0,0.0,24.0,24.0,24.0,25.0,0.0,25.0,25.0,25.0,9.09,0.09,9.03,9.05,9.11,1.27,0.31,1.18,1.43,1.48,Filtration,,,1054.0,Bench-Scale,Membrane,RBSMT,13.08,142.5,False,
1054-2-NTR7450,24.0,0.0,24.0,24.0,24.0,8.1,0.0,8.1,8.1,8.1,0.26,0.0,0.26,0.26,0.26,348.0,0.0,348.0,348.0,348.0,293.0,0.0,293.0,293.0,293.0,295.0,0.0,295.0,295.0,295.0,270.0,0.0,270.0,270.0,270.0,0.05,0.0,0.05,0.05,0.05,140.0,0.0,140.0,140.0,140.0,12.6,0.0,12.6,12.6,12.6,11.11,0.0,11.11,11.11,11.11,0.588,0.0,0.588,0.588,0.588,4.67,0.0,4.67,4.67,4.67,16.05,0.0,16.05,16.05,16.05,1665.0,0.0,1665.0,1665.0,1665.0,539.45,0.0,539.45,539.45,539.45,262.4,0.0,262.4,262.4,262.4,278.40000000000003,0.0,278.40000000000003,278.40000000000003,278.40000000000003,300.0,0.0,300.0,300.0,300.0,475.0,0.0,475.0,475.0,475.0,59.0,0.0,59.0,59.0,59.0,5.45,0.0,5.45,5.45,5.45,0.0,0.0,0.0,0.0,0.0,11.0,0.0,11.0,11.0,11.0,110.0,0.0,110.0,110.0,110.0,140.0,0.0,140.0,140.0,140.0,0.0,0.0,0.0,0.0,0.0,1.4,0.0,1.4,1.4,1.4,16.0,0.0,16.0,16.0,16.0,0.0,0.0,0.0,0.0,0.0,2.6,0.0,2.6,2.6,2.6,19.0,0.0,19.0,19.0,19.0,24.0,0.0,24.0,24.0,24.0,24.0,0.0,24.0,24.0,24.0,8.96,0.05,8.9,9.0,9.0,0.91,0.17,0.89,0.96,0.96,Filtration,,,1054.0,Bench-Scale,Membrane,RBSMT,13.08,142.5,False,
1054-2-TFC-SR,24.0,0.0,24.0,24.0,24.0,7.85,0.0,7.85,7.85,7.85,1.26,0.0,1.26,1.26,1.26,204.5,0.0,204.5,204.5,204.5,317.0,0.0,317.0,317.0,317.0,299.0,0.0,299.0,299.0,299.0,256.0,0.0,256.0,256.0,256.0,0.31,0.0,0.31,0.31,0.31,150.0,0.0,150.0,150.0,150.0,13.3,0.0,13.3,13.3,13.3,11.28,0.0,11.28,11.28,11.28,0.635,0.0,0.635,0.635,0.635,4.7700000000000005,0.0,4.7700000000000005,4.7700000000000005,4.7700000000000005,16.52,0.0,16.52,16.52,16.52,1435.0,0.0,1435.0,1435.0,1435.0,538.9,0.0,538.9,538.9,538.9,244.9,0.0,244.9,244.9,244.9,260.9,0.0,260.9,260.9,260.9,273.40000000000003,0.0,273.40000000000003,273.40000000000003,273.40000000000003,480.0,0.0,480.0,480.0,480.0,53.5,0.0,53.5,53.5,53.5,5.4,0.0,5.4,5.4,5.4,0.0,0.0,0.0,0.0,0.0,10.4,0.0,10.4,10.4,10.4,130.0,0.0,130.0,130.0,130.0,103.0,0.0,103.0,103.0,103.0,0.0,0.0,0.0,0.0,0.0,1.5,0.0,1.5,1.5,1.5,16.0,0.0,16.0,16.0,16.0,0.0,0.0,0.0,0.0,0.0,0.0,0.0,0.0,0.0,0.0,12.5,0.0,12.5,12.5,12.5,24.0,0.0,24.0,24.0,24.0,25.0,0.0,25.0,25.0,25.0,9.16,0.23,9.03,9.03,9.39,1.54,0.49,1.42,1.48,1.61,Filtration,,,1054.0,Bench-Scale,Membrane,RBSMT,13.08,142.5,False,
1054-3-TFC-SR,23.5,0.0,23.5,23.5,23.5,7.98,0.0,7.98,7.98,7.98,0.62,0.0,0.62,0.62,0.62,421.0,0.0,421.0,421.0,421.0,279.5,0.0,279.5,279.5,279.5,217.0,0.0,217.0,217.0,217.0,205.0,0.0,205.0,205.0,205.0,0.02,0.01,0.01,0.01,0.02,140.0,0.0,140.0,140.0,140.0,12.0,0.0,12.0,12.0,12.0,11.67,0.0,11.67,11.67,11.67,0.5700000000000001,0.0,0.5700000000000001,0.5700000000000001,0.5700000000000001,4.75,0.0,4.75,4.75,4.75,12.51,0.0,12.51,12.51,12.51,1095.0,0.0,1095.0,1095.0,1095.0,462.85,0.0,462.85,462.85,462.85,208.5,0.0,208.5,208.5,208.5,223.0,0.0,223.0,223.0,223.0,236.1,0.0,236.1,236.1,236.1,405.0,0.0,405.0,405.0,405.0,52.0,0.0,52.0,52.0,52.0,5.8500000000000005,0.0,5.8500000000000005,5.8500000000000005,5.8500000000000005,0.0,0.0,0.0,0.0,0.0,5.45,0.0,5.45,5.45,5.45,105.0,0.0,105.0,105.0,105.0,96.5,0.0,96.5,96.5,96.5,0.0,0.0,0.0,0.0,0.0,1.55,0.0,1.55,1.55,1.55,14.5,0.0,14.5,14.5,14.5,0.0,0.0,0.0,0.0,0.0,1.1,0.0,1.1,1.1,1.1,12.0,0.0,12.0,12.0,12.0,24.0,0.0,24.0,24.0,24.0,25.0,0.0,25.0,25.0,25.0,8.85,0.31,8.73,8.89,8.89,1.63,0.52,1.49,1.49,2.06,Filtration,,,1054.0,Bench-Scale,Membrane,RBSMT,13.08,142.5,False,
1054-4-TFC-SR,24.0,0.0,24.0,24.0,24.0,8.1,0.0,8.1,8.1,8.1,0.26,0.0,0.26,0.26,0.26,348.0,0.0,348.0,348.0,348.0,293.0,0.0,293.0,293.0,293.0,295.0,0.0,295.0,295.0,295.0,270.0,0.0,270.0,270.0,270.0,0.05,0.0,0.05,0.05,0.05,140.0,0.0,140.0,140.0,140.0,12.6,0.0,12.6,12.6,12.6,11.11,0.0,11.11,11.11,11.11,0.588,0.0,0.588,0.588,0.588,4.67,0.0,4.67,4.67,4.67,16.05,0.0,16.05,16.05,16.05,1665.0,0.0,1665.0,1665.0,1665.0,539.45,0.0,539.45,539.45,539.45,262.4,0.0,262.4,262.4,262.4,278.40000000000003,0.0,278.40000000000003,278.40000000000003,278.40000000000003,300.0,0.0,300.0,300.0,300.0,475.0,0.0,475.0,475.0,475.0,59.0,0.0,59.0,59.0,59.0,5.45,0.0,5.45,5.45,5.45,0.0,0.0,0.0,0.0,0.0,11.0,0.0,11.0,11.0,11.0,110.0,0.0,110.0,110.0,110.0,140.0,0.0,140.0,140.0,140.0,0.0,0.0,0.0,0.0,0.0,1.4,0.0,1.4,1.4,1.4,16.0,0.0,16.0,16.0,16.0,0.0,0.0,0.0,0.0,0.0,2.6,0.0,2.6,2.6,2.6,19.0,0.0,19.0,19.0,19.0,24.0,0.0,24.0,24.0,24.0,24.0,0.0,24.0,24.0,24.0,8.94,0.07,8.9,8.950000000000001,9.0,1.12,0.34,0.96,0.96,1.23,Filtration,,,1054.0,Bench-Scale,Membrane,RBSMT,13.08,142.5,False,
1055-1-10,23.99,3.48,21.73,24.05,26.95,8.13,0.24,7.91,8.2,8.3,0.4,0.09,0.34,0.39,0.48,87.48,24.23,65.75,82.75,112.5,,,,,,117.95,23.68,100.0,114.5,142.5,114.27,22.5,95.75,113.0,137.0,0.0,0.0,0.0,0.0,0.0,58.93,13.68,42.75,61.0,70.13,3.4,0.4,3.15,3.4,3.65,17.33,3.04,15.17,17.24,20.03,0.059,0.007,0.054,0.058,0.066,1.76,0.36,1.54,1.63,2.1,2.52,0.34,2.43,2.5,2.68,211.92,27.17,197.25,204.75,215.0,78.17,17.73,70.25,77.9,90.95,30.88,7.17,24.5,31.1,34.1,35.96,6.52,30.1,36.5,40.5,,,,,,41.61,11.48,36.0,40.0,46.0,23.83,6.06,21.5,24.0,27.0,11.55,3.83,10.45,12.5,14.0,1.19,1.1,0.0,1.1,2.15,1.01,2.07,0.0,0.0,0.0,16.44,3.8,14.0,15.0,18.5,11.53,3.9,8.88,9.85,14.5,0.3,0.72,0.0,0.0,0.0,1.57,0.97,1.15,1.6,2.1,6.0,1.18,5.2,6.0,6.2,,,,,,,,,,,,,,,,24.1,0.58,23.75,24.0,24.35,20.39,0.61,20.0,20.0,20.8,8.24,0.12,8.19,8.26,8.31,1.13,0.33,0.9,1.1,1.32,Coagulation,5.4,mg/L,1055.0,Pilot-Scale,GAC,Pilot Columns,3.4,60.34999847412109,False,2026-01-10
1055-1-20,23.99,3.48,21.73,24.05,26.95,8.13,0.24,7.91,8.2,8.3,0.4,0.09,0.34,0.39,0.48,87.48,24.23,65.75,82.75,112.5,,,,,,117.95,23.68,100.0,114.5,142.5,114.27,22.5,95.75,113.0,137.0,0.0,0.0,0.0,0.0,0.0,58.93,13.68,42.75,61.0,70.13,3.4,0.4,3.15,3.4,3.65,17.33,3.04,15.17,17.24,20.03,0.059,0.007,0.054,0.058,0.066,1.76,0.36,1.54,1.63,2.1,2.52,0.34,2.43,2.5,2.68,211.92,27.17,197.25,204.75,215.0,78.17,17.73,70.25,77.9,90.95,30.88,7.17,24.5,31.1,34.1,35.96,6.52,30.1,36.5,40.5,,,,,,41.61,11.48,36.0,40.0,46.0,23.83,6.06,21.5,24.0,27.0,11.55,3.83,10.45,12.5,14.0,1.19,1.1,0.0,1.1,2.15,1.01,2.07,0.0,0.0,0.0,16.44,3.8,14.0,15.0,18.5,11.53,3.9,8.88,9.85,14.5,0.3,0.72,0.0,0.0,0.0,1.57,0.97,1.15,1.6,2.1,6.0,1.18,5.2,6.0,6.2,,,,,,,,,,,,,,,,24.1,0.56,23.75,24.0,24.5,20.54,0.65,20.0,20.4,20.8,8.21,0.16,8.16,8.25,8.33,1.17,0.39,0.92,1.2,1.36,Coagulation,5.4,mg/L,1055.0,Pilot-Scale,GAC,Pilot Columns,3.4,60.34999847412109,False,2026-01-20
1056-1-10,23.0,0.0,23.0,23.0,23.0,7.87,0.06,7.85,7.9,7.9,0.19,0.04,0.17,0.18,0.21,117.5,3.54,116.25,117.5,118.75,,,,,,,,,,,107.0,0.0,107.0,107.0,107.0,0.5,,0.5,0.5,0.5,27.5,0.71,27.25,27.5,27.75,3.17,0.08,3.13,3.15,3.2,8.59,0.03,8.58,8.59,8.6,0.083,0.001,0.083,0.083,0.084,2.63,0.05,2.61,2.63,2.66,5.04,0.07,5.01,5.04,5.08,198.33,7.64,195.0,200.0,202.5,53.3,0.87,53.0,53.7,53.8,45.53,0.71,45.15,45.4,45.85,48.77,0.9,48.3,48.7,49.2,54.9,1.2,54.3,54.9,55.5,41.67,0.58,41.5,42.0,42.0,9.73,0.21,9.65,9.8,9.85,1.9,0.1,1.85,1.9,1.95,0.0,0.0,0.0,0.0,0.0,2.87,0.9,2.35,2.4,3.15,19.67,0.58,19.5,20.0,20.0,23.0,1.0,22.5,23.0,23.5,0.0,0.0,0.0,0.0,0.0,0.0,0.0,0.0,0.0,0.0,3.23,0.21,3.15,3.3,3.35,0.0,0.0,0.0,0.0,0.0,0.0,0.0,0.0,0.0,0.0,6.13,0.31,6.0,6.2,6.3,23.67,0.77,24.0,24.0,24.0,23.0,0.0,23.0,23.0,23.0,7.84,0.16,7.73,7.9,7.9,0.97,0.29,0.68,0.95,1.24,Aeration,61.0,mg/L,1056.0,Bench-Scale,GAC,RSSCT,3.06,29.3799991607666,False,2026-01-10
1056-1-20,23.0,0.0,23.0,23.0,23.0,7.87,0.06,7.85,7.9,7.9,0.19,0.04,0.17,0.18,0.21,117.5,3.54,116.25,117.5,118.75,,,,,,,,,,,107.0,0.0,107.0,107.0,107.0,0.5,,0.5,0.5,0.5,27.5,0.71,27.25,27.5,27.75,3.17,0.08,3.13,3.15,3.2,8.59,0.03,8.58,8.59,8.6,0.083,0.001,0.083,0.083,0.084,2.63,0.05,2.61,2.63,2.66,5.04,0.07,5.01,5.04,5.08,198.33,7.64,195.0,200.0,202.5,53.3,0.87,53.0,53.7,53.8,45.53,0.71,45.15,45.4,45.85,48.77,0.9,48.3,48.7,49.2,54.9,1.2,54.3,54.9,55.5,41.67,0.58,41.5,42.0,42.0,9.73,0.21,9.65,9.8,9.85,1.9,0.1,1.85,1.9,1.95,0.0,0.0,0.0,0.0,0.0,2.87,0.9,2.35,2.4,3.15,19.67,0.58,19.5,20.0,20.0,23.0,1.0,22.5,23.0,23.5,0.0,0.0,0.0,0.0,0.0,0.0,0.0,0.0,0.0,0.0,3.23,0.21,3.15,3.3,3.35,0.0,0.0,0.0,0.0,0.0,0.0,0.0,0.0,0.0,0.0,6.13,0.31,6.0,6.2,6.3,23.67,0.77,24.0,24.0,24.0,23.0,0.0,23.0,23.0,23.0,7.78,0.17,7.7,7.8,7.8,0.99,0.28,0.82,1.03,1.2,Aeration,61.0,mg/L,1056.0,Bench-Scale,GAC,RSSCT,3.06,29.3799991607666,False,2026-01-20
1056-2-10,23.0,0.0,23.0,23.0,23.0,8.3,0.0,8.3,8.3,8.3,0.21,0.01,0.21,0.22,0.22,101.0,1.41,100.5,101.0,101.5,,,,,,132.5,2.12,131.75,132.5,133.25,113.5,2.12,112.75,113.5,114.25,0.05,0.0,0.05,0.05,0.05,24.5,0.71,24.25,24.5,24.75,2.95,0.05,2.93,2.95,2.98,8.3,0.04,8.29,8.3,8.32,0.071,0.005,0.07,0.074,0.074,2.41,0.14,2.35,2.47,2.49,3.02,0.02,3.02,3.02,3.03,206.67,5.77,205.0,210.0,210.0,54.97,0.64,54.6,54.7,55.2,27.0,0.0,27.0,27.0,27.0,29.2,0.0,29.2,29.2,29.2,32.6,0.1,32.55,32.6,32.65,44.33,0.58,44.0,44.0,44.5,9.37,0.06,9.35,9.4,9.4,1.27,0.06,1.25,1.3,1.3,0.0,0.0,0.0,0.0,0.0,0.0,0.0,0.0,0.0,0.0,12.0,0.0,12.0,12.0,12.0,15.0,0.0,15.0,15.0,15.0,0.0,0.0,0.0,0.0,0.0,0.0,0.0,0.0,0.0,0.0,2.2,0.0,2.2,2.2,2.2,0.0,0.0,0.0,0.0,0.0,0.0,0.0,0.0,0.0,0.0,3.4,0.1,3.35,3.4,3.45,24.14,0.39,23.72,24.09,24.58,23.44,0.51,23.0,23.0,24.0,8.59,0.03,8.56,8.6,8.6,1.06,0.21,0.92,1.01,1.24,Aeration,63.0,mg/L,1056.0,Bench-Scale,GAC,RSSCT,3.06,29.3799991607666,False,2026-02-10
1056-2-20,23.0,0.0,23.0,23.0,23.0,8.3,0.0,8.3,8.3,8.3,0.21,0.01,0.21,0.22,0.22,101.0,1.41,100.5,101.0,101.5,,,,,,132.5,2.12,131.75,132.5,133.25,113.5,2.12,112.75,113.5,114.25,0.05,0.0,0.05,0.05,0.05,24.5,0.71,24.25,24.5,24.75,2.95,0.05,2.93,2.95,2.98,8.3,0.04,8.29,8.3,8.32,0.071,0.005,0.07,0.074,0.074,2.41,0.14,2.35,2.47,2.49,3.02,0.02,3.02,3.02,3.03,206.67,5.77,205.0,210.0,210.0,54.97,0.64,54.6,54.7,55.2,27.0,0.0,27.0,27.0,27.0,29.2,0.0,29.2,29.2,29.2,32.6,0.1,32.55,32.6,32.65,44.33,0.58,44.0,44.0,44.5,9.37,0.06,9.35,9.4,9.4,1.27,0.06,1.25,1.3,1.3,0.0,0.0,0.0,0.0,0.0,0.0,0.0,0.0,0.0,0.0,12.0,0.0,12.0,12.0,12.0,15.0,0.0,15.0,15.0,15.0,0.0,0.0,0.0,0.0,0.0,0.0,0.0,0.0,0.0,0.0,2.2,0.0,2.2,2.2,2.2,0.0,0.0,0.0,0.0,0.0,0.0,0.0,0.0,0.0,0.0,3.4,0.1,3.35,3.4,3.45,24.19,0.24,24.0,24.14,24.48,23.5,0.51,23.0,23.5,24.0,8.59,0.04,8.55,8.6,8.6,1.1,0.24,0.97,1.15,1.28,Aeration,63.0,mg/L,1056.0,Bench-Scale,GAC,RSSCT,3.06,29.3799991607666,False,2026-02-20
1056-3-10,23.33,0.58,23.0,23.0,23.5,8.13,0.15,8.05,8.1,8.2,0.2,0.0,0.2,0.2,0.2,120.0,0.0,120.0,120.0,120.0,,,,,,117.0,1.41,116.5,117.0,117.5,101.5,0.71,101.25,101.5,101.75,0.05,0.0,0.05,0.05,0.05,35.0,0.0,35.0,35.0,35.0,3.18,0.06,3.15,3.15,3.2,10.94,0.24,10.85,10.94,11.03,0.085,0.001,0.085,0.085,0.085,2.66,0.04,2.64,2.67,2.68,1.82,0.02,1.81,1.82,1.83,188.33,2.89,187.5,190.0,190.0,50.7,0.53,50.5,50.9,51.0,36.33,0.58,36.0,36.0,36.5,38.43,0.58,38.1,38.1,38.6,,,,,,41.67,0.58,41.5,42.0,42.0,7.93,0.12,7.9,8.0,8.0,1.1,0.0,1.1,1.1,1.1,0.0,0.0,0.0,0.0,0.0,0.0,0.0,0.0,0.0,0.0,12.67,0.58,12.5,13.0,13.0,23.67,0.58,23.5,24.0,24.0,0.0,0.0,0.0,0.0,0.0,0.0,0.0,0.0,0.0,0.0,2.1,0.0,2.1,2.1,2.1,,,,,,0.0,0.0,0.0,0.0,0.0,4.63,0.21,4.55,4.7,4.75,23.95,0.07,23.9,24.0,24.0,23.28,0.46,23.0,23.0,23.75,7.94,0.12,7.83,7.9,8.1,1.13,0.14,1.04,1.17,1.21,Aeration,56.0,mg/L,1056.0,Bench-Scale,GAC,RSSCT,3.06,29.3799991607666,False,2026-03-10
1056-3-20,23.33,0.58,23.0,23.0,23.5,8.13,0.15,8.05,8.1,8.2,0.2,0.0,0.2,0.2,0.2,120.0,0.0,120.0,120.0,120.0,,,,,,117.0,1.41,116.5,117.0,117.5,101.5,0.71,101.25,101.5,101.75,0.05,0.0,0.05,0.05,0.05,35.0,0.0,35.0,35.0,35.0,3.18,0.06,3.15,3.15,3.2,10.94,0.24,10.85,10.94,11.03,0.085,0.001,0.085,0.085,0.085,2.66,0.04,2.64,2.67,2.68,1.82,0.02,1.81,1.82,1.83,188.33,2.89,187.5,190.0,190.0,50.7,0.53,50.5,50.9,51.0,36.33,0.58,36.0,36.0,36.5,38.43,0.58,38.1,38.1,38.6,,,,,,41.67,0.58,41.5,42.0,42.0,7.93,0.12,7.9,8.0,8.0,1.1,0.0,1.1,1.1,1.1,0.0,0.0,0.0,0.0,0.0,0.0,0.0,0.0,0.0,0.0,12.67,0.58,12.5,13.0,13.0,23.67,0.58,23.5,24.0,24.0,0.0,0.0,0.0,0.0,0.0,0.0,0.0,0.0,0.0,0.0,2.1,0.0,2.1,2.1,2.1,,,,,,0.0,0.0,0.0,0.0,0.0,4.63,0.21,4.55,4.7,4.75,24.0,0.28,23.93,24.0,24.15,23.39,0.5,23.0,23.0,24.0,7.93,0.1,7.9,7.9,7.98,1.25,0.13,1.19,1.28,1.34,Aeration,56.0,mg/L,1056.0,Bench-Scale,GAC,RSSCT,3.06,29.3799991607666,False,2026-03-20
1056-4-10,23.0,0.0,23.0,23.0,23.0,8.4,0.1,8.35,8.4,8.45,0.23,0.06,0.2,0.2,0.25,125.0,0.0,125.0,125.0,125.0,,,,,,122.0,0.0,122.0,122.0,122.0,104.0,0.0,104.0,104.0,104.0,0.4,0.02,0.39,0.4,0.4,30.5,0.71,30.25,30.5,30.75,2.93,0.08,2.9,2.95,2.98,10.52,0.5,10.35,10.52,10.7,0.076,0.001,0.076,0.076,0.077,2.6,0.09,2.55,2.58,2.64,3.47,0.26,3.37,3.56,3.62,195.0,13.23,190.0,200.0,202.5,46.17,4.05,44.6,47.6,48.45,33.67,1.53,33.0,34.0,34.5,36.9,2.23,35.9,37.3,38.1,39.5,2.13,38.55,39.9,40.65,34.33,3.06,33.0,35.0,36.0,10.07,0.9,9.6,10.0,10.5,1.33,0.06,1.3,1.3,1.35,0.43,0.75,0.0,0.0,0.65,0.0,0.0,0.0,0.0,0.0,16.33,0.58,16.0,16.0,16.5,17.33,1.15,17.0,18.0,18.0,0.0,0.0,0.0,0.0,0.0,0.0,0.0,0.0,0.0,0.0,3.23,1.45,2.4,2.5,3.7,0.0,0.0,0.0,0.0,0.0,0.0,0.0,0.0,0.0,0.0,2.6,0.1,2.55,2.6,2.65,23.97,0.04,23.92,24.0,24.0,22.5,0.51,22.0,22.5,23.0,7.94,0.07,7.9,7.95,8.0,1.14,0.19,1.07,1.15,1.28,Aeration,0.06,mg/L,1056.0,Bench-Scale,GAC,RSSCT,3.06,29.3799991607666,False,2026-04-10
1056-4-20,23.0,0.0,23.0,23.0,23.0,8.4,0.1,8.35,8.4,8.45,0.23,0.06,0.2,0.2,0.25,125.0,0.0,125.0,125.0,125.0,,,,,,122.0,0.0,122.0,122.0,122.0,104.0,0.0,104.0,104.0,104.0,0.4,0.02,0.39,0.4,0.4,30.5,0.71,30.25,30.5,30.75,2.93,0.08,2.9,2.95,2.98,10.52,0.5,10.35,10.52,10.7,0.076,0.001,0.076,0.076,0.077,2.6,0.09,2.55,2.58,2.64,3.47,0.26,3.37,3.56,3.62,195.0,13.23,190.0,200.0,202.5,46.17,4.05,44.6,47.6,48.45,33.67,1.53,33.0,34.0,34.5,36.9,2.23,35.9,37.3,38.1,39.5,2.13,38.55,39.9,40.65,34.33,3.06,33.0,35.0,36.0,10.07,0.9,9.6,10.0,10.5,1.33,0.06,1.3,1.3,1.35,0.43,0.75,0.0,0.0,0.65,0.0,0.0,0.0,0.0,0.0,16.33,0.58,16.0,16.0,16.5,17.33,1.15,17.0,18.0,18.0,0.0,0.0,0.0,0.0,0.0,0.0,0.0,0.0,0.0,0.0,3.23,1.45,2.4,2.5,3.7,0.0,0.0,0.0,0.0,0.0,0.0,0.0,0.0,0.0,0.0,2.6,0.1,2.55,2.6,2.65,23.98,0.04,24.0,24.0,24.0,22.44,0.51,22.0,22.0,23.0,7.97,0.08,7.9,8.0,8.0,1.22,0.15,1.17,1.26,1.32,Aeration,59.0,mg/L,1056.0,Bench-Scale,GAC,RSSCT,3.06,29.3799991607666,False,2026-04-20
1057-1-10,18.3,1.44,17.93,18.85,19.23,6.41,0.03,6.4,6.4,6.41,0.1,0.0,0.1,0.1,0.1,7.38,0.11,7.34,7.38,7.41,,,,,,45.3,0.57,45.1,45.3,45.5,42.18,0.04,42.16,42.18,42.19,0.03,0.0,0.03,0.03,0.03,17.0,9.9,13.5,17.0,20.5,3.33,0.1,3.25,3.32,3.39,5.15,2.9,4.12,5.15,6.17,0.067,0.0,0.067,0.067,0.068,2.01,0.07,1.99,2.04,2.05,2.38,0.03,2.36,2.37,2.39,317.32,3.38,315.88,318.15,319.18,75.28,1.71,74.34,74.89,76.02,56.71,4.21,54.28,54.46,58.01,59.93,4.37,57.41,57.5,61.24,63.79,4.32,61.3,61.55,65.16,62.96,1.23,62.29,62.67,63.49,0.0,0.0,0.0,0.0,0.0,12.32,0.48,12.06,12.22,12.53,0.0,0.0,0.0,0.0,0.0,0.0,0.0,0.0,0.0,0.0,27.6,2.52,26.15,26.22,28.37,29.1,1.71,28.13,28.38,29.72,0.0,0.0,0.0,0.0,0.0,0.0,0.0,0.0,0.0,0.0,3.23,0.19,3.13,3.21,3.32,0.0,0.0,0.0,0.0,0.0,0.0,0.0,0.0,0.0,0.0,3.86,0.17,3.76,3.79,3.91,28.13,0.17,28.0,28.1,28.3,10.05,0.12,10.0,10.0,10.2,8.43,0.04,8.4,8.44,8.46,1.51,0.09,1.48,1.53,1.55,Coagulation,71.0,mg/L,1057.0,Bench-Scale,GAC,RSSCT,2.82,70.12999725341797,False,2026-01-10
1057-1-20,18.3,1.44,17.93,18.85,19.23,6.41,0.03,6.4,6.4,6.41,0.1,0.0,0.1,0.1,0.1,7.38,0.11,7.34,7.38,7.41,,,,,,45.3,0.57,45.1,45.3,45.5,42.18,0.04,42.16,42.18,42.19,0.03,0.0,0.03,0.03,0.03,17.0,9.9,13.5,17.0,20.5,3.33,0.1,3.25,3.32,3.39,5.15,2.9,4.12,5.15,6.17,0.067,0.0,0.067,0.067,0.068,2.01,0.07,1.99,2.04,2.05,2.38,0.03,2.36,2.37,2.39,317.32,3.38,315.88,318.15,319.18,75.28,1.71,74.34,74.89,76.02,56.71,4.21,54.28,54.46,58.01,59.93,4.37,57.41,57.5,61.24,63.79,4.32,61.3,61.55,65.16,62.96,1.23,62.29,62.67,63.49,0.0,0.0,0.0,0.0,0.0,12.32,0.48,12.06,12.22,12.53,0.0,0.0,0.0,0.0,0.0,0.0,0.0,0.0,0.0,0.0,27.6,2.52,26.15,26.22,28.37,29.1,1.71,28.13,28.38,29.72,0.0,0.0,0.0,0.0,0.0,0.0,0.0,0.0,0.0,0.0,3.23,0.19,3.13,3.21,3.32,0.0,0.0,0.0,0.0,0.0,0.0,0.0,0.0,0.0,0.0,3.86,0.17,3.76,3.79,3.91,28.07,0.14,28.0,28.1,28.1,9.93,0.09,9.9,9.9,9.9,8.44,0.04,8.42,8.45,8.48,1.52,0.1,1.52,1.55,1.57,Coagulation,71.0,mg/L,1057.0,Bench-Scale,GAC,RSSCT,2.82,70.12999725341797,False,2026-01-20
1057-2-10,17.76,1.74,16.6,18.5,19.0,6.43,0.03,6.41,6.43,6.45,0.13,0.06,0.1,0.1,0.15,10.53,0.46,10.36,10.53,10.69,,,,,,45.0,0.0,45.0,45.0,45.0,40.0,0.0,40.0,40.0,40.0,0.03,0.0,0.03,0.03,0.03,28.0,2.83,27.0,28.0,29.0,3.18,0.08,3.14,3.16,3.18,8.87,0.99,8.52,8.87,9.22,0.073,0.002,0.072,0.073,0.074,2.32,0.06,2.29,2.31,2.35,3.26,0.04,3.24,3.26,3.28,417.07,4.42,414.53,414.95,418.55,113.8,1.39,113.16,114.0,114.53,64.37,11.83,60.07,69.26,71.12,68.52,12.53,63.88,73.5,75.65,73.01,14.08,67.48,77.8,80.94,94.19,1.66,93.56,94.83,95.13,2.01,0.03,1.99,1.99,2.02,17.6,0.9,17.27,17.98,18.12,0.0,0.0,0.0,0.0,0.0,0.0,0.0,0.0,0.0,0.0,31.8,3.91,30.07,32.6,33.92,32.58,8.61,28.68,34.01,37.2,0.0,0.0,0.0,0.0,0.0,0.0,0.0,0.0,0.0,0.0,4.14,0.72,3.81,4.24,4.53,0.0,0.0,0.0,0.0,0.0,0.0,0.0,0.0,0.0,0.0,4.5,1.7,3.6,4.3,5.29,27.89,0.08,27.8,27.9,27.93,18.25,0.35,18.1,18.1,18.2,8.41,0.05,8.37,8.41,8.44,1.39,0.07,1.35,1.38,1.42,Coagulation,73.0,mg/L,1057.0,Bench-Scale,GAC,RSSCT,2.82,70.12999725341797,False,2026-02-10
1057-2-20,17.76,1.74,16.6,18.5,19.0,6.43,0.03,6.41,6.43,6.45,0.13,0.06,0.1,0.1,0.15,10.53,0.46,10.36,10.53,10.69,,,,,,45.0,0.0,45.0,45.0,45.0,40.0,0.0,40.0,40.0,40.0,0.03,0.0,0.03,0.03,0.03,28.0,2.83,27.0,28.0,29.0,3.18,0.08,3.14,3.16,3.18,8.87,0.99,8.52,8.87,9.22,0.073,0.002,0.072,0.073,0.074,2.32,0.06,2.29,2.31,2.35,3.26,0.04,3.24,3.26,3.28,417.07,4.42,414.53,414.95,418.55,113.8,1.39,113.16,114.0,114.53,64.37,11.83,60.07,69.26,71.12,68.52,12.53,63.88,73.5,75.65,73.01,14.08,67.48,77.8,80.94,94.19,1.66,93.56,94.83,95.13,2.01,0.03,1.99,1.99,2.02,17.6,0.9,17.27,17.98,18.12,0.0,0.0,0.0,0.0,0.0,0.0,0.0,0.0,0.0,0.0,31.8,3.91,30.07,32.6,33.92,32.58,8.61,28.68,34.01,37.2,0.0,0.0,0.0,0.0,0.0,0.0,0.0,0.0,0.0,0.0,4.14,0.72,3.81,4.24,4.53,0.0,0.0,0.0,0.0,0.0,0.0,0.0,0.0,0.0,0.0,4.5,1.7,3.6,4.3,5.29,27.97,0.1,27.9,27.9,28.0,18.61,0.45,18.35,18.5,18.7,8.45,0.03,8.43,8.46,8.48,1.47,0.06,1.42,1.49,1.51,Coagulation,73.0,mg/L,1057.0,Bench-Scale,GAC,RSSCT,2.82,70.12999725341797,False,2026-02-20
1057-3-10,19.07,1.01,18.18,19.05,19.93,6.25,0.09,6.21,6.25,6.3,0.23,0.08,0.2,0.25,0.28,6.75,1.77,6.13,6.75,7.38,,,,,,32.0,1.41,31.5,32.0,32.5,22.0,1.41,21.5,22.0,22.5,0.03,0.0,0.03,0.03,0.03,95.5,0.71,95.25,95.5,95.75,2.13,0.06,2.11,2.14,2.17,44.23,1.12,43.84,44.23,44.63,0.046,0.002,0.045,0.046,0.047,2.17,0.06,2.14,2.17,2.2,3.09,0.14,3.01,3.04,3.15,284.3,12.51,277.28,280.2,289.28,139.99,6.66,136.21,137.44,142.5,34.69,6.36,31.06,31.98,36.97,44.28,7.61,39.91,40.68,46.85,52.84,8.96,47.75,49.44,56.22,73.18,4.66,70.54,71.42,74.94,22.67,1.14,22.3,23.24,23.33,41.77,1.86,40.94,42.12,42.78,2.37,0.11,2.33,2.42,2.44,0.0,0.0,0.0,0.0,0.0,18.97,3.17,17.14,17.41,20.02,11.8,3.03,10.15,11.15,13.13,0.0,0.0,0.0,0.0,0.0,3.92,0.32,3.77,3.95,4.09,9.59,1.29,8.85,9.0,10.03,0.0,0.0,0.0,0.0,0.0,2.37,0.22,2.26,2.36,2.48,6.19,1.32,5.59,6.4,6.89,28.02,0.37,27.8,28.2,28.3,28.72,0.79,28.1,28.1,29.3,8.47,0.04,8.45,8.46,8.49,1.81,0.34,1.54,1.74,2.1,Coagulation,42.0,mg/L,1057.0,Bench-Scale,GAC,RSSCT,2.82,70.12999725341797,False,2026-03-10
1057-3-20,19.07,1.01,18.18,19.05,19.93,6.25,0.09,6.21,6.25,6.3,0.23,0.08,0.2,0.25,0.28,6.75,1.77,6.13,6.75,7.38,,,,,,32.0,1.41,31.5,32.0,32.5,22.0,1.41,21.5,22.0,22.5,0.03,0.0,0.03,0.03,0.03,95.5,0.71,95.25,95.5,95.75,2.13,0.06,2.11,2.14,2.17,44.23,1.12,43.84,44.23,44.63,0.046,0.002,0.045,0.046,0.047,2.17,0.06,2.14,2.17,2.2,3.09,0.14,3.01,3.04,3.15,284.3,12.51,277.28,280.2,289.28,139.99,6.66,136.21,137.44,142.5,34.69,6.36,31.06,31.98,36.97,44.28,7.61,39.91,40.68,46.85,52.84,8.96,47.75,49.44,56.22,73.18,4.66,70.54,71.42,74.94,22.67,1.14,22.3,23.24,23.33,41.77,1.86,40.94,42.12,42.78,2.37,0.11,2.33,2.42,2.44,0.0,0.0,0.0,0.0,0.0,18.97,3.17,17.14,17.41,20.02,11.8,3.03,10.15,11.15,13.13,0.0,0.0,0.0,0.0,0.0,3.92,0.32,3.77,3.95,4.09,9.59,1.29,8.85,9.0,10.03,0.0,0.0,0.0,0.0,0.0,2.37,0.22,2.26,2.36,2.48,6.19,1.32,5.59,6.4,6.89,27.99,0.26,27.95,28.05,28.1,29.87,0.47,29.8,30.1,30.2,8.48,0.03,8.46,8.49,8.51,1.59,0.07,1.54,1.58,1.65,Coagulation,42.0,mg/L,1057.0,Bench-Scale,GAC,RSSCT,2.82,70.12999725341797,False,2026-03-20
1057-4-10,17.28,1.57,16.13,17.6,18.63,6.41,0.18,6.26,6.38,6.56,0.2,0.05,0.18,0.2,0.23,6.15,8.7,3.08,6.15,9.23,,,,,,29.0,0.0,29.0,29.0,29.0,20.0,0.0,20.0,20.0,20.0,0.03,0.0,0.03,0.03,0.03,140.0,0.0,140.0,140.0,140.0,2.64,0.19,2.68,2.7,2.72,51.81,0.61,51.59,51.81,52.02,0.06,0.0,0.06,0.06,0.06,2.37,0.26,2.22,2.23,2.45,2.84,0.09,2.8,2.83,2.88,305.2,5.06,302.45,304.15,307.43,127.6,10.1,121.78,122.35,130.8,36.54,6.95,33.78,38.84,40.44,48.71,9.08,45.27,52.13,53.86,60.87,12.11,56.58,66.14,67.8,55.3,4.91,52.52,53.53,57.19,27.42,2.44,26.01,26.22,28.22,41.59,2.38,40.22,40.31,42.33,3.29,0.56,3.03,3.35,3.59,0.0,0.0,0.0,0.0,0.0,17.46,1.99,16.69,18.18,18.59,13.37,3.68,11.76,14.15,15.38,0.0,0.0,0.0,0.0,0.0,5.7,1.35,5.29,6.44,6.48,12.17,2.16,11.49,13.29,13.42,0.0,0.0,0.0,0.0,0.0,2.98,0.62,2.7,3.08,3.31,9.18,2.51,8.38,10.48,10.63,27.75,1.11,28.05,28.2,28.23,19.85,0.06,19.8,19.8,19.9,8.49,0.05,8.46,8.5,8.52,1.45,0.11,1.37,1.44,1.54,Coagulation,52.0,mg/L,1057.0,Bench-Scale,GAC,RSSCT,2.82,70.12999725341797,False,2026-04-10
1057-4-20,17.28,1.57,16.13,17.6,18.63,6.41,0.18,6.26,6.38,6.56,0.2,0.05,0.18,0.2,0.23,6.15,8.7,3.08,6.15,9.23,,,,,,29.0,0.0,29.0,29.0,29.0,20.0,0.0,20.0,20.0,20.0,0.03,0.0,0.03,0.03,0.03,140.0,0.0,140.0,140.0,140.0,2.64,0.19,2.68,2.7,2.72,51.81,0.61,51.59,51.81,52.02,0.06,0.0,0.06,0.06,0.06,2.37,0.26,2.22,2.23,2.45,2.84,0.09,2.8,2.83,2.88,305.2,5.06,302.45,304.15,307.43,127.6,10.1,121.78,122.35,130.8,36.54,6.95,33.78,38.84,40.44,48.71,9.08,45.27,52.13,53.86,60.87,12.11,56.58,66.14,67.8,55.3,4.91,52.52,53.53,57.19,27.42,2.44,26.01,26.22,28.22,41.59,2.38,40.22,40.31,42.33,3.29,0.56,3.03,3.35,3.59,0.0,0.0,0.0,0.0,0.0,17.46,1.99,16.69,18.18,18.59,13.37,3.68,11.76,14.15,15.38,0.0,0.0,0.0,0.0,0.0,5.7,1.35,5.29,6.44,6.48,12.17,2.16,11.49,13.29,13.42,0.0,0.0,0.0,0.0,0.0,2.98,0.62,2.7,3.08,3.31,9.18,2.51,8.38,10.48,10.63,28.11,0.16,28.0,28.1,28.25,19.83,0.08,19.8,19.8,19.85,8.5,0.06,8.5,8.51,8.52,1.51,0.09,1.49,1.51,1.57,Coagulation,52.0,mg/L,1057.0,Bench-Scale,GAC,RSSCT,2.82,70.12999725341797,False,2026-04-20
1058-1-NF70,27.52,0.6900000000000001,27.07,27.6,28.05,7.28,0.23,7.12,7.26,7.42,5.45,4.5,2.45,5.0,8.0,245.0,5.7700000000000005,240.0,245.0,250.0,452.5,26.29,437.5,445.0,460.0,272.5,5.0,270.0,270.0,272.5,215.0,5.7700000000000005,210.0,215.0,220.0,0.51,0.1,0.46,0.5,0.55,205.0,10.0,200.0,200.0,205.0,5.62,0.42,5.5200000000000005,5.8,5.9,36.56,2.68,34.79,36.18,37.96,0.248,0.01,0.23,0.25,0.26,4.0,0.31,4.3100000000000005,4.4,4.5,,,,,,,,,,,,,,,,,,,,,,,,,,,,,,,,,,,,,,,,,,,,,,,,,,,,,,,,,,,,,,,,,,,,,,,,,,,,,,,,,,,,,,,,,,,,,,,,83.0,0.0,83.0,83.0,83.0,20.0,0.0,20.0,20.0,20.0,8.0,0.01,7.99,8.0,8.01,0.84,0.22,0.65,0.8,0.91,Filtration,,,1058.0,Bench-Scale,Membrane,SEBST,6.16,260.0,False,
1058-1-TFC-S,27.27,0.94,26.95,27.2,27.52,7.27,0.08,7.24,7.32,7.32,6.92,6.45,1.37,6.7,12.25,252.5,9.57,247.5,255.0,260.0,445.0,42.03,427.5,450.0,467.5,265.0,5.7700000000000005,260.0,265.0,270.0,205.0,5.7700000000000005,200.0,205.0,210.0,0.51,0.09,0.47,0.53,0.5700000000000001,343.33,132.03,285.0,370.0,415.0,5.55,0.23,5.4,5.45,5.6000000000000005,63.16,24.33,52.15,67.27,76.22,0.228,0.02,0.21,0.22,0.23,4.0,0.5,3.83,3.98,4.25,,,,,,,,,,,,,,,,,,,,,,,,,,,,,,,,,,,,,,,,,,,,,,,,,,,,,,,,,,,,,,,,,,,,,,,,,,,,,,,,,,,,,,,,,,,,,,,,83.0,0.0,83.0,83.0,83.0,20.0,0.0,20.0,20.0,20.0,7.96,0.07,7.930000000000001,8.0,8.0,1.2,0.09,1.15,1.2,1.25,Filtration,,,1058.0,Bench-Scale,Membrane,SEBST,6.16,260.0,False,
1058-2-NF70,27.7,0.84,27.4,27.7,28.0,6.33,0.29,6.22,6.33,6.43,0.42,0.25,0.33,0.42,0.51,160.0,,160.0,160.0,160.0,610.0,70.71000000000001,585.0,610.0,635.0,275.0,7.07,272.5,275.0,277.5,215.0,7.07,212.5,215.0,217.5,0.26,0.02,0.25,0.26,0.27,325.0,63.63,302.5,325.0,347.5,6.1000000000000005,0.56,5.9,6.1000000000000005,6.3,53.99,15.43,48.53,53.99,59.45,0.24,0.02,0.23,0.24,0.25,3.0,0.09,3.89,3.92,3.96,,,,,,,,,,,,,,,,,,,,,,,,,,,,,,,,,,,,,,,,,,,,,,,,,,,,,,,,,,,,,,,,,,,,,,,,,,,,,,,,,,,,,,,,,,,,,,,,83.0,0.0,83.0,83.0,83.0,20.0,0.0,20.0,20.0,20.0,8.0,0.07,7.97,8.0,8.02,0.68,0.01,0.67,0.68,0.68,Filtration,,,1058.0,Bench-Scale,Membrane,SEBST,6.16,260.0,False,
1058-2-TFC-S,28.15,0.56,27.87,27.9,28.17,6.17,0.22,6.11,6.3,6.3,1.43,1.12,0.9,1.2,1.72,140.0,8.16,137.5,140.0,142.5,575.0,36.96,552.5,580.0,602.5,277.5,9.57,270.0,275.0,282.5,217.5,5.0,217.5,220.0,220.0,0.44,0.13,0.41,0.46,0.5,337.5,82.61,285.0,345.0,397.5,6.05,0.23,6.0,6.15,6.2,56.07,15.22,46.12,55.64,65.59,0.247,0.02,0.23,0.24,0.25,4.0,0.3,3.99,4.21,4.28,,,,,,,,,,,,,,,,,,,,,,,,,,,,,,,,,,,,,,,,,,,,,,,,,,,,,,,,,,,,,,,,,,,,,,,,,,,,,,,,,,,,,,,,,,,,,,,,83.0,0.0,83.0,83.0,83.0,20.0,0.0,20.0,20.0,20.0,7.91,0.01,7.9,7.91,7.92,1.13,0.33,1.06,1.25,1.32,Filtration,,,1058.0,Bench-Scale,Membrane,SEBST,6.16,260.0,False,
1058-3-NF70,26.52,1.99,25.5,26.75,27.77,6.5600000000000005,0.16,6.45,6.54,6.65,17.25,7.54,12.0,14.5,19.75,167.5,15.0,157.5,170.0,180.0,587.5,69.94,535.0,580.0,632.5,280.0,8.16,277.5,280.0,282.5,212.5,9.57,207.5,215.0,220.0,0.47,0.07,0.43,0.45,0.49,237.5,5.0,237.5,240.0,240.0,5.66,0.35,5.5,5.7,5.8500000000000005,41.83,1.71,41.05,42.1,42.75,0.258,0.03,0.23,0.25,0.27,4.0,0.09,4.18,4.21,4.2700000000000005,14.66,1.51,13.76,14.5,15.4,860.0,64.46000000000001,823.0,830.0,882.0,244.25,43.06,228.0,241.0,257.25,152.06,39.04,136.6,165.0,174.0,176.06,41.21,159.1,188.0,199.0,,,,,,135.0,36.96,117.5,120.0,137.5,83.5,14.47,77.75,84.5,90.25,25.5,4.93,22.25,25.5,28.75,0.25,0.5,0.0,0.0,0.25,0.85,1.7,0.0,0.0,0.85,58.25,22.77,41.5,59.0,75.75,76.0,21.28,64.5,72.0,85.5,0.0,0.0,0.0,0.0,0.0,11.3,3.7,9.3,11.0,13.0,23.0,2.94,21.5,22.5,24.0,,,,,,,,,,,,,,,,83.0,0.0,83.0,83.0,83.0,20.0,0.0,20.0,20.0,20.0,8.15,0.04,8.13,8.17,8.18,1.22,0.2,1.0,1.3,1.4,Filtration,,,1058.0,Bench-Scale,Membrane,SEBST,6.16,260.0,False,
1058-3-TFC-S,26.0,1.41,25.5,26.5,27.0,6.91,0.19,6.86,6.98,7.03,15.9,10.34,11.65,19.0,23.25,210.0,14.14,200.0,205.0,215.0,460.0,37.41,447.5,465.0,477.5,290.0,0.0,290.0,290.0,290.0,227.5,5.0,227.5,230.0,230.0,0.46,0.07,0.4,0.46,0.52,242.5,17.07,235.0,245.0,252.5,6.2700000000000005,0.22,6.15,6.3,6.42,38.71,3.46,37.49,39.66,40.88,0.23,0.02,0.21,0.22,0.24,3.0,0.38,3.44,3.59,3.81,16.19,7.27,12.73,13.29,16.75,624.0,24.51,612.0,625.0,636.5,234.37,13.37,223.57,233.25,244.05,111.83,66.15,78.75,111.8,144.9,134.16,72.2,97.25,130.8,169.4,,,,,,137.5,20.61,132.5,140.0,145.0,70.25,7.13,66.75,69.0,72.5,25.75,6.13,20.75,25.5,30.5,0.87,1.14,0.0,0.55,1.42,1.26,2.19,0.0,0.0,1.9,53.0,30.11,40.0,60.0,69.5,48.3,39.55,28.45,48.0,68.0,0.0,0.0,0.0,0.0,0.0,9.26,4.83,7.4,11.0,12.0,22.33,6.65,18.5,19.0,24.5,,,,,,,,,,,,,,,,83.0,0.0,83.0,83.0,83.0,20.0,0.0,20.0,20.0,20.0,8.1,0.07,8.07,8.13,8.14,1.04,0.28,0.77,1.1,1.27,Filtration,,,1058.0,Bench-Scale,Membrane,SEBST,6.16,260.0,False,
1058-4-NF70,26.25,0.5,26.0,26.0,26.25,6.8500000000000005,0.19,6.7,6.84,6.99,5.8,7.52,1.87,2.65,6.57,203.33,5.7700000000000005,200.0,200.0,205.0,485.0,19.14,470.0,480.0,495.0,285.0,5.7700000000000005,280.0,285.0,290.0,227.5,12.58,225.0,230.0,232.5,0.52,0.08,0.45,0.51,0.58,222.5,15.0,222.5,230.0,230.0,7.1000000000000005,0.59,6.67,6.95,7.37,31.43,2.56,29.66,30.89,32.67,0.265,0.04,0.24,0.26,0.28,3.0,0.46,3.6,3.9,4.03,11.92,0.62,11.68,12.12,12.36,701.25,54.07,672.25,690.0,719.0,225.68,54.370000000000005,190.27,222.5,257.9,102.82,30.31,79.07000000000001,96.3,120.05,120.82,32.45,95.02,114.25,140.05,,,,,,146.5,49.48,119.0,150.0,177.5,59.0,8.52,54.75,57.0,61.25,19.75,2.98,18.5,19.0,20.25,0.43,0.53,0.0,0.31,0.74,0.0,0.0,0.0,0.0,0.0,50.75,17.09,38.75,47.5,59.5,46.25,14.12,37.0,45.5,54.75,0.0,0.0,0.0,0.0,0.0,5.82,0.55,5.5,5.8,6.12,18.0,2.82,17.0,19.0,20.0,,,,,,,,,,,,,,,,83.0,0.0,83.0,83.0,83.0,20.0,0.0,20.0,20.0,20.0,8.08,0.08,8.01,8.09,8.13,1.27,1.02,0.61,0.92,1.5,Filtration,,,1058.0,Bench-Scale,Membrane,SEBST,6.16,260.0,False,
1058-4-TFC-S,25.25,2.21,25.0,26.0,26.25,6.75,0.13,6.66,6.76,6.8500000000000005,12.77,8.02,8.77,11.0,15.0,195.0,5.7700000000000005,190.0,195.0,200.0,507.5,37.74,490.0,510.0,527.5,272.5,5.0,270.0,270.0,272.5,207.5,5.0,207.5,210.0,210.0,0.5,0.05,0.48,0.5,0.52,222.5,5.0,220.0,220.0,222.5,6.5200000000000005,0.8,6.0,6.2,6.72,34.39,3.2,33.24,35.52,36.66,0.233,0.02,0.21,0.23,0.24,3.0,0.39,3.4,3.58,3.76,8.5,0.97,8.120000000000001,8.8,9.18,544.33,97.0,502.5,567.0,597.5,138.66,14.18,131.0,136.0,145.0,72.7,38.03,52.25,66.1,89.85000000000001,87.66,45.01,63.7,81.10000000000001,108.35,,,,,,73.0,7.81,68.5,69.0,75.5,47.33,5.68,45.0,49.0,50.5,18.33,1.52,17.5,18.0,19.0,0.0,0.0,0.0,0.0,0.0,0.0,0.0,0.0,0.0,0.0,35.660000000000004,18.55,26.0,34.0,44.5,32.33,17.61,22.5,27.0,39.5,0.0,0.0,0.0,0.0,0.0,4.7,2.12,3.75,5.1000000000000005,5.8500000000000005,14.96,7.05,11.45,15.0,18.5,,,,,,,,,,,,,,,,83.0,0.0,83.0,83.0,83.0,20.0,0.0,20.0,20.0,20.0,8.07,0.09,8.040000000000001,8.1,8.11,0.73,0.07,0.7000000000000001,0.71,0.75,Filtration,,,1058.0,Bench-Scale,Membrane,SEBST,6.16,260.0,False,
1059-1-10,23.0,0.0,23.0,23.0,23.0,7.93,0.06,7.9,7.9,7.95,0.38,0.02,0.37,0.38,0.39,127.5,3.54,126.25,127.5,128.75,,,,,,449.0,1.41,448.5,449.0,449.5,250.0,0.0,250.0,250.0,250.0,0.2,0.0,0.2,0.2,0.2,1390.0,28.28,1380.0,1390.0,1400.0,4.78,0.12,4.75,4.85,4.85,292.85,14.67,287.66,292.85,298.04,0.067,0.001,0.066,0.067,0.067,1.39,0.04,1.37,1.38,1.41,3.64,0.02,3.64,3.65,3.66,216.67,10.41,212.5,220.0,222.5,207.1,17.18,198.25,206.0,215.4,37.47,4.3,35.35,37.6,39.65,43.83,4.6,41.5,43.7,46.1,,,,,,1.4,0.26,1.3,1.5,1.55,7.03,0.55,6.85,7.3,7.35,38.67,3.79,36.5,37.0,40.0,160.0,20.0,150.0,160.0,170.0,0.0,0.0,0.0,0.0,0.0,1.77,0.58,1.6,2.1,2.1,0.0,0.0,0.0,0.0,0.0,4.03,3.82,2.25,4.5,6.05,31.67,1.15,31.0,31.0,32.0,6.37,0.38,6.15,6.2,6.5,,,,,,9.05,0.3,8.98,9.05,9.13,3.6,0.6,3.45,3.6,3.75,15.0,0.0,15.0,15.0,15.0,17.0,0.0,17.0,17.0,17.0,8.27,0.05,8.23,8.3,8.3,1.01,0.2,0.83,0.96,1.14,Coagulation,10.0,mg/L,1059.0,Bench-Scale,GAC,RSSCT,4.49,1452.5,False,2026-01-10
1059-1-20,23.0,0.0,23.0,23.0,23.0,7.93,0.06,7.9,7.9,7.95,0.38,0.02,0.37,0.38,0.39,127.5,3.54,126.25,127.5,128.75,,,,,,449.0,1.41,448.5,449.0,449.5,250.0,0.0,250.0,250.0,250.0,0.2,0.0,0.2,0.2,0.2,1390.0,28.28,1380.0,1390.0,1400.0,4.78,0.12,4.75,4.85,4.85,292.85,14.67,287.66,292.85,298.04,0.067,0.001,0.066,0.067,0.067,1.39,0.04,1.37,1.38,1.41,3.64,0.02,3.64,3.65,3.66,216.67,10.41,212.5,220.0,222.5,207.1,17.18,198.25,206.0,215.4,39.27,2.15,38.05,38.5,40.1,45.63,2.53,44.2,44.7,46.6,,,,,,1.4,0.26,1.3,1.5,1.55,7.03,0.55,6.85,7.3,7.35,38.67,3.79,36.5,37.0,40.0,160.0,20.0,150.0,160.0,170.0,0.0,0.0,0.0,0.0,0.0,1.77,0.58,1.6,2.1,2.1,0.0,0.0,0.0,0.0,0.0,5.83,1.59,4.95,5.4,6.5,31.67,1.15,31.0,31.0,32.0,6.37,0.38,6.15,6.2,6.5,,,,,,9.05,0.3,8.98,9.05,9.13,3.6,0.6,3.45,3.6,3.75,15.0,0.0,15.0,15.0,15.0,17.0,0.0,17.0,17.0,17.0,8.12,0.1,8.03,8.1,8.18,0.97,0.21,0.83,0.95,1.04,Coagulation,10.0,mg/L,1059.0,Bench-Scale,GAC,RSSCT,4.49,1452.5,False,2026-01-20
1059-2-10,23.0,1.0,22.5,23.0,23.5,7.97,0.21,7.85,7.9,8.05,0.3,0.1,0.25,0.3,0.35,125.0,0.0,125.0,125.0,125.0,,,,,,587.0,5.66,585.0,587.0,589.0,300.0,0.0,300.0,300.0,300.0,0.05,0.0,0.05,0.05,0.05,1810.0,56.57,1790.0,1810.0,1830.0,4.25,0.05,4.23,4.25,4.28,426.05,20.4,418.84,426.05,433.26,0.05,0.001,0.05,0.05,0.051,1.18,0.02,1.18,1.19,1.2,3.38,0.02,3.38,3.38,3.39,238.33,46.46,212.5,225.0,257.5,208.33,12.7,204.25,214.8,215.65,33.23,0.15,33.15,33.2,33.3,36.37,0.12,36.3,36.3,36.4,70.33,1.63,69.4,69.6,70.9,0.0,0.0,0.0,0.0,0.0,3.0,0.44,2.75,2.8,3.15,22.0,1.0,21.5,22.0,22.5,183.33,11.55,180.0,190.0,190.0,0.0,0.0,0.0,0.0,0.0,0.0,0.0,0.0,0.0,0.0,0.0,0.0,0.0,0.0,0.0,4.23,0.15,4.15,4.2,4.3,29.0,0.0,29.0,29.0,29.0,3.13,0.06,3.1,3.1,3.15,26.67,1.15,26.0,26.0,27.0,6.13,0.4,5.95,6.2,6.35,1.17,0.06,1.15,1.2,1.2,23.84,0.13,23.71,23.8,24.0,22.33,0.49,22.0,22.0,23.0,8.12,0.09,8.1,8.1,8.18,0.64,0.08,0.6,0.63,0.69,Pre-oxidation,0.3,mg/L,1059.0,Bench-Scale,GAC,RSSCT,4.49,1452.5,False,2026-02-10
1059-2-20,23.0,1.0,22.5,23.0,23.5,7.97,0.21,7.85,7.9,8.05,0.3,0.1,0.25,0.3,0.35,125.0,0.0,125.0,125.0,125.0,,,,,,587.0,5.66,585.0,587.0,589.0,300.0,0.0,300.0,300.0,300.0,0.05,0.0,0.05,0.05,0.05,1810.0,56.57,1790.0,1810.0,1830.0,4.25,0.05,4.23,4.25,4.28,426.05,20.4,418.84,426.05,433.26,0.05,0.001,0.05,0.05,0.051,1.18,0.02,1.18,1.19,1.2,3.38,0.02,3.38,3.38,3.39,238.33,46.46,212.5,225.0,257.5,208.33,12.7,204.25,214.8,215.65,33.23,0.15,33.15,33.2,33.3,36.37,0.12,36.3,36.3,36.4,70.33,1.63,69.4,69.6,70.9,0.0,0.0,0.0,0.0,0.0,3.0,0.44,2.75,2.8,3.15,22.0,1.0,21.5,22.0,22.5,183.33,11.55,180.0,190.0,190.0,0.0,0.0,0.0,0.0,0.0,0.0,0.0,0.0,0.0,0.0,0.0,0.0,0.0,0.0,0.0,4.23,0.15,4.15,4.2,4.3,29.0,0.0,29.0,29.0,29.0,3.13,0.06,3.1,3.1,3.15,26.67,1.15,26.0,26.0,27.0,6.13,0.4,5.95,6.2,6.35,1.17,0.06,1.15,1.2,1.2,23.73,0.05,23.7,23.7,23.8,22.5,0.51,22.0,22.5,23.0,8.19,0.1,8.1,8.2,8.2,0.97,0.18,0.94,1.01,1.09,Pre-oxidation,0.3,mg/L,1059.0,Bench-Scale,GAC,RSSCT,4.49,1452.5,False,2026-02-20
1059-3-10,23.0,0.0,23.0,23.0,23.0,7.97,0.06,7.95,8.0,8.0,0.2,0.0,0.2,0.2,0.2,132.5,3.54,131.25,132.5,133.75,,,,,,459.0,7.07,456.5,459.0,461.5,230.0,2.83,229.0,230.0,231.0,0.8,0.0,0.8,0.8,0.8,1160.0,28.28,1150.0,1160.0,1170.0,3.97,0.08,3.93,3.95,4.0,292.02,14.91,286.75,292.02,297.29,0.051,0.0,0.051,0.051,0.051,1.29,0.03,1.28,1.3,1.31,9.01,0.08,8.99,9.06,9.06,175.0,10.0,170.0,175.0,180.0,133.77,1.99,132.9,134.2,134.85,44.63,1.91,43.55,43.9,45.35,54.3,2.17,53.05,53.2,55.0,72.67,2.38,71.3,71.5,73.45,0.0,0.0,0.0,0.0,0.0,3.1,0.46,2.9,3.2,3.35,20.67,1.53,20.0,21.0,21.5,110.0,0.0,110.0,110.0,110.0,0.0,0.0,0.0,0.0,0.0,4.63,0.35,4.45,4.6,4.8,0.0,0.0,0.0,0.0,0.0,4.67,0.12,4.6,4.6,4.7,35.33,1.53,34.5,35.0,36.0,9.67,0.35,9.5,9.7,9.85,13.0,0.0,13.0,13.0,13.0,3.77,0.15,3.7,3.8,3.85,1.6,0.1,1.55,1.6,1.65,23.96,0.05,23.9,24.0,24.0,22.39,0.5,22.0,22.0,23.0,8.08,0.07,8.0,8.1,8.1,0.94,0.24,0.8,0.93,1.02,Coagulation,13.0,mg/L,1059.0,Bench-Scale,GAC,RSSCT,4.49,1452.5,False,2026-03-10
1059-3-20,23.0,0.0,23.0,23.0,23.0,7.97,0.06,7.95,8.0,8.0,0.2,0.0,0.2,0.2,0.2,132.5,3.54,131.25,132.5,133.75,,,,,,459.0,7.07,456.5,459.0,461.5,230.0,2.83,229.0,230.0,231.0,0.8,0.0,0.8,0.8,0.8,1160.0,28.28,1150.0,1160.0,1170.0,3.97,0.08,3.93,3.95,4.0,292.02,14.91,286.75,292.02,297.29,0.051,0.0,0.051,0.051,0.051,1.29,0.03,1.28,1.3,1.31,9.01,0.08,8.99,9.06,9.06,175.0,10.0,170.0,175.0,180.0,133.77,1.99,132.9,134.2,134.85,44.63,1.91,43.55,43.9,45.35,54.3,2.17,53.05,53.2,55.0,72.67,2.38,71.3,71.5,73.45,0.0,0.0,0.0,0.0,0.0,3.1,0.46,2.9,3.2,3.35,20.67,1.53,20.0,21.0,21.5,110.0,0.0,110.0,110.0,110.0,0.0,0.0,0.0,0.0,0.0,4.63,0.35,4.45,4.6,4.8,0.0,0.0,0.0,0.0,0.0,4.67,0.12,4.6,4.6,4.7,35.33,1.53,34.5,35.0,36.0,9.67,0.35,9.5,9.7,9.85,13.0,0.0,13.0,13.0,13.0,3.77,0.15,3.7,3.8,3.85,1.6,0.1,1.55,1.6,1.65,23.99,0.02,24.0,24.0,24.0,22.5,0.51,22.0,22.5,23.0,8.04,0.07,8.0,8.0,8.08,0.98,0.24,0.73,0.99,1.23,Coagulation,13.0,mg/L,1059.0,Bench-Scale,GAC,RSSCT,4.49,1452.5,False,2026-03-20
1059-4-10,22.33,0.58,22.0,22.0,22.5,8.0,0.1,7.95,8.0,8.05,0.2,0.0,0.2,0.2,0.2,125.0,0.0,125.0,125.0,125.0,,,,,,505.0,1.41,504.5,505.0,505.5,244.5,0.71,244.25,244.5,244.75,0.05,0.0,0.05,0.05,0.05,1450.0,70.71,1425.0,1450.0,1475.0,4.97,0.08,4.93,4.95,5.0,289.93,10.04,286.38,289.93,293.48,0.061,0.001,0.061,0.061,0.062,1.23,0.01,1.23,1.23,1.24,3.25,0.02,3.24,3.24,3.26,368.33,2.89,367.5,370.0,370.0,191.8,8.83,187.2,191.0,196.0,33.03,0.8,32.65,33.1,33.45,37.87,0.6,37.55,37.8,38.15,77.03,3.81,74.85,75.3,78.35,0.0,0.0,0.0,0.0,0.0,3.13,0.23,3.0,3.0,3.2,28.67,1.15,28.0,28.0,29.0,160.0,10.0,155.0,160.0,165.0,0.0,0.0,0.0,0.0,0.0,0.0,0.0,0.0,0.0,0.0,0.0,0.0,0.0,0.0,0.0,4.37,0.67,4.0,4.2,4.65,28.67,1.15,28.0,28.0,29.0,4.83,0.23,4.7,4.7,4.9,31.33,3.21,29.5,30.0,32.5,7.83,0.31,7.7,7.9,8.0,0.0,0.0,0.0,0.0,0.0,23.96,0.07,23.9,23.98,24.0,13.39,0.5,13.0,13.0,14.0,8.25,0.06,8.2,8.3,8.3,0.93,0.17,0.83,0.89,0.99,Coagulation,13.0,mg/L,1059.0,Bench-Scale,GAC,RSSCT,4.49,1452.5,False,2026-04-10
1059-4-20,22.33,0.58,22.0,22.0,22.5,8.0,0.1,7.95,8.0,8.05,0.2,0.0,0.2,0.2,0.2,125.0,0.0,125.0,125.0,125.0,,,,,,505.0,1.41,504.5,505.0,505.5,244.5,0.71,244.25,244.5,244.75,0.05,0.0,0.05,0.05,0.05,1450.0,70.71,1425.0,1450.0,1475.0,4.97,0.08,4.93,4.95,5.0,289.93,10.04,286.38,289.93,293.48,0.061,0.001,0.061,0.061,0.062,1.23,0.01,1.23,1.23,1.24,3.25,0.02,3.24,3.24,3.26,368.33,2.89,367.5,370.0,370.0,191.8,8.83,187.2,191.0,196.0,33.03,0.8,32.65,33.1,33.45,37.87,0.6,37.55,37.8,38.15,77.03,3.81,74.85,75.3,78.35,0.0,0.0,0.0,0.0,0.0,3.13,0.23,3.0,3.0,3.2,28.67,1.15,28.0,28.0,29.0,160.0,10.0,155.0,160.0,165.0,0.0,0.0,0.0,0.0,0.0,0.0,0.0,0.0,0.0,0.0,0.0,0.0,0.0,0.0,0.0,4.37,0.67,4.0,4.2,4.65,28.67,1.15,28.0,28.0,29.0,4.83,0.23,4.7,4.7,4.9,31.33,3.21,29.5,30.0,32.5,7.83,0.31,7.7,7.9,8.0,0.0,0.0,0.0,0.0,0.0,24.02,0.04,24.0,24.0,24.0,13.56,0.51,13.0,14.0,14.0,8.27,0.08,8.2,8.3,8.3,1.11,0.22,0.98,1.2,1.31,Coagulation,13.0,mg/L,1059.0,Bench-Scale,GAC,RSSCT,4.49,1452.5,False,2026-04-20
1060-1-10,23.0,0.0,23.0,23.0,23.0,7.71,0.1,7.69,7.71,7.74,0.36,0.04,0.34,0.34,0.38,113.25,2.47,112.38,113.25,114.13,,,,,,136.35,1.91,135.68,136.35,137.03,102.75,1.91,102.08,102.75,103.43,0.15,0.0,0.15,0.15,0.15,56.0,4.24,54.5,56.0,57.5,2.67,0.29,2.5,2.5,2.75,20.63,4.2,19.15,20.63,22.12,0.055,0.003,0.053,0.054,0.056,2.08,0.28,1.94,2.08,2.22,1.35,0.27,1.21,1.32,1.48,141.45,2.08,140.5,141.75,142.56,53.12,3.34,51.22,51.84,54.37,21.84,2.19,20.82,22.12,23.0,27.28,2.42,26.0,26.94,28.39,,,,,,28.54,2.21,27.3,27.8,29.42,17.73,0.97,17.17,17.21,18.03,6.84,0.22,6.75,6.9,6.96,0.0,0.0,0.0,0.0,0.0,0.0,0.0,0.0,0.0,0.0,12.69,1.29,12.29,13.38,13.44,7.48,1.12,6.85,7.12,7.92,0.0,0.0,0.0,0.0,0.0,1.67,0.14,1.62,1.73,1.75,5.44,0.59,5.17,5.53,5.75,,,,,,,,,,,,,,,,7.0,0.0,7.0,7.0,7.0,13.0,0.0,13.0,13.0,13.0,8.08,0.04,8.06,8.08,8.1,1.06,0.21,0.9,1.06,1.18,Coagulation,2.4,mg/L,1060.0,Bench-Scale,GAC,RSSCT,2.51,53.75,False,2026-01-10
1060-1-20,23.33,1.53,22.5,23.0,24.0,7.9,0.03,7.89,7.9,7.91,0.32,0.03,0.31,0.33,0.34,111.5,,111.5,111.5,111.5,,,,,,132.5,2.83,131.5,132.5,133.5,98.5,3.68,97.2,98.5,99.8,0.15,0.0,0.15,0.15,0.15,62.5,7.78,59.75,62.5,65.25,2.6,0.17,2.5,2.5,2.65,23.54,1.05,23.17,23.54,23.91,0.056,0.002,0.054,0.055,0.056,2.14,0.07,2.11,2.16,2.18,1.14,0.13,1.07,1.12,1.2,135.0,15.0,127.5,135.0,142.5,45.42,3.72,43.29,43.73,46.71,21.23,4.58,19.89,23.85,23.88,26.87,6.19,24.89,30.05,30.43,,,,,,23.07,2.64,21.54,21.63,23.87,15.92,0.87,15.55,16.15,16.4,6.44,0.42,6.2,6.27,6.6,0.0,0.0,0.0,0.0,0.0,0.0,0.0,0.0,0.0,0.0,12.39,2.36,11.38,12.96,13.68,7.15,2.2,6.14,7.48,8.33,0.0,0.0,0.0,0.0,0.0,1.69,0.35,1.52,1.71,1.87,5.64,1.63,5.0,6.21,6.56,,,,,,,,,,,,,,,,7.0,0.0,7.0,7.0,7.0,13.0,0.0,13.0,13.0,13.0,8.06,0.05,8.03,8.05,8.09,1.01,0.2,0.9,0.96,1.06,Coagulation,25.0,mg/L,1060.0,Bench-Scale,GAC,RSSCT,2.51,53.75,False,2026-01-20
1060-2-10,23.0,0.0,23.0,23.0,23.0,7.92,0.05,7.9,7.93,7.95,0.4,0.03,0.39,0.4,0.42,115.95,7.0,113.48,115.95,118.43,,,,,,134.0,8.63,130.95,134.0,137.05,102.4,6.36,100.15,102.4,104.65,0.15,0.0,0.15,0.15,0.15,64.0,1.41,63.5,64.0,64.5,2.87,0.12,2.8,2.8,2.9,22.11,1.57,21.55,22.11,22.66,0.055,0.002,0.055,0.056,0.057,1.93,0.15,1.88,2.0,2.02,1.82,0.15,1.73,1.76,1.88,165.0,10.0,160.0,165.0,170.0,54.56,6.31,52.57,57.87,58.19,24.25,2.95,22.69,23.87,25.62,29.7,3.67,27.77,29.27,31.42,,,,,,30.6,4.68,29.22,33.24,33.31,16.79,1.39,16.33,17.46,17.59,7.16,0.27,7.02,7.17,7.29,0.0,0.0,0.0,0.0,0.0,0.0,0.0,0.0,0.0,0.0,12.85,2.25,11.57,12.01,13.7,9.8,0.66,9.46,9.76,10.12,0.0,0.0,0.0,0.0,0.0,1.6,0.55,1.29,1.38,1.8,5.45,0.72,5.08,5.4,5.8,,,,,,,,,,,,,,,,7.0,0.0,7.0,7.0,7.0,27.0,0.09,27.0,27.0,27.05,8.02,0.02,8.01,8.02,8.03,1.13,0.22,1.02,1.1,1.26,Coagulation,25.0,mg/L,1060.0,Bench-Scale,GAC,RSSCT,2.51,53.75,False,2026-02-10
1060-2-20,23.33,0.58,23.0,23.0,23.5,7.95,0.09,7.9,7.93,7.99,0.37,0.07,0.34,0.38,0.41,114.75,5.3,112.88,114.75,116.63,,,,,,156.0,22.49,148.05,156.0,163.95,100.4,9.19,97.15,100.4,103.65,0.15,0.0,0.15,0.15,0.15,62.0,1.41,61.5,62.0,62.5,2.87,0.06,2.85,2.9,2.9,21.75,0.04,21.74,21.75,21.77,0.055,0.002,0.054,0.054,0.055,1.9,0.1,1.84,1.86,1.94,1.75,0.04,1.73,1.75,1.77,160.0,8.66,157.5,165.0,165.0,54.55,5.01,51.7,52.59,56.42,24.86,3.58,22.8,22.8,25.9,30.47,4.27,28.01,28.21,31.8,,,,,,30.68,3.31,28.81,29.52,31.96,16.62,1.42,15.82,16.08,17.15,7.25,0.32,7.07,7.15,7.38,0.0,0.0,0.0,0.0,0.0,0.0,0.0,0.0,0.0,0.0,13.03,1.39,12.26,12.67,13.61,10.21,2.38,8.91,9.67,11.24,0.0,0.0,0.0,0.0,0.0,1.63,0.34,1.45,1.62,1.8,5.61,0.71,5.22,5.42,5.91,,,,,,,,,,,,,,,,7.0,0.0,7.0,7.0,7.0,26.91,0.13,26.8,26.8,27.0,8.02,0.02,8.01,8.02,8.04,1.14,0.18,1.02,1.12,1.19,Coagulation,25.0,mg/L,1060.0,Bench-Scale,GAC,RSSCT,2.51,53.75,False,2026-02-20
1060-3-10,21.33,1.53,20.5,21.0,22.0,7.82,0.07,7.79,7.79,7.85,0.16,0.07,0.12,0.12,0.18,114.5,4.24,113.0,114.5,116.0,,,,,,143.05,6.43,140.78,143.05,145.33,109.25,7.57,106.58,109.25,111.93,0.15,0.0,0.15,0.15,0.15,54.5,2.12,53.75,54.5,55.25,2.55,0.13,2.48,2.5,2.6,20.97,0.32,20.86,20.97,21.09,0.041,0.001,0.04,0.04,0.041,1.59,0.05,1.57,1.62,1.62,1.32,0.03,1.3,1.3,1.33,131.67,17.56,122.5,130.0,140.0,51.35,7.0,48.41,53.22,55.22,14.74,3.47,13.3,15.71,16.67,18.57,4.12,16.84,19.66,20.85,,,,,,25.07,4.44,23.59,27.21,27.62,16.06,1.78,15.17,16.05,16.95,8.71,0.85,8.24,8.51,9.07,1.51,0.18,1.41,1.45,1.58,0.0,0.0,0.0,0.0,0.0,7.92,1.99,7.04,8.32,9.0,4.97,1.25,4.57,5.61,5.69,0.0,0.0,0.0,0.0,0.0,1.85,0.29,1.69,1.79,1.97,3.83,0.65,3.54,3.95,4.18,,,,,,,,,,,,,,,,7.0,0.0,7.0,7.0,7.0,26.99,0.07,26.9,27.0,27.0,8.03,0.01,8.02,8.03,8.04,1.63,0.14,1.53,1.62,1.69,Coagulation,25.0,mg/L,1060.0,Bench-Scale,GAC,RSSCT,2.51,53.75,False,2026-03-10
1060-3-20,20.33,0.58,20.0,20.0,20.5,7.74,0.09,7.7,7.75,7.79,0.16,0.08,0.14,0.16,0.18,118.25,1.06,117.88,118.25,118.63,,,,,,138.35,6.58,136.03,138.35,140.68,105.0,3.68,103.7,105.0,106.3,0.15,0.0,0.15,0.15,0.15,54.5,0.71,54.25,54.5,54.75,2.45,0.05,2.43,2.45,2.48,22.26,0.93,21.93,22.26,22.59,0.04,0.002,0.039,0.04,0.041,1.62,0.13,1.56,1.64,1.68,1.3,0.17,1.2,1.21,1.35,127.5,5.0,126.25,127.5,128.75,54.53,6.58,52.49,58.04,58.33,12.6,0.57,12.32,12.61,12.89,15.83,0.56,15.52,15.71,16.07,,,,,,27.08,4.39,25.72,29.44,29.61,17.01,1.56,16.54,17.87,17.91,8.9,0.58,8.71,9.19,9.24,1.54,0.06,1.51,1.54,1.57,0.0,0.0,0.0,0.0,0.0,7.15,0.73,6.86,7.39,7.56,3.88,0.19,3.78,3.81,3.95,0.0,0.0,0.0,0.0,0.0,1.57,0.08,1.54,1.6,1.61,3.23,0.11,3.19,3.27,3.29,,,,,,,,,,,,,,,,7.0,0.0,7.0,7.0,7.0,27.01,0.06,27.0,27.0,27.0,8.01,0.01,8.01,8.01,8.02,1.55,0.1,1.48,1.54,1.63,Coagulation,25.0,mg/L,1060.0,Bench-Scale,GAC,RSSCT,2.51,53.75,False,2026-03-20
1060-4-10,21.0,1.0,20.5,21.0,21.5,8.06,0.06,8.05,8.09,8.1,0.18,0.02,0.17,0.17,0.19,119.05,0.21,118.98,119.05,119.13,,,,,,111.95,4.74,110.28,111.95,113.63,88.0,2.26,87.2,88.0,88.8,0.15,0.0,0.15,0.15,0.15,38.0,0.0,38.0,38.0,38.0,2.03,0.08,2.0,2.05,2.08,18.79,0.98,18.44,18.79,19.14,0.044,0.002,0.044,0.045,0.045,2.19,0.03,2.17,2.18,2.2,1.36,0.05,1.34,1.36,1.38,130.0,15.0,122.5,130.0,137.5,38.96,0.26,38.82,38.91,39.08,24.87,2.51,23.43,23.83,25.78,30.27,2.83,28.65,29.04,31.28,,,,,,22.86,0.43,22.64,22.83,23.07,12.03,0.16,11.93,11.94,12.08,4.07,0.06,4.04,4.07,4.1,0.0,0.0,0.0,0.0,0.0,0.0,0.0,0.0,0.0,0.0,13.77,0.85,13.3,13.53,14.12,10.38,1.86,9.56,10.77,11.39,0.0,0.0,0.0,0.0,0.0,0.72,0.62,0.5,1.01,1.08,5.4,0.32,5.21,5.22,5.5,,,,,,,,,,,,,,,,7.0,0.0,7.0,7.0,7.0,11.3,0.44,11.0,11.0,11.9,8.04,0.04,8.03,8.05,8.06,1.74,0.08,1.69,1.77,1.81,Coagulation,25.0,mg/L,1060.0,Bench-Scale,GAC,RSSCT,2.51,53.75,False,2026-04-10
1060-4-20,20.67,0.58,20.5,21.0,21.0,8.1,0.04,8.08,8.08,8.11,0.14,0.02,0.14,0.15,0.16,119.65,0.21,119.58,119.65,119.73,,,,,,111.75,8.7,108.68,111.75,114.83,88.25,9.69,84.83,88.25,91.68,0.15,0.0,0.15,0.15,0.15,38.5,0.71,38.25,38.5,38.75,2.02,0.03,2.0,2.0,2.03,19.02,0.68,18.78,19.02,19.26,0.044,0.002,0.043,0.043,0.045,2.17,0.07,2.14,2.15,2.2,1.41,0.14,1.35,1.45,1.48,115.0,13.23,107.5,110.0,120.0,37.67,3.07,35.95,36.74,38.92,24.21,2.52,22.86,23.83,25.36,28.48,3.48,26.57,27.65,29.97,,,,,,22.64,1.28,21.9,21.91,23.01,11.45,1.22,10.79,11.24,12.0,3.58,0.65,3.26,3.61,3.91,0.0,0.0,0.0,0.0,0.0,0.0,0.0,0.0,0.0,0.0,12.28,1.52,11.68,12.81,13.14,11.56,1.32,10.85,11.34,12.16,0.0,0.0,0.0,0.0,0.0,0.37,0.64,0.0,0.0,0.56,4.27,0.99,3.71,3.82,4.61,,,,,,,,,,,,,,,,7.0,0.0,7.0,7.0,7.0,11.11,0.22,11.0,11.1,11.1,8.06,0.02,8.05,8.06,8.07,1.79,0.15,1.68,1.75,1.88,Coagulation,2.4,mg/L,1060.0,Bench-Scale,GAC,RSSCT,2.51,53.75,False,2026-04-20
1061-1-10,21.25,3.3,20.43,21.25,22.08,8.04,0.43,7.81,7.95,8.23,0.15,0.09,0.13,0.15,0.17,168.5,4.95,166.75,168.5,170.25,,,,,,229.5,2.12,228.75,229.5,230.25,179.0,1.41,178.5,179.0,179.5,0.05,0.0,0.05,0.05,0.05,146.5,2.12,145.75,146.5,147.25,1.76,0.04,1.74,1.74,1.77,84.44,0.88,84.13,84.44,84.75,0.041,0.001,0.041,0.041,0.042,2.36,0.03,2.34,2.36,2.37,0.79,0.36,0.58,0.62,0.91,82.17,3.4,80.75,83.1,84.05,43.43,1.62,42.7,43.7,44.3,11.17,0.61,10.9,11.3,11.5,16.17,0.93,15.85,16.6,16.7,,,,,,6.8,0.53,6.5,6.6,7.0,11.3,0.53,11.0,11.1,11.5,16.37,0.49,16.2,16.6,16.65,8.97,0.8,8.55,8.9,9.35,0.0,0.0,0.0,0.0,0.0,4.2,0.3,4.05,4.2,4.35,0.83,0.72,0.6,1.2,1.25,0.0,0.0,0.0,0.0,0.0,6.13,0.87,5.65,5.9,6.5,5.0,0.36,4.85,5.1,5.2,,,,,,,,,,,,,,,,16.5,0.0,16.5,16.5,16.5,15.0,0.0,15.0,15.0,15.0,,,,,,0.99,0.2,0.92,1.03,1.1,Aeration,,,1061.0,Bench-Scale,GAC,RSSCT,1.99,138.05999755859375,False,2026-01-10
1061-2-16.7,19.17,1.69,18.45,19.6,20.1,7.95,0.23,7.85,7.98,8.07,0.14,0.05,0.12,0.14,0.17,166.0,2.83,165.0,166.0,167.0,,,,,,219.5,10.61,215.75,219.5,223.25,179.0,8.49,176.0,179.0,182.0,0.05,0.0,0.05,0.05,0.05,135.5,0.71,135.25,135.5,135.75,1.92,0.03,1.9,1.92,1.93,70.86,1.07,70.48,70.86,71.24,0.051,0.0,0.051,0.051,0.051,2.66,0.04,2.64,2.65,2.68,1.26,0.1,1.22,1.26,1.31,107.4,7.92,103.6,108.0,111.5,40.67,3.53,39.5,42.4,42.7,13.3,0.44,13.15,13.5,13.55,18.87,0.38,18.65,18.7,19.0,,,,,,9.77,0.68,9.5,10.0,10.15,12.83,1.24,12.45,13.5,13.55,13.83,0.98,13.55,14.4,14.4,4.23,0.67,3.95,4.4,4.6,0.0,0.0,0.0,0.0,0.0,6.2,0.53,6.0,6.4,6.5,2.4,0.1,2.35,2.4,2.45,0.0,0.0,0.0,0.0,0.0,4.7,0.26,4.6,4.8,4.85,5.57,0.32,5.45,5.7,5.75,,,,,,,,,,,,,,,,16.5,0.0,16.5,16.5,16.5,15.0,0.0,15.0,15.0,15.0,,,,,,1.08,0.22,0.96,1.14,1.27,Aeration,,,1061.0,Bench-Scale,GAC,RSSCT,1.99,138.05999755859375,False,
1061-2-8.4,19.17,1.69,18.45,19.6,20.1,7.95,0.23,7.85,7.98,8.07,0.14,0.05,0.12,0.14,0.17,166.0,2.83,165.0,166.0,167.0,,,,,,219.5,10.61,215.75,219.5,223.25,179.0,8.49,176.0,179.0,182.0,0.05,0.0,0.05,0.05,0.05,135.5,0.71,135.25,135.5,135.75,1.92,0.03,1.9,1.92,1.93,70.86,1.07,70.48,70.86,71.24,0.051,0.0,0.051,0.051,0.051,2.66,0.04,2.64,2.65,2.68,1.26,0.1,1.22,1.26,1.31,107.4,7.92,103.6,108.0,111.5,40.67,3.53,39.5,42.4,42.7,13.3,0.44,13.15,13.5,13.55,18.87,0.38,18.65,18.7,19.0,,,,,,9.77,0.68,9.5,10.0,10.15,12.83,1.24,12.45,13.5,13.55,13.83,0.98,13.55,14.4,14.4,4.23,0.67,3.95,4.4,4.6,0.0,0.0,0.0,0.0,0.0,6.2,0.53,6.0,6.4,6.5,2.4,0.1,2.35,2.4,2.45,0.0,0.0,0.0,0.0,0.0,4.7,0.26,4.6,4.8,4.85,5.57,0.32,5.45,5.7,5.75,,,,,,,,,,,,,,,,16.5,0.0,16.5,16.5,16.5,15.0,0.0,15.0,15.0,15.0,,,,,,0.97,0.21,0.79,0.94,1.14,Aeration,,,1061.0,Bench-Scale,GAC,RSSCT,1.99,138.05999755859375,False,
1061-3-12.6,17.8,2.95,16.5,18.4,19.4,8.01,0.26,7.86,7.92,8.11,0.07,0.02,0.06,0.07,0.07,178.0,5.66,176.0,178.0,180.0,,,,,,242.0,1.41,241.5,242.0,242.5,193.5,4.95,191.75,193.5,195.25,0.05,0.0,0.05,0.05,0.05,134.0,1.41,133.5,134.0,134.5,1.96,0.06,1.92,1.94,1.98,67.67,2.72,66.7,67.67,68.63,0.05,0.001,0.05,0.05,0.051,2.56,0.02,2.55,2.57,2.57,1.15,0.07,1.12,1.15,1.19,106.0,4.0,104.0,106.0,108.0,40.97,0.45,40.75,41.0,41.2,10.03,0.45,9.8,10.0,10.25,14.9,0.6,14.6,14.9,15.2,,,,,,8.63,0.31,8.5,8.7,8.8,12.73,0.23,12.6,12.6,12.8,14.43,0.15,14.35,14.4,14.5,5.17,0.06,5.15,5.2,5.2,0.0,0.0,0.0,0.0,0.0,3.87,0.29,3.7,3.7,3.95,1.63,0.12,1.6,1.7,1.7,0.0,0.0,0.0,0.0,0.0,4.53,0.12,4.5,4.6,4.6,4.87,0.15,4.8,4.9,4.95,,,,,,,,,,,,,,,,16.5,0.0,16.5,16.5,16.5,15.0,0.0,15.0,15.0,15.0,,,,,,1.11,0.12,1.08,1.17,1.2,Aeration,,,1061.0,Bench-Scale,GAC,RSSCT,1.99,138.05999755859375,False,
1061-3-25.2,20.23,1.9,19.25,20.1,21.15,8.12,0.18,8.07,8.21,8.23,0.08,0.01,0.07,0.08,0.08,178.0,5.66,176.0,178.0,180.0,,,,,,242.0,1.41,241.5,242.0,242.5,193.5,4.95,191.75,193.5,195.25,0.05,0.0,0.05,0.05,0.05,132.0,,132.0,132.0,132.0,1.98,0.07,1.97,2.02,2.02,65.25,,65.25,65.25,65.25,0.05,0.001,0.05,0.05,0.051,2.52,0.05,2.5,2.53,2.55,1.12,0.06,1.1,1.15,1.15,103.5,3.5,102.25,105.0,105.5,41.57,1.01,41.1,41.7,42.1,10.7,0.66,10.4,10.8,11.05,15.9,0.92,15.5,16.1,16.4,,,,,,8.6,0.52,8.3,8.3,8.75,12.8,0.2,12.7,12.8,12.9,14.67,0.31,14.5,14.6,14.8,5.5,0.26,5.4,5.6,5.65,0.0,0.0,0.0,0.0,0.0,4.13,0.45,3.9,4.1,4.35,1.87,0.21,1.75,1.8,1.95,0.0,0.0,0.0,0.0,0.0,4.7,0.17,4.6,4.6,4.75,5.2,0.26,5.1,5.3,5.35,,,,,,,,,,,,,,,,16.5,0.0,16.5,16.5,16.5,15.0,0.0,15.0,15.0,15.0,,,,,,1.14,0.13,1.11,1.21,1.24,Aeration,,,1061.0,Bench-Scale,GAC,RSSCT,1.99,138.05999755859375,False,
1061-4-10,19.73,3.15,18.75,21.4,21.55,7.95,0.1,7.9,7.9,7.99,0.33,0.18,0.23,0.24,0.39,173.0,2.83,172.0,173.0,174.0,,,,,,233.5,0.71,233.25,233.5,233.75,182.5,4.95,180.75,182.5,184.25,0.05,,0.05,0.05,0.05,135.5,3.54,134.25,135.5,136.75,2.15,0.05,2.12,2.12,2.17,62.6,3.53,61.35,62.6,63.85,0.055,0.008,0.051,0.051,0.057,2.56,0.38,2.34,2.36,2.68,1.43,0.14,1.36,1.37,1.48,122.0,6.0,119.0,122.0,125.0,46.77,2.8,45.7,47.8,48.35,13.07,0.38,12.85,12.9,13.2,18.97,0.76,18.55,18.8,19.3,,,,,,12.43,0.74,12.15,12.7,12.85,15.1,1.05,14.6,15.2,15.65,14.57,0.95,14.2,14.9,15.1,4.67,0.15,4.6,4.7,4.75,0.0,0.0,0.0,0.0,0.0,5.8,0.1,5.75,5.8,5.85,2.6,0.4,2.4,2.6,2.8,0.0,0.0,0.0,0.0,0.0,4.67,0.21,4.55,4.6,4.75,5.9,0.4,5.7,5.9,6.1,,,,,,,,,,,,,,,,16.5,0.0,16.5,16.5,16.5,15.0,0.0,15.0,15.0,15.0,,,,,,1.11,0.21,1.05,1.17,1.24,Aeration,,,1061.0,Bench-Scale,GAC,RSSCT,1.99,138.05999755859375,False,2026-04-10
1061-4-20,19.73,3.15,18.75,21.4,21.55,7.95,0.1,7.9,7.9,7.99,0.33,0.18,0.23,0.24,0.39,173.0,2.83,172.0,173.0,174.0,,,,,,233.5,0.71,233.25,233.5,233.75,182.5,4.95,180.75,182.5,184.25,0.05,,0.05,0.05,0.05,135.5,3.54,134.25,135.5,136.75,2.15,0.05,2.12,2.12,2.17,62.6,3.53,61.35,62.6,63.85,0.055,0.008,0.051,0.051,0.057,2.56,0.38,2.34,2.36,2.68,1.43,0.14,1.36,1.37,1.48,122.0,6.0,119.0,122.0,125.0,46.77,2.8,45.7,47.8,48.35,13.07,0.38,12.85,12.9,13.2,18.97,0.76,18.55,18.8,19.3,,,,,,12.43,0.74,12.15,12.7,12.85,15.1,1.05,14.6,15.2,15.65,14.57,0.95,14.2,14.9,15.1,4.67,0.15,4.6,4.7,4.75,0.0,0.0,0.0,0.0,0.0,5.8,0.1,5.75,5.8,5.85,2.6,0.4,2.4,2.6,2.8,0.0,0.0,0.0,0.0,0.0,4.67,0.21,4.55,4.6,4.75,5.9,0.4,5.7,5.9,6.1,,,,,,,,,,,,,,,,16.5,0.0,16.5,16.5,16.5,15.0,0.0,15.0,15.0,15.0,,,,,,1.06,0.21,0.92,1.09,1.24,Aeration,,,1061.0,Bench-Scale,GAC,RSSCT,1.99,138.05999755859375,False,2026-04-20
1061-5-20,20.97,1.11,20.45,21.1,21.55,7.96,0.08,7.94,8.0,8.01,0.13,0.02,0.12,0.14,0.15,162.0,2.83,161.0,162.0,163.0,,,,,,200.0,1.41,199.5,200.0,200.5,152.5,0.71,152.25,152.5,152.75,0.05,0.0,0.05,0.05,0.05,150.0,46.67,133.5,150.0,166.5,2.13,0.13,2.07,2.13,2.19,71.75,27.93,61.88,71.75,81.63,0.053,0.005,0.051,0.054,0.055,2.5,0.36,2.33,2.53,2.69,1.33,0.02,1.32,1.32,1.34,141.33,25.4,134.0,156.0,156.0,44.37,0.35,44.2,44.4,44.55,13.17,0.95,12.8,13.5,13.7,18.87,1.38,18.35,19.4,19.65,,,,,,12.8,0.1,12.75,12.8,12.85,14.73,0.12,14.7,14.8,14.8,13.67,0.06,13.65,13.7,13.7,3.17,0.25,3.05,3.2,3.3,0.0,0.0,0.0,0.0,0.0,6.07,0.51,5.85,6.2,6.35,2.57,0.15,2.5,2.6,2.65,0.0,0.0,0.0,0.0,0.0,4.53,0.31,4.4,4.6,4.7,5.7,0.44,5.55,5.9,5.95,,,,,,,,,,,,,,,,16.5,0.0,16.5,16.5,16.5,15.0,0.0,15.0,15.0,15.0,,,,,,1.12,0.21,1.11,1.17,1.22,Aeration,,,1061.0,Bench-Scale,GAC,RSSCT,1.99,138.05999755859375,False,2026-05-20
1062-1-NF200B,19.55,0.0,19.55,19.55,19.55,7.37,0.0,7.37,7.37,7.37,0.07,0.0,0.07,0.07,0.07,27.5,0.0,27.5,27.5,27.5,515.5,0.0,515.5,515.5,515.5,279.8,0.0,279.8,279.8,279.8,144.1,0.0,144.1,144.1,144.1,0.09,0.04,0.08,0.08,0.09,73.5,0.0,73.5,73.5,73.5,3.0,0.0,3.0,3.0,3.0,24.5,0.0,24.5,24.5,24.5,0.059,0.0,0.059,0.059,0.059,1.97,0.0,1.97,1.97,1.97,2.56,0.0,2.56,2.56,2.56,205.0,0.0,205.0,205.0,205.0,43.3,0.0,43.3,43.3,43.3,24.55,0.0,24.55,24.55,24.55,30.15,0.0,30.15,30.15,30.15,,,,,,19.5,0.0,19.5,19.5,19.5,15.5,0.0,15.5,15.5,15.5,8.3,0.0,8.3,8.3,8.3,0.0,0.0,0.0,0.0,0.0,0.0,0.0,0.0,0.0,0.0,13.0,0.0,13.0,13.0,13.0,9.45,0.0,9.45,9.45,9.45,0.0,0.0,0.0,0.0,0.0,2.1,0.0,2.1,2.1,2.1,5.6000000000000005,0.0,5.6000000000000005,5.6000000000000005,5.6000000000000005,,,,,,,,,,,,,,,,29.75,0.33,29.75,29.75,30.0,12.2,0.52,11.9,11.9,12.48,8.48,0.14,8.36,8.43,8.63,1.45,0.08,1.39,1.4,1.53,Lime softening,220.0,mg/L,1062.0,Bench-Scale,Membrane,RBSMT,3.5125,93.375,True,
1062-1-NF70,21.8,0.0,21.8,21.8,21.8,7.49,0.0,7.49,7.49,7.49,0.11,0.0,0.11,0.11,0.11,44.5,0.0,44.5,44.5,44.5,451.5,0.0,451.5,451.5,451.5,238.64,0.0,238.64,238.64,238.64,88.02,0.0,88.02,88.02,88.02,0.09,0.04,0.08,0.08,0.09,77.0,0.0,77.0,77.0,77.0,3.7,0.0,3.7,3.7,3.7,20.81,0.0,20.81,20.81,20.81,0.07,0.0,0.07,0.07,0.07,1.89,0.0,1.89,1.89,1.89,2.86,0.0,2.86,2.86,2.86,420.0,0.0,420.0,420.0,420.0,59.85,0.0,59.85,59.85,59.85,40.55,0.0,40.55,40.55,40.55,47.0,0.0,47.0,47.0,47.0,,,,,,33.0,0.0,33.0,33.0,33.0,19.5,0.0,19.5,19.5,19.5,7.35,0.0,7.35,7.35,7.35,0.0,0.0,0.0,0.0,0.0,0.0,0.0,0.0,0.0,0.0,19.0,0.0,19.0,19.0,19.0,20.0,0.0,20.0,20.0,20.0,0.0,0.0,0.0,0.0,0.0,1.55,0.0,1.55,1.55,1.55,6.45,0.0,6.45,6.45,6.45,,,,,,,,,,,,,,,,47.75,0.71,48.0,48.0,48.0,11.74,0.54,11.35,11.58,11.85,8.34,0.21,8.15,8.3,8.51,1.66,0.2,1.5,1.57,1.76,Lime softening,220.0,mg/L,1062.0,Bench-Scale,Membrane,RBSMT,3.5125,93.375,True,
1062-1-NTR7450,20.6,0.0,20.6,20.6,20.6,7.44,0.0,7.44,7.44,7.44,0.06,0.0,0.06,0.06,0.06,45.0,0.0,45.0,45.0,45.0,539.5,0.0,539.5,539.5,539.5,326.13,0.0,326.13,326.13,326.13,127.6,0.0,127.6,127.6,127.6,0.09,0.04,0.08,0.08,0.09,99.5,0.0,99.5,99.5,99.5,3.6,0.0,3.6,3.6,3.6,27.64,0.0,27.64,27.64,27.64,0.061,0.0,0.061,0.061,0.061,1.69,0.0,1.69,1.69,1.69,3.17,0.0,3.17,3.17,3.17,165.0,0.0,165.0,165.0,165.0,42.6,0.0,42.6,42.6,42.6,23.75,0.0,23.75,23.75,23.75,30.65,0.0,30.65,30.65,30.65,30.65,0.0,30.65,30.65,30.65,17.5,0.0,17.5,17.5,17.5,15.5,0.0,15.5,15.5,15.5,8.9,0.0,8.9,8.9,8.9,1.4,0.0,1.4,1.4,1.4,0.0,0.0,0.0,0.0,0.0,12.0,0.0,12.0,12.0,12.0,8.85,0.0,8.85,8.85,8.85,0.0,0.0,0.0,0.0,0.0,2.9,0.0,2.9,2.9,2.9,6.9,0.0,6.9,6.9,6.9,0.0,0.0,0.0,0.0,0.0,0.0,0.0,0.0,0.0,0.0,0.0,0.0,0.0,0.0,0.0,30.63,0.67,30.0,30.63,31.25,5.55,0.29,5.3500000000000005,5.38,5.7,8.35,0.02,8.34,8.35,8.35,1.47,0.09,1.43,1.43,1.47,Lime softening,220.0,mg/L,1062.0,Bench-Scale,Membrane,RBSMT,3.5125,93.375,True,
1062-1-TFC-S,21.6,0.0,21.6,21.6,21.6,7.46,0.0,7.46,7.46,7.46,0.11,0.0,0.11,0.11,0.11,40.0,0.0,40.0,40.0,40.0,439.0,0.0,439.0,439.0,439.0,240.08,0.0,240.08,240.08,240.08,88.64,0.0,88.64,88.64,88.64,0.09,0.04,0.08,0.08,0.09,72.5,0.0,72.5,72.5,72.5,3.6,0.0,3.6,3.6,3.6,20.14,0.0,20.14,20.14,20.14,0.064,0.0,0.064,0.064,0.064,1.76,0.0,1.76,1.76,1.76,2.89,0.0,2.89,2.89,2.89,417.5,0.0,417.5,417.5,417.5,66.15,0.0,66.15,66.15,66.15,44.05,0.0,44.05,44.05,44.05,50.3,0.0,50.3,50.3,50.3,,,,,,36.5,0.0,36.5,36.5,36.5,21.5,0.0,21.5,21.5,21.5,8.15,0.0,8.15,8.15,8.15,0.0,0.0,0.0,0.0,0.0,0.0,0.0,0.0,0.0,0.0,20.0,0.0,20.0,20.0,20.0,22.5,0.0,22.5,22.5,22.5,0.0,0.0,0.0,0.0,0.0,1.55,0.0,1.55,1.55,1.55,6.25,0.0,6.25,6.25,6.25,,,,,,,,,,,,,,,,47.69,0.32,47.69,47.75,47.81,11.88,0.44,11.83,12.05,12.05,8.28,0.21,8.09,8.26,8.46,1.59,0.12,1.52,1.52,1.67,Lime softening,220.0,mg/L,1062.0,Bench-Scale,Membrane,RBSMT,3.5125,93.375,True,
1062-2-NF70,20.45,0.0,20.45,20.45,20.45,7.38,0.0,7.38,7.38,7.38,0.08,0.0,0.08,0.08,0.08,78.0,0.0,78.0,78.0,78.0,525.0,0.0,525.0,525.0,525.0,282.52,0.0,282.52,282.52,282.52,141.21,0.0,141.21,141.21,141.21,0.09,0.04,0.08,0.08,0.09,120.0,0.0,120.0,120.0,120.0,3.6,0.0,3.6,3.6,3.6,33.33,0.0,33.33,33.33,33.33,0.064,0.0,0.064,0.064,0.064,1.78,0.0,1.78,1.78,1.78,3.1,0.0,3.1,3.1,3.1,410.0,0.0,410.0,410.0,410.0,70.7,0.0,70.7,70.7,70.7,32.1,0.0,32.1,32.1,32.1,39.45,0.0,39.45,39.45,39.45,,,,,,35.0,0.0,35.0,35.0,35.0,23.0,0.0,23.0,23.0,23.0,11.5,0.0,11.5,11.5,11.5,1.2,0.0,1.2,1.2,1.2,1.2,0.0,1.2,1.2,1.2,15.0,0.0,15.0,15.0,15.0,13.5,0.0,13.5,13.5,13.5,0.0,0.0,0.0,0.0,0.0,2.4,0.0,2.4,2.4,2.4,7.35,0.0,7.35,7.35,7.35,,,,,,,,,,,,,,,,24.25,0.53,24.34,24.38,24.41,19.23,0.19,19.24,19.25,19.29,8.41,0.18,8.25,8.370000000000001,8.52,1.41,0.33,1.14,1.29,1.58,Lime softening,220.0,mg/L,1062.0,Bench-Scale,Membrane,RBSMT,3.5125,93.375,True,
1062-2-TFC-S,17.650000000000002,0.0,17.650000000000002,17.650000000000002,17.650000000000002,7.42,0.0,7.42,7.42,7.42,0.09,0.0,0.09,0.09,0.09,82.0,0.0,82.0,82.0,82.0,529.5,0.0,529.5,529.5,529.5,292.87,0.0,292.87,292.87,292.87,147.08,0.0,147.08,147.08,147.08,0.09,0.04,0.08,0.08,0.09,130.0,0.0,130.0,130.0,130.0,3.75,0.0,3.75,3.75,3.75,34.67,0.0,34.67,34.67,34.67,0.062,0.0,0.062,0.062,0.062,1.65,0.0,1.65,1.65,1.65,3.11,0.0,3.11,3.11,3.11,407.5,0.0,407.5,407.5,407.5,70.45,0.0,70.45,70.45,70.45,30.9,0.0,30.9,30.9,30.9,38.7,0.0,38.7,38.7,38.7,,,,,,34.0,0.0,34.0,34.0,34.0,23.0,0.0,23.0,23.0,23.0,12.0,0.0,12.0,12.0,12.0,1.45,0.0,1.45,1.45,1.45,1.1,0.0,1.1,1.1,1.1,15.0,0.0,15.0,15.0,15.0,12.0,0.0,12.0,12.0,12.0,0.0,0.0,0.0,0.0,0.0,2.8000000000000003,0.0,2.8000000000000003,2.8000000000000003,2.8000000000000003,7.8,0.0,7.8,7.8,7.8,,,,,,,,,,,,,,,,23.84,0.64,23.5,23.5,24.5,18.86,0.29,18.8,18.8,19.03,8.35,0.07,8.3,8.32,8.39,1.37,0.19,1.2,1.34,1.51,Lime softening,220.0,mg/L,1062.0,Bench-Scale,Membrane,RBSMT,3.5125,93.375,True,
1062-3-NF70,20.7,0.0,20.7,20.7,20.7,7.35,0.0,7.35,7.35,7.35,0.06,0.0,0.06,0.06,0.06,26.0,0.0,26.0,26.0,26.0,537.5,0.0,537.5,537.5,537.5,280.36,0.0,280.36,280.36,280.36,143.46,0.0,143.46,143.46,143.46,0.09,0.04,0.08,0.08,0.09,75.0,0.0,75.0,75.0,75.0,3.0500000000000003,0.0,3.0500000000000003,3.0500000000000003,3.0500000000000003,24.59,0.0,24.59,24.59,24.59,0.053,0.0,0.053,0.053,0.053,1.74,0.0,1.74,1.74,1.74,2.64,0.0,2.64,2.64,2.64,197.5,0.0,197.5,197.5,197.5,42.79,0.22,42.79,42.9,42.9,30.5,0.0,30.5,30.5,30.5,38.15,0.0,38.15,38.15,38.15,,,,,,19.0,0.0,19.0,19.0,19.0,15.5,0.0,15.5,15.5,15.5,7.95,0.0,7.95,7.95,7.95,0.34,0.23,0.34,0.45,0.45,0.0,0.0,0.0,0.0,0.0,15.0,0.0,15.0,15.0,15.0,13.0,0.0,13.0,13.0,13.0,0.0,0.0,0.0,0.0,0.0,2.5,0.0,2.5,2.5,2.5,7.65,0.0,7.65,7.65,7.65,,,,,,,,,,,,,,,,29.75,0.5700000000000001,29.56,29.75,29.94,11.86,0.4,11.78,11.9,12.0,8.49,0.16,8.34,8.48,8.63,1.44,0.09,1.36,1.46,1.52,Lime softening,220.0,mg/L,1062.0,Bench-Scale,Membrane,RBSMT,3.5125,93.375,True,
1062-4-NF70,19.7,0.0,19.7,19.7,19.7,7.32,0.0,7.32,7.32,7.32,0.07,0.0,0.07,0.07,0.07,46.0,0.0,46.0,46.0,46.0,569.5,0.0,569.5,569.5,569.5,322.87,0.0,322.87,322.87,322.87,124.98,0.0,124.98,124.98,124.98,0.09,0.04,0.08,0.08,0.09,98.0,0.0,98.0,98.0,98.0,3.7,0.0,3.7,3.7,3.7,26.49,0.0,26.49,26.49,26.49,0.062,0.0,0.062,0.062,0.062,1.68,0.0,1.68,1.68,1.68,2.93,0.0,2.93,2.93,2.93,205.0,0.0,205.0,205.0,205.0,40.95,0.0,40.95,40.95,40.95,26.25,0.0,26.25,26.25,26.25,33.35,0.0,33.35,33.35,33.35,33.35,0.0,33.35,33.35,33.35,17.0,0.0,17.0,17.0,17.0,15.0,0.0,15.0,15.0,15.0,8.35,0.0,8.35,8.35,8.35,0.6,0.0,0.6,0.6,0.6,0.0,0.0,0.0,0.0,0.0,13.0,0.0,13.0,13.0,13.0,10.65,0.0,10.65,10.65,10.65,0.0,0.0,0.0,0.0,0.0,2.6,0.0,2.6,2.6,2.6,7.1000000000000005,0.0,7.1000000000000005,7.1000000000000005,7.1000000000000005,0.0,0.0,0.0,0.0,0.0,0.0,0.0,0.0,0.0,0.0,0.0,0.0,0.0,0.0,0.0,30.75,0.71,30.0,31.0,31.0,5.15,0.25,5.05,5.05,5.25,8.53,0.28,8.27,8.49,8.78,1.46,0.12,1.37,1.5,1.57,Lime softening,220.0,mg/L,1062.0,Bench-Scale,Membrane,RBSMT,3.5125,93.375,True,
1063-1-16.7,19.53,2.89,18.6,21.0,21.2,7.67,0.1,7.63,7.7,7.73,0.13,0.03,0.12,0.13,0.15,165.0,7.07,162.5,165.0,167.5,,,,,,210.5,13.44,205.75,210.5,215.25,166.0,18.38,159.5,166.0,172.5,0.05,0.0,0.05,0.05,0.05,75.0,12.73,70.5,75.0,79.5,2.14,0.07,2.12,2.18,2.18,34.32,5.71,32.3,34.32,36.34,0.033,0.001,0.033,0.033,0.033,1.53,0.03,1.52,1.53,1.55,1.04,0.1,0.99,1.0,1.08,122.17,33.5,103.75,114.0,136.5,39.63,3.02,38.5,40.8,41.35,13.57,3.87,12.4,15.7,15.8,18.9,5.8,17.15,22.1,22.25,,,,,,8.3,0.75,7.95,8.4,8.7,11.17,0.95,10.8,11.5,11.7,14.7,1.22,14.3,15.3,15.4,5.47,0.15,5.4,5.5,5.55,0.0,0.0,0.0,0.0,0.0,5.4,1.91,4.8,6.4,6.5,2.4,0.7,2.0,2.1,2.65,0.9,0.78,0.65,1.3,1.35,4.87,1.88,4.3,5.9,5.95,5.33,1.93,4.75,6.4,6.45,,,,,,,,,,,,,,,,16.5,0.0,16.5,16.5,16.5,15.0,0.0,15.0,15.0,15.0,,,,,,1.04,0.11,0.96,1.06,1.11,Ozonation,1.66,mg/L,1063.0,Bench-Scale,GAC,RSSCT,2.1,95.75,False,
1063-1-8.4,19.53,2.89,18.6,21.0,21.2,7.67,0.1,7.63,7.7,7.73,0.13,0.03,0.12,0.13,0.15,165.0,7.07,162.5,165.0,167.5,,,,,,210.5,13.44,205.75,210.5,215.25,166.0,18.38,159.5,166.0,172.5,0.05,0.0,0.05,0.05,0.05,75.0,12.73,70.5,75.0,79.5,2.14,0.07,2.12,2.18,2.18,34.32,5.71,32.3,34.32,36.34,0.033,0.001,0.033,0.033,0.033,1.53,0.03,1.52,1.53,1.55,1.04,0.1,0.99,1.0,1.08,122.17,33.5,103.75,114.0,136.5,39.63,3.02,38.5,40.8,41.35,13.1,3.52,11.8,14.5,15.1,18.43,5.43,16.6,21.0,21.55,,,,,,8.3,0.75,7.95,8.4,8.7,11.17,0.95,10.8,11.5,11.7,14.7,1.22,14.3,15.3,15.4,5.47,0.15,5.4,5.5,5.55,0.0,0.0,0.0,0.0,0.0,5.4,1.91,4.8,6.4,6.5,2.4,0.7,2.0,2.1,2.65,0.43,0.75,0.0,0.0,0.65,4.87,1.88,4.3,5.9,5.95,5.33,1.93,4.75,6.4,6.45,,,,,,,,,,,,,,,,16.5,0.0,16.5,16.5,16.5,15.0,0.0,15.0,15.0,15.0,,,,,,1.08,0.1,1.02,1.06,1.16,Ozonation,1.66,mg/L,1063.0,Bench-Scale,GAC,RSSCT,2.1,95.75,False,
1063-2-10,20.87,1.6,20.1,21.0,21.7,7.59,0.27,7.44,7.5,7.7,0.13,0.03,0.12,0.14,0.15,186.0,11.31,182.0,186.0,190.0,,,,,,225.5,2.12,224.75,225.5,226.25,180.0,11.31,176.0,180.0,184.0,0.05,0.0,0.05,0.05,0.05,116.5,4.95,114.75,116.5,118.25,2.06,0.04,2.04,2.04,2.08,56.19,3.73,54.87,56.19,57.51,0.034,0.001,0.034,0.034,0.035,1.65,0.03,1.64,1.66,1.66,1.24,0.12,1.19,1.26,1.3,80.03,4.61,77.8,80.3,82.4,33.5,0.92,33.1,33.7,34.0,8.07,0.51,7.85,8.2,8.35,11.8,0.72,11.5,12.0,12.2,,,,,,5.3,0.0,5.3,5.3,5.3,9.7,0.46,9.5,9.8,9.95,13.4,0.53,13.2,13.6,13.7,5.1,0.36,4.95,5.2,5.3,0.0,0.0,0.0,0.0,0.0,2.9,0.1,2.85,2.9,2.95,1.27,0.06,1.25,1.3,1.3,0.0,0.0,0.0,0.0,0.0,3.9,0.36,3.75,4.0,4.1,3.73,0.21,3.65,3.8,3.85,,,,,,,,,,,,,,,,16.5,0.0,16.5,16.5,16.5,15.0,0.0,15.0,15.0,15.0,,,,,,1.12,0.09,1.05,1.14,1.19,Ozonation,1.27,mg/L,1063.0,Bench-Scale,GAC,RSSCT,2.1,95.75,False,2026-02-10
1063-2-20,20.87,1.6,20.1,21.0,21.7,7.59,0.27,7.44,7.5,7.7,0.14,0.03,0.13,0.14,0.15,186.0,11.31,182.0,186.0,190.0,,,,,,225.5,2.12,224.75,225.5,226.25,180.0,11.31,176.0,180.0,184.0,0.05,0.0,0.05,0.05,0.05,116.5,4.95,114.75,116.5,118.25,2.06,0.04,2.04,2.04,2.08,56.19,3.73,54.87,56.19,57.51,0.034,0.001,0.034,0.034,0.035,1.65,0.03,1.64,1.66,1.66,1.24,0.12,1.19,1.26,1.3,80.03,4.61,77.8,80.3,82.4,33.5,0.92,33.1,33.7,34.0,8.07,0.51,7.85,8.2,8.35,11.8,0.72,11.5,12.0,12.2,,,,,,5.3,0.0,5.3,5.3,5.3,9.7,0.46,9.5,9.8,9.95,13.4,0.53,13.2,13.6,13.7,5.1,0.36,4.95,5.2,5.3,0.0,0.0,0.0,0.0,0.0,2.9,0.1,2.85,2.9,2.95,1.27,0.06,1.25,1.3,1.3,0.0,0.0,0.0,0.0,0.0,3.9,0.36,3.75,4.0,4.1,3.73,0.21,3.65,3.8,3.85,,,,,,,,,,,,,,,,16.5,0.0,16.5,16.5,16.5,15.0,0.0,15.0,15.0,15.0,,,,,,1.08,0.08,1.05,1.09,1.15,Ozonation,1.27,mg/L,1063.0,Bench-Scale,GAC,RSSCT,2.1,95.75,False,2026-02-20
1064-1-10,20.13,0.15,20.05,20.1,20.2,8.05,0.14,8.0,8.1,8.13,0.11,0.02,0.11,0.12,0.13,160.0,0.0,160.0,160.0,160.0,,,,,,242.0,1.41,241.5,242.0,242.5,132.5,0.71,132.25,132.5,132.75,0.25,0.18,0.12,0.18,0.25,435.0,7.07,432.5,435.0,437.5,4.57,0.08,4.54,4.59,4.62,94.27,2.34,93.44,94.27,95.1,0.078,0.001,0.077,0.078,0.078,1.7,0.02,1.69,1.7,1.71,2.53,0.12,2.47,2.53,2.59,258.33,17.56,250.0,260.0,267.5,168.5,0.0,168.5,168.5,168.5,,,,,,,,,,,,,,,,12.4,0.0,12.4,12.4,12.4,20.5,0.0,20.5,20.5,20.5,71.6,0.0,71.6,71.6,71.6,64.0,0.0,64.0,64.0,64.0,,,,,,,,,,,,,,,,0.0,0.0,0.0,0.0,0.0,,,,,,,,,,,,,,,,,,,,,,,,,,23.44,0.42,23.08,23.33,24.0,20.0,0.0,20.0,20.0,20.0,8.47,0.09,8.4,8.48,8.53,0.95,0.13,0.86,0.92,1.0,Coagulation,15.0,mg/L,1064.0,Bench-Scale,GAC,RSSCT,4.34,543.1300048828125,False,2026-01-10
1064-1-20,20.5,0.44,20.25,20.3,20.65,8.19,0.17,8.11,8.22,8.28,0.1,0.04,0.08,0.09,0.12,153.5,9.19,150.25,153.5,156.75,,,,,,246.0,7.07,243.5,246.0,248.5,134.5,4.95,132.75,134.5,136.25,0.05,0.0,0.05,0.05,0.05,440.0,0.0,440.0,440.0,440.0,4.68,0.08,4.64,4.67,4.72,93.32,1.19,92.9,93.32,93.74,0.08,0.006,0.076,0.078,0.082,1.71,0.16,1.62,1.67,1.77,2.59,0.05,2.56,2.57,2.61,243.33,15.28,235.0,240.0,250.0,177.75,23.7,171.83,177.75,183.68,,,,,,,,,,,,,,,,0.0,0.0,0.0,0.0,0.0,29.2,26.2,22.65,29.2,35.75,74.1,8.2,72.05,74.1,76.15,74.45,5.7,73.03,74.45,75.88,,,,,,,,,,,,,,,,,,,,,,,,,,,,,,,,,,,,,,,,,,,,,,23.81,0.57,23.5,24.0,24.05,20.0,0.0,20.0,20.0,20.0,8.49,0.08,8.5,8.5,8.5,0.92,0.1,0.88,0.9,0.93,Coagulation,4.0,mg/L,1064.0,Bench-Scale,GAC,RSSCT,4.34,543.1300048828125,False,2026-01-20
1064-2-10,21.63,0.32,21.45,21.5,21.75,7.97,0.09,7.92,7.94,8.01,0.14,0.02,0.14,0.14,0.15,165.5,0.71,165.25,165.5,165.75,,,,,,255.0,0.0,255.0,255.0,255.0,137.0,0.0,137.0,137.0,137.0,0.05,0.0,0.05,0.05,0.05,445.0,7.07,442.5,445.0,447.5,4.66,0.28,4.51,4.58,4.78,98.79,0.76,98.52,98.79,99.06,0.081,0.004,0.078,0.079,0.082,1.73,0.05,1.7,1.71,1.75,4.35,0.86,4.0,4.61,4.83,286.67,30.55,270.0,280.0,300.0,256.9,36.01,236.95,247.1,271.95,,,,,,,,,,,,,,,,12.77,13.28,5.9,11.8,19.15,63.6,12.48,56.9,61.5,69.25,78.63,6.71,74.8,75.8,81.05,101.9,4.46,99.35,100.0,103.5,,,,,,,,,,,,,,,,,,,,,,,,,,,,,,,,,,,,,,,,,,,,,,24.02,0.41,23.77,24.0,24.24,20.0,0.0,20.0,20.0,20.0,8.37,0.05,8.35,8.4,8.4,0.61,0.33,0.48,0.6,0.64,Coagulation,4.0,mg/L,1064.0,Bench-Scale,GAC,RSSCT,4.34,543.1300048828125,False,2026-02-10
1064-2-20,21.67,0.4,21.55,21.9,21.9,8.08,0.14,8.01,8.05,8.14,0.13,0.03,0.11,0.11,0.14,166.0,0.0,166.0,166.0,166.0,,,,,,259.0,0.0,259.0,259.0,259.0,140.5,2.12,139.75,140.5,141.25,0.05,0.0,0.05,0.05,0.05,460.0,0.0,460.0,460.0,460.0,4.47,0.25,4.34,4.43,4.58,100.54,4.66,98.9,100.54,102.19,0.082,0.002,0.081,0.081,0.083,1.84,0.12,1.81,1.91,1.91,4.52,0.51,4.25,4.41,4.75,283.33,28.87,275.0,300.0,300.0,261.17,52.03,234.7,259.3,286.7,,,,,,,,,,,,,,,,23.6,18.84,12.75,14.1,29.7,68.03,28.09,53.6,66.4,81.65,76.27,8.36,71.5,72.8,79.3,93.27,11.06,86.9,87.7,96.85,,,,,,,,,,,,,,,,,,,,,,,,,,,,,,,,,,,,,,,,,,,,,,24.17,0.33,23.99,24.09,24.29,20.0,0.0,20.0,20.0,20.0,8.38,0.04,8.4,8.4,8.4,0.63,0.29,0.54,0.61,0.73,Coagulation,4.0,mg/L,1064.0,Bench-Scale,GAC,RSSCT,4.34,543.1300048828125,False,2026-02-20
1064-3-10,19.97,0.42,19.8,20.1,20.2,8.17,0.05,8.15,8.17,8.2,0.16,0.02,0.15,0.16,0.17,170.0,0.0,170.0,170.0,170.0,,,,,,246.5,19.09,239.75,246.5,253.25,121.0,16.97,115.0,121.0,127.0,0.09,0.04,0.06,0.08,0.09,630.0,14.14,625.0,630.0,635.0,5.12,0.07,5.09,5.11,5.16,122.86,5.13,121.04,122.86,124.67,0.081,0.002,0.081,0.081,0.082,1.59,0.01,1.58,1.59,1.59,2.47,0.15,2.42,2.53,2.56,328.33,24.66,320.0,340.0,342.5,144.96,21.4,135.11,148.0,156.34,,,,,,,,,,,,,,,,17.98,11.35,12.19,17.48,23.53,27.46,4.84,25.29,28.33,30.07,51.2,3.85,49.68,52.49,53.37,48.32,1.86,47.63,49.05,49.38,,,,,,,,,,,,,,,,,,,,,,,,,,,,,,,,,,,,,,,,,,,,,,23.08,0.0,23.08,23.08,23.08,20.0,0.0,20.0,20.0,20.0,8.5,0.0,8.5,8.5,8.5,1.26,0.15,1.2,1.2,1.38,Coagulation,4.0,mg/L,1064.0,Bench-Scale,GAC,RSSCT,4.34,543.1300048828125,False,2026-03-10
1064-3-20,20.53,1.27,19.8,19.9,20.95,8.09,0.08,8.05,8.09,8.13,0.19,0.03,0.18,0.19,0.21,173.0,4.24,171.5,173.0,174.5,,,,,,243.5,3.54,242.25,243.5,244.75,111.0,1.41,110.5,111.0,111.5,0.14,0.01,0.13,0.13,0.14,625.0,7.07,622.5,625.0,627.5,5.1,0.11,5.04,5.1,5.15,123.97,3.26,122.82,123.97,125.12,0.085,0.002,0.084,0.086,0.087,1.68,0.07,1.64,1.66,1.7,2.47,1.29,1.92,2.79,3.18,300.0,0.0,300.0,300.0,300.0,47.08,14.74,40.77,50.65,55.18,,,,,,,,,,,,,,,,0.0,0.0,0.0,0.0,0.0,0.0,0.0,0.0,0.0,0.0,13.12,11.54,8.83,17.66,19.69,33.96,3.66,31.94,32.99,35.5,,,,,,,,,,,,,,,,,,,,,,,,,,,,,,,,,,,,,,,,,,,,,,23.79,0.53,23.42,23.78,24.25,20.0,0.0,20.0,20.0,20.0,8.41,0.05,8.4,8.4,8.4,1.34,0.42,1.03,1.2,1.6,Coagulation,15.0,mg/L,1064.0,Bench-Scale,GAC,RSSCT,4.34,543.1300048828125,False,2026-03-20
1064-4-10,21.03,0.49,20.75,20.8,21.2,7.85,0.2,7.75,7.84,7.95,0.28,0.03,0.26,0.26,0.29,176.0,2.83,175.0,176.0,177.0,,,,,,243.0,1.41,242.5,243.0,243.5,115.0,0.0,115.0,115.0,115.0,0.05,0.0,0.05,0.05,0.05,645.0,21.21,637.5,645.0,652.5,3.04,0.45,2.81,2.99,3.25,230.59,14.35,225.51,230.59,235.66,0.083,0.002,0.082,0.083,0.084,2.78,0.47,2.54,2.77,3.02,1.81,0.3,1.66,1.81,1.96,295.0,20.0,285.0,295.0,305.0,141.73,6.68,137.9,138.76,144.07,,,,,,,,,,,,,,,,7.53,6.68,4.94,9.87,11.3,31.16,2.99,29.82,31.7,32.77,51.16,5.72,48.28,51.06,53.99,51.88,1.71,50.89,50.89,52.38,,,,,,,,,,,,,,,,,,,,,,,,,,,,,,,,,,,,,,,,,,,,,,23.17,0.24,23.09,23.2,23.4,20.5,0.0,20.5,20.5,20.5,8.41,0.08,8.38,8.4,8.5,0.87,0.1,0.8,0.85,0.95,Coagulation,4.0,mg/L,1064.0,Bench-Scale,GAC,RSSCT,4.34,543.1300048828125,False,2026-04-10
1064-4-20,20.33,0.21,20.25,20.4,20.45,7.92,0.06,7.89,7.93,7.95,0.25,0.02,0.24,0.24,0.26,179.0,1.41,178.5,179.0,179.5,,,,,,255.0,21.21,247.5,255.0,262.5,95.6,26.02,86.4,95.6,104.8,0.05,0.0,0.05,0.05,0.05,665.0,7.07,662.5,665.0,667.5,3.06,0.32,2.95,3.21,3.24,224.78,28.83,214.59,224.78,234.98,0.082,0.005,0.079,0.081,0.084,2.7,0.45,2.44,2.46,2.84,1.77,0.12,1.71,1.75,1.83,270.0,0.0,270.0,270.0,270.0,132.73,3.21,131.55,134.03,134.56,,,,,,,,,,,,,,,,12.39,4.35,10.14,12.06,14.48,28.51,2.2,27.41,28.5,29.61,44.18,0.99,43.74,44.36,44.72,47.65,1.32,47.1,48.0,48.38,,,,,,,,,,,,,,,,,,,,,,,,,,,,,,,,,,,,,,,,,,,,,,23.36,0.3,23.09,23.4,23.4,20.5,0.0,20.5,20.5,20.5,8.38,0.06,8.33,8.4,8.4,0.87,0.11,0.8,0.9,1.0,Coagulation,4.0,mg/L,1064.0,Bench-Scale,GAC,RSSCT,4.34,543.1300048828125,False,2026-04-20
1065-1-10,24.33,0.21,24.25,24.4,24.45,7.37,0.28,7.25,7.44,7.52,0.29,0.04,0.27,0.3,0.31,135.0,0.0,135.0,135.0,135.0,,,,,,160.0,2.83,159.0,160.0,161.0,100.7,1.84,100.05,100.7,101.35,0.05,0.0,0.05,0.05,0.05,255.5,9.19,252.25,255.5,258.75,5.47,0.35,5.29,5.45,5.64,48.31,0.33,48.19,48.31,48.42,0.104,0.006,0.102,0.105,0.108,1.91,0.11,1.86,1.91,1.96,1.97,1.03,1.46,1.98,2.49,225.0,0.0,225.0,225.0,225.0,108.0,0.0,108.0,108.0,108.0,23.13,0.0,23.13,23.13,23.13,37.63,0.0,37.63,37.63,37.63,,,,,,17.1,0.0,17.1,17.1,17.1,37.6,0.0,37.6,37.6,37.6,43.0,0.0,43.0,43.0,43.0,10.3,0.0,10.3,10.3,10.3,0.0,0.0,0.0,0.0,0.0,7.4,0.0,7.4,7.4,7.4,4.33,0.0,4.33,4.33,4.33,0.0,0.0,0.0,0.0,0.0,11.4,0.0,11.4,11.4,11.4,14.5,0.0,14.5,14.5,14.5,,,,,,,,,,,,,,,,45.0,0.0,45.0,45.0,45.0,24.6,0.45,24.5,24.6,24.9,7.48,0.18,7.38,7.47,7.6,0.4,0.49,0.02,0.13,0.72,Coagulation,1.98,mg/L,1065.0,Bench-Scale,GAC,RSSCT,5.47,255.5,False,2026-01-10
1065-1-20,24.33,0.21,24.25,24.4,24.45,7.37,0.28,7.25,7.44,7.52,0.29,0.04,0.27,0.3,0.31,135.0,0.0,135.0,135.0,135.0,,,,,,160.0,2.83,159.0,160.0,161.0,100.7,1.84,100.05,100.7,101.35,0.05,0.0,0.05,0.05,0.05,255.5,9.19,252.25,255.5,258.75,5.47,0.35,5.29,5.45,5.64,48.31,0.33,48.19,48.31,48.42,0.104,0.006,0.102,0.105,0.108,1.91,0.11,1.86,1.91,1.96,1.97,1.03,1.46,1.98,2.49,225.0,0.0,225.0,225.0,225.0,108.0,0.0,108.0,108.0,108.0,23.13,0.0,23.13,23.13,23.13,37.63,0.0,37.63,37.63,37.63,,,,,,17.1,0.0,17.1,17.1,17.1,37.6,0.0,37.6,37.6,37.6,43.0,0.0,43.0,43.0,43.0,10.3,0.0,10.3,10.3,10.3,0.0,0.0,0.0,0.0,0.0,7.4,0.0,7.4,7.4,7.4,4.33,0.0,4.33,4.33,4.33,0.0,0.0,0.0,0.0,0.0,11.4,0.0,11.4,11.4,11.4,14.5,0.0,14.5,14.5,14.5,,,,,,,,,,,,,,,,45.0,0.0,45.0,45.0,45.0,24.53,0.45,24.28,24.5,24.9,7.53,0.18,7.47,7.53,7.64,0.78,0.49,0.36,0.85,1.18,Coagulation,1.98,mg/L,1065.0,Bench-Scale,GAC,RSSCT,5.47,255.5,False,2026-01-20
1066-1-10,21.15,2.9,20.43,21.15,21.88,6.41,0.75,6.22,6.41,6.59,0.38,0.05,0.36,0.38,0.39,0.0,0.0,0.0,0.0,0.0,,,,,,17.0,0.0,17.0,17.0,17.0,9.85,0.21,9.78,9.85,9.93,0.05,0.0,0.05,0.05,0.05,27.5,4.95,25.75,27.5,29.25,2.8,0.2,2.75,2.8,2.85,9.88,2.27,9.08,9.88,10.68,0.048,0.003,0.047,0.048,0.048,1.7,0.23,1.64,1.7,1.76,1.49,0.19,1.44,1.49,1.53,167.5,5.0,166.25,167.5,168.75,26.05,3.7,25.13,26.05,26.98,24.55,2.3,23.98,24.55,25.13,26.7,2.2,26.15,26.7,27.25,,,,,,18.5,3.0,17.75,18.5,19.25,7.55,0.7,7.38,7.55,7.73,0.0,0.0,0.0,0.0,0.0,0.0,0.0,0.0,0.0,0.0,2.65,0.1,2.63,2.65,2.68,10.4,1.2,10.1,10.4,10.7,11.5,1.0,11.25,11.5,11.75,0.0,0.0,0.0,0.0,0.0,0.0,0.0,0.0,0.0,0.0,2.15,0.1,2.13,2.15,2.18,,,,,,,,,,,,,,,,6.0,0.0,6.0,6.0,6.0,13.0,0.0,13.0,13.0,13.0,7.5,0.0,7.5,7.5,7.5,0.81,0.22,0.68,0.91,0.97,Carbon contact,2.0,mg/L,1066.0,Bench-Scale,GAC,RSSCT,2.68,23.8799991607666,False,2026-01-10
1066-1-20,21.15,2.9,20.43,21.15,21.88,6.41,0.75,6.22,6.41,6.59,0.38,0.05,0.36,0.38,0.39,0.0,0.0,0.0,0.0,0.0,,,,,,17.0,0.0,17.0,17.0,17.0,9.85,0.21,9.78,9.85,9.93,0.05,0.0,0.05,0.05,0.05,27.5,4.95,25.75,27.5,29.25,2.8,0.2,2.75,2.8,2.85,9.88,2.27,9.08,9.88,10.68,0.048,0.003,0.047,0.048,0.048,1.7,0.23,1.64,1.7,1.76,1.49,0.19,1.44,1.49,1.53,167.5,5.0,166.25,167.5,168.75,26.05,3.7,25.13,26.05,26.98,24.55,2.3,23.98,24.55,25.13,26.7,2.2,26.15,26.7,27.25,,,,,,18.5,3.0,17.75,18.5,19.25,7.55,0.7,7.38,7.55,7.73,0.0,0.0,0.0,0.0,0.0,0.0,0.0,0.0,0.0,0.0,2.65,0.1,2.63,2.65,2.68,10.4,1.2,10.1,10.4,10.7,11.5,1.0,11.25,11.5,11.75,0.0,0.0,0.0,0.0,0.0,0.0,0.0,0.0,0.0,0.0,2.15,0.1,2.13,2.15,2.18,,,,,,,,,,,,,,,,6.0,0.0,6.0,6.0,6.0,13.0,0.0,13.0,13.0,13.0,7.5,0.0,7.5,7.5,7.5,0.87,0.19,0.8,0.95,1.0,Carbon contact,2.0,mg/L,1066.0,Bench-Scale,GAC,RSSCT,2.68,23.8799991607666,False,2026-01-20
1066-2-10,21.97,0.85,21.65,22.3,22.45,6.84,1.35,6.06,6.07,7.24,0.18,0.04,0.17,0.19,0.2,0.0,0.0,0.0,0.0,0.0,,,,,,17.5,0.71,17.25,17.5,17.75,9.25,0.35,9.13,9.25,9.38,0.2,0.0,0.2,0.2,0.2,27.5,2.12,26.75,27.5,28.25,3.57,0.21,3.45,3.5,3.65,7.53,0.14,7.48,7.53,7.58,0.056,0.002,0.056,0.056,0.057,1.58,0.12,1.52,1.57,1.64,2.55,0.55,2.23,2.24,2.72,230.0,45.83,205.0,220.0,250.0,23.2,9.23,18.0,20.0,26.8,19.1,3.68,17.4,19.6,21.05,20.8,3.97,19.15,21.9,23.0,,,,,,17.0,6.24,13.5,15.0,19.5,5.8,2.31,4.5,5.0,6.7,0.4,0.69,0.0,0.0,0.6,0.0,0.0,0.0,0.0,0.0,2.73,0.92,2.2,2.2,3.0,8.2,0.56,7.95,8.3,8.5,8.17,3.43,6.25,7.1,9.55,0.0,0.0,0.0,0.0,0.0,0.0,0.0,0.0,0.0,0.0,1.7,0.56,1.4,1.6,1.95,,,,,,,,,,,,,,,,6.0,0.0,6.0,6.0,6.0,20.0,0.0,20.0,20.0,20.0,7.5,0.0,7.5,7.5,7.5,0.73,0.2,0.52,0.79,0.89,Carbon contact,2.0,mg/L,1066.0,Bench-Scale,GAC,RSSCT,2.68,23.8799991607666,False,2026-02-10
1066-2-20,21.43,0.75,21.0,21.0,21.65,6.85,1.35,6.07,6.07,7.24,0.18,0.07,0.16,0.18,0.19,0.0,0.0,0.0,0.0,0.0,,,,,,17.5,0.71,17.25,17.5,17.75,9.25,0.35,9.13,9.25,9.38,0.28,0.07,0.23,0.25,0.28,27.0,1.41,26.5,27.0,27.5,3.4,0.1,3.35,3.4,3.45,7.83,0.57,7.63,7.83,8.03,0.055,0.003,0.054,0.055,0.057,1.62,0.08,1.57,1.58,1.64,2.87,0.56,2.71,3.19,3.2,236.67,37.86,215.0,220.0,250.0,24.97,7.5,20.65,21.3,27.45,20.97,1.46,20.2,20.8,21.65,23.27,1.19,22.85,23.8,23.95,,,,,,18.33,4.93,15.5,16.0,20.0,6.23,1.88,5.15,5.3,6.85,0.4,0.69,0.0,0.0,0.6,0.0,0.0,0.0,0.0,0.0,3.37,1.02,3.0,3.8,3.95,8.4,0.26,8.25,8.3,8.5,9.2,2.52,7.8,8.5,10.25,0.0,0.0,0.0,0.0,0.0,0.0,0.0,0.0,0.0,0.0,2.3,0.7,1.95,2.3,2.65,,,,,,,,,,,,,,,,6.0,0.0,6.0,6.0,6.0,20.0,0.0,20.0,20.0,20.0,7.5,0.0,7.5,7.5,7.5,0.8,0.22,0.62,0.86,0.98,Carbon contact,2.0,mg/L,1066.0,Bench-Scale,GAC,RSSCT,2.68,23.8799991607666,False,2026-02-20
1066-3-10,21.67,0.83,21.2,21.4,22.0,6.77,0.09,6.72,6.73,6.8,0.09,0.16,0.0,0.0,0.14,0.0,0.0,0.0,0.0,0.0,,,,,,17.0,1.41,16.5,17.0,17.5,15.0,0.0,15.0,15.0,15.0,0.22,0.06,0.17,0.2,0.22,30.5,0.71,30.25,30.5,30.75,2.37,0.25,2.25,2.4,2.5,13.15,2.28,12.34,13.15,13.96,0.038,0.005,0.036,0.039,0.041,1.62,0.15,1.54,1.57,1.68,2.56,0.17,2.49,2.6,2.65,256.67,98.66,200.0,210.0,290.0,23.2,2.69,22.1,24.0,24.7,17.37,5.7,14.1,14.8,19.35,19.17,6.07,15.7,16.6,21.35,,,,,,16.0,1.73,15.5,17.0,17.0,6.47,0.64,6.1,6.2,6.7,0.73,0.64,0.5,1.0,1.1,0.0,0.0,0.0,0.0,0.0,2.63,1.53,1.75,1.8,3.1,6.5,2.63,5.0,5.4,7.45,8.23,1.57,7.35,7.7,8.85,0.0,0.0,0.0,0.0,0.0,0.0,0.0,0.0,0.0,0.0,1.8,0.4,1.6,1.8,2.0,,,,,,,,,,,,,,,,6.0,0.0,6.0,6.0,6.0,20.0,0.0,20.0,20.0,20.0,7.5,0.0,7.5,7.5,7.5,0.96,0.27,0.8,0.9,1.12,Carbon contact,2.0,mg/L,1066.0,Bench-Scale,GAC,RSSCT,2.68,23.8799991607666,False,2026-03-10
1066-3-20,22.03,0.6,21.75,22.1,22.35,6.62,0.17,6.56,6.7,6.72,0.09,0.16,0.0,0.0,0.14,0.0,0.0,0.0,0.0,0.0,,,,,,17.5,2.12,16.75,17.5,18.25,15.0,0.0,15.0,15.0,15.0,0.43,0.26,0.24,0.34,0.43,31.0,1.41,30.5,31.0,31.5,2.37,0.25,2.25,2.4,2.5,13.39,2.62,12.46,13.39,14.31,0.038,0.005,0.036,0.039,0.041,1.61,0.13,1.54,1.57,1.66,3.06,1.01,2.49,2.6,3.41,280.0,81.85,235.0,260.0,315.0,22.03,1.9,21.05,21.9,22.95,19.33,5.38,17.05,20.7,22.3,21.47,5.92,19.15,23.5,24.8,,,,,,15.33,1.53,14.5,15.0,16.0,6.0,0.2,5.9,6.0,6.1,0.7,0.61,0.5,1.0,1.05,0.0,0.0,0.0,0.0,0.0,2.87,1.36,2.1,2.4,3.4,7.9,2.86,7.05,9.5,9.55,8.57,1.5,7.85,8.7,9.35,0.0,0.0,0.0,0.0,0.0,0.0,0.0,0.0,0.0,0.0,2.13,0.7,1.8,2.2,2.5,,,,,,,,,,,,,,,,6.0,0.0,6.0,6.0,6.0,20.0,0.0,20.0,20.0,20.0,7.5,0.0,7.5,7.5,7.5,0.99,0.24,0.8,0.95,1.14,Carbon contact,2.0,mg/L,1066.0,Bench-Scale,GAC,RSSCT,2.68,23.8799991607666,False,2026-03-20
1066-4-10,22.37,2.28,21.05,21.1,23.05,6.07,0.37,5.86,5.87,6.19,0.0,0.0,0.0,0.0,0.0,3.4,1.41,2.9,3.4,3.9,,,,,,16.5,2.12,15.75,16.5,17.25,15.0,0.0,15.0,15.0,15.0,0.04,0.0,0.04,0.04,0.04,10.0,0.0,10.0,10.0,10.0,2.07,0.12,2.0,2.0,2.1,4.77,0.32,4.66,4.77,4.89,0.043,0.005,0.041,0.041,0.045,2.1,0.31,1.93,2.0,2.23,1.09,0.11,1.04,1.1,1.15,243.33,25.17,230.0,240.0,255.0,30.9,8.0,26.35,27.7,33.85,19.11,1.56,18.22,18.48,19.69,21.73,1.87,20.67,21.03,22.44,,,,,,21.33,7.57,17.0,18.0,24.0,8.4,0.46,8.2,8.5,8.65,1.17,0.06,1.15,1.2,1.2,0.0,0.0,0.0,0.0,0.0,0.0,0.0,0.0,0.0,0.0,9.63,0.16,9.55,9.61,9.7,9.48,1.41,8.68,8.87,9.99,0.0,0.0,0.0,0.0,0.0,0.0,0.0,0.0,0.0,0.0,2.62,0.32,2.45,2.55,2.76,,,,,,,,,,,,,,,,6.0,0.0,6.0,6.0,6.0,9.98,0.06,10.0,10.0,10.0,7.44,0.07,7.43,7.45,7.48,0.81,0.38,0.65,0.74,0.93,Carbon contact,2.0,mg/L,1066.0,Bench-Scale,GAC,RSSCT,2.68,23.8799991607666,False,2026-04-10
1066-4-20,22.47,2.2,21.2,21.3,23.15,6.24,0.35,6.11,6.37,6.44,0.09,0.16,0.0,0.0,0.14,2.3,0.14,2.25,2.3,2.35,,,,,,18.0,0.0,18.0,18.0,18.0,15.0,0.0,15.0,15.0,15.0,0.04,0.0,0.04,0.04,0.04,10.0,0.0,10.0,10.0,10.0,2.07,0.12,2.0,2.0,2.1,5.0,0.0,5.0,5.0,5.0,0.045,0.005,0.043,0.045,0.047,2.17,0.25,2.02,2.05,2.25,1.06,0.12,0.99,0.99,1.1,255.0,30.0,247.5,255.0,262.5,30.46,8.29,25.69,26.38,33.19,18.76,1.87,17.69,17.96,19.43,21.3,2.23,20.02,20.3,22.08,,,,,,20.47,8.26,15.7,16.0,23.0,8.79,0.89,8.35,8.8,9.24,1.2,0.1,1.15,1.2,1.25,0.0,0.0,0.0,0.0,0.0,0.0,0.0,0.0,0.0,0.0,9.45,0.35,9.29,9.48,9.64,8.9,2.03,7.8,8.48,9.79,0.41,0.7,0.0,0.0,0.61,0.0,0.0,0.0,0.0,0.0,2.54,0.36,2.33,2.34,2.65,,,,,,,,,,,,,,,,6.0,0.0,6.0,6.0,6.0,10.02,0.27,10.0,10.0,10.0,7.42,0.07,7.4,7.43,7.45,0.74,0.19,0.64,0.79,0.85,Carbon contact,2.0,mg/L,1066.0,Bench-Scale,GAC,RSSCT,2.68,23.8799991607666,False,2026-04-20
1067-1-10,18.02,2.15,16.53,17.25,19.18,7.09,0.03,7.08,7.09,7.11,0.1,0.0,0.1,0.1,0.1,106.25,0.35,106.13,106.25,106.38,,,,,,174.25,0.35,174.13,174.25,174.38,142.5,1.41,142.0,142.5,143.0,0.13,0.0,0.13,0.13,0.13,10.0,0.0,10.0,10.0,10.0,3.28,0.11,3.22,3.24,3.37,2.93,0.02,2.92,2.93,2.93,0.06,0.0,0.06,0.06,0.06,1.89,0.0,1.89,1.89,1.89,1.98,0.11,1.94,2.0,2.04,176.3,4.44,174.0,175.95,178.43,19.81,1.97,18.68,18.93,20.5,15.9,2.39,14.53,14.86,16.75,17.02,2.5,15.59,15.88,17.89,18.72,2.52,17.29,17.82,19.69,15.55,1.61,14.62,14.7,16.05,0.0,0.0,0.0,0.0,0.0,4.26,0.38,4.06,4.23,4.45,0.0,0.0,0.0,0.0,0.0,0.74,1.29,0.0,0.0,1.12,6.99,1.65,6.06,6.4,7.63,8.16,0.86,7.67,7.81,8.48,0.0,0.0,0.0,0.0,0.0,0.0,0.0,0.0,0.0,0.0,1.12,0.12,1.06,1.09,1.17,0.0,0.0,0.0,0.0,0.0,0.0,0.0,0.0,0.0,0.0,1.69,0.24,1.57,1.67,1.81,3.15,0.14,3.05,3.1,3.3,6.46,0.81,6.8,6.8,6.9,7.34,0.05,7.33,7.35,7.36,0.76,0.08,0.7,0.75,0.82,Coagulation,65.0,mg/L,1067.0,Bench-Scale,GAC,RSSCT,2.96,25.809999465942383,False,2026-01-10
1067-1-20,18.02,2.15,16.53,17.25,19.18,7.09,0.03,7.08,7.09,7.11,0.1,0.0,0.1,0.1,0.1,106.25,0.35,106.13,106.25,106.38,,,,,,174.25,0.35,174.13,174.25,174.38,142.5,1.41,142.0,142.5,143.0,0.13,0.0,0.13,0.13,0.13,10.0,0.0,10.0,10.0,10.0,3.28,0.11,3.22,3.24,3.37,2.93,0.02,2.92,2.93,2.93,0.06,0.0,0.06,0.06,0.06,1.89,0.0,1.89,1.89,1.89,1.98,0.11,1.94,2.0,2.04,176.3,4.44,174.0,175.95,178.43,19.81,1.97,18.68,18.93,20.5,15.9,2.39,14.53,14.86,16.75,17.02,2.5,15.59,15.88,17.89,18.72,2.52,17.29,17.82,19.69,15.55,1.61,14.62,14.7,16.05,0.0,0.0,0.0,0.0,0.0,4.26,0.38,4.06,4.23,4.45,0.0,0.0,0.0,0.0,0.0,0.74,1.29,0.0,0.0,1.12,6.99,1.65,6.06,6.4,7.63,8.16,0.86,7.67,7.81,8.48,0.0,0.0,0.0,0.0,0.0,0.0,0.0,0.0,0.0,0.0,1.12,0.12,1.06,1.09,1.17,0.0,0.0,0.0,0.0,0.0,0.0,0.0,0.0,0.0,0.0,1.69,0.24,1.57,1.67,1.81,3.18,0.12,3.1,3.2,3.3,5.97,0.87,5.1,5.6,6.8,7.35,0.05,7.32,7.35,7.38,0.78,0.11,0.7,0.75,0.8,Coagulation,65.0,mg/L,1067.0,Bench-Scale,GAC,RSSCT,2.96,25.809999465942383,False,2026-01-20
1067-2-10,18.15,0.82,17.5,18.15,18.65,7.19,0.04,7.17,7.17,7.21,0.12,0.03,0.1,0.1,0.13,126.71,9.42,123.38,126.71,130.04,,,,,,210.5,9.19,207.25,210.5,213.75,119.5,3.54,118.25,119.5,120.75,0.16,0.02,0.15,0.16,0.16,28.5,0.71,28.25,28.5,28.75,2.98,0.02,2.97,2.98,2.98,9.6,0.18,9.54,9.6,9.67,0.065,0.001,0.065,0.065,0.065,2.17,0.02,2.16,2.16,2.18,3.86,0.0,3.86,3.86,3.86,287.68,1.24,287.03,287.5,288.25,67.42,3.14,65.63,66.15,68.57,51.1,5.45,48.36,51.04,53.81,55.35,5.79,52.41,55.17,58.2,61.04,6.74,57.69,61.12,64.43,50.23,2.91,48.57,49.01,51.28,2.18,0.1,2.12,2.14,2.21,15.01,0.31,14.86,15.02,15.16,0.0,0.0,0.0,0.0,0.0,0.0,0.0,0.0,0.0,0.0,20.28,1.62,19.42,20.07,21.03,30.47,4.4,28.4,30.97,32.78,0.0,0.0,0.0,0.0,0.0,0.36,0.63,0.0,0.0,0.54,4.25,0.35,4.05,4.13,4.39,0.0,0.0,0.0,0.0,0.0,0.0,0.0,0.0,0.0,0.0,5.68,0.98,5.27,5.95,6.23,23.97,0.1,23.9,23.95,24.0,19.91,0.08,19.85,19.9,20.0,7.41,0.05,7.36,7.43,7.45,0.85,0.09,0.79,0.81,0.91,Coagulation,75.0,mg/L,1067.0,Bench-Scale,GAC,RSSCT,2.96,25.809999465942383,False,2026-02-10
1067-2-20,18.15,0.82,17.5,18.15,18.65,7.19,0.04,7.17,7.17,7.21,0.12,0.03,0.1,0.1,0.13,126.71,9.42,123.38,126.71,130.04,,,,,,210.5,9.19,207.25,210.5,213.75,119.5,3.54,118.25,119.5,120.75,0.16,0.02,0.15,0.16,0.16,28.5,0.71,28.25,28.5,28.75,2.98,0.02,2.97,2.98,2.98,9.6,0.18,9.54,9.6,9.67,0.065,0.001,0.065,0.065,0.065,2.17,0.02,2.16,2.16,2.18,3.86,0.0,3.86,3.86,3.86,287.68,1.24,287.03,287.5,288.25,67.42,3.14,65.63,66.15,68.57,51.1,5.45,48.36,51.04,53.81,55.35,5.79,52.41,55.17,58.2,61.04,6.74,57.69,61.12,64.43,50.23,2.91,48.57,49.01,51.28,2.18,0.1,2.12,2.14,2.21,15.01,0.31,14.86,15.02,15.16,0.0,0.0,0.0,0.0,0.0,0.0,0.0,0.0,0.0,0.0,20.28,1.62,19.42,20.07,21.03,30.47,4.4,28.4,30.97,32.78,0.0,0.0,0.0,0.0,0.0,0.36,0.63,0.0,0.0,0.54,4.25,0.35,4.05,4.13,4.39,0.0,0.0,0.0,0.0,0.0,0.0,0.0,0.0,0.0,0.0,5.68,0.98,5.27,5.95,6.23,23.99,0.28,24.0,24.0,24.1,19.97,0.07,20.0,20.0,20.0,7.39,0.04,7.36,7.39,7.41,0.85,0.11,0.8,0.84,0.89,Coagulation,75.0,mg/L,1067.0,Bench-Scale,GAC,RSSCT,2.96,25.809999465942383,False,2026-02-20
1067-3-10pH6.5,19.13,0.65,18.8,19.1,19.45,6.54,0.12,6.48,6.48,6.58,0.15,0.0,0.15,0.15,0.15,87.33,22.87,79.24,87.33,95.41,,,,,,215.5,10.61,211.75,215.5,219.25,132.0,8.49,129.0,132.0,135.0,0.03,0.0,0.03,0.03,0.03,31.5,0.71,31.25,31.5,31.75,2.79,0.04,2.77,2.81,2.82,11.19,0.31,11.08,11.19,11.3,0.06,0.0,0.06,0.06,0.06,2.14,0.0,2.14,2.14,2.14,2.35,0.0,2.35,2.35,2.35,220.6,0.0,220.6,220.6,220.6,34.9,0.0,34.9,34.9,34.9,29.24,0.0,29.24,29.24,29.24,32.19,0.0,32.19,32.19,32.19,36.57,0.0,36.57,36.57,36.57,23.36,0.0,23.36,23.36,23.36,1.76,0.0,1.76,1.76,1.76,9.79,0.0,9.79,9.79,9.79,0.0,0.0,0.0,0.0,0.0,0.0,0.0,0.0,0.0,0.0,11.9,0.0,11.9,11.9,11.9,17.34,0.0,17.34,17.34,17.34,0.0,0.0,0.0,0.0,0.0,0.0,0.0,0.0,0.0,0.0,2.95,0.0,2.95,2.95,2.95,0.0,0.0,0.0,0.0,0.0,0.0,0.0,0.0,0.0,0.0,4.37,0.0,4.37,4.37,4.37,23.9,0.27,23.61,23.95,24.09,7.39,0.08,7.3,7.4,7.4,7.3,0.03,7.28,7.31,7.32,0.58,0.21,0.5,0.59,0.71,Coagulation,65.0,mg/L,1067.0,Bench-Scale,GAC,RSSCT,2.96,25.809999465942383,False,
1067-3-10pH7.1,18.4,0.51,18.2,18.2,18.35,7.05,0.1,6.99,7.02,7.03,0.2,0.05,0.18,0.2,0.23,138.5,16.97,132.5,138.5,144.5,,,,,,221.0,7.07,218.5,221.0,223.5,133.0,4.24,131.5,133.0,134.5,0.05,0.02,0.03,0.04,0.05,33.5,0.71,33.25,33.5,33.75,2.8,0.06,2.78,2.79,2.81,11.91,0.32,11.8,11.91,12.02,0.06,0.0,0.06,0.06,0.06,2.12,0.04,2.11,2.14,2.15,2.28,0.09,2.25,2.31,2.33,206.63,5.67,203.53,205.3,209.08,39.11,3.24,37.3,38.14,40.43,35.22,4.32,32.72,32.85,36.53,38.74,4.41,36.2,36.35,40.09,44.65,6.13,41.11,41.22,46.47,25.79,2.61,24.33,24.99,26.85,2.03,0.03,2.02,2.04,2.05,11.29,0.66,10.93,11.1,11.56,0.0,0.0,0.0,0.0,0.0,0.0,0.0,0.0,0.0,0.0,13.58,0.59,13.28,13.57,13.87,21.64,3.81,19.44,19.6,22.82,0.0,0.0,0.0,0.0,0.0,0.0,0.0,0.0,0.0,0.0,3.53,0.09,3.48,3.5,3.56,0.0,0.0,0.0,0.0,0.0,0.0,0.0,0.0,0.0,0.0,5.9,1.72,4.91,4.95,6.42,24.21,0.17,24.1,24.1,24.35,7.55,0.32,7.2,7.7,7.7,7.36,0.05,7.35,7.37,7.38,0.87,0.18,0.75,0.9,0.99,Coagulation,65.0,mg/L,1067.0,Bench-Scale,GAC,RSSCT,2.96,25.809999465942383,False,
1067-3-10pH7.6,19.65,0.65,19.53,19.9,20.03,7.56,0.05,7.53,7.54,7.57,0.13,0.05,0.11,0.13,0.14,160.5,4.24,159.0,160.5,162.0,,,,,,220.5,4.95,218.75,220.5,222.25,134.5,4.95,132.75,134.5,136.25,0.03,0.0,0.03,0.03,0.03,31.0,0.0,31.0,31.0,31.0,2.8,0.01,2.79,2.8,2.8,11.05,0.03,11.04,11.05,11.06,0.059,0.001,0.059,0.059,0.06,2.12,0.01,2.12,2.12,2.13,2.51,0.18,2.47,2.51,2.56,206.8,8.0,204.8,206.8,208.8,40.51,3.19,39.72,40.51,41.31,33.67,8.0,31.67,33.67,35.67,37.15,8.23,35.1,37.15,39.21,42.6,9.78,40.16,42.6,45.05,27.01,3.07,26.25,27.01,27.78,2.15,0.09,2.13,2.15,2.17,11.35,0.21,11.3,11.35,11.4,0.0,0.0,0.0,0.0,0.0,0.0,0.0,0.0,0.0,0.0,13.63,1.43,13.27,13.63,13.98,20.05,6.57,18.4,20.05,21.69,0.0,0.0,0.0,0.0,0.0,0.0,0.0,0.0,0.0,0.0,3.48,0.23,3.42,3.48,3.54,0.0,0.0,0.0,0.0,0.0,0.0,0.0,0.0,0.0,0.0,5.45,1.55,5.06,5.45,5.84,23.86,0.16,23.7,23.9,24.0,7.45,0.05,7.4,7.5,7.5,7.36,0.05,7.36,7.36,7.39,0.55,0.33,0.32,0.4,0.91,Coagulation,65.0,mg/L,1067.0,Bench-Scale,GAC,RSSCT,2.96,25.809999465942383,False,
1067-3-20pH7.1,18.4,0.51,18.2,18.2,18.35,7.05,0.1,6.99,7.02,7.03,0.2,0.05,0.18,0.2,0.23,138.5,16.97,132.5,138.5,144.5,,,,,,221.0,7.07,218.5,221.0,223.5,133.0,4.24,131.5,133.0,134.5,0.05,0.02,0.03,0.04,0.05,33.5,0.71,33.25,33.5,33.75,2.8,0.06,2.78,2.79,2.81,11.91,0.32,11.8,11.91,12.02,0.06,0.0,0.06,0.06,0.06,2.12,0.04,2.11,2.14,2.15,2.28,0.09,2.25,2.31,2.33,206.63,5.67,203.53,205.3,209.08,39.11,3.24,37.3,38.14,40.43,35.22,4.32,32.72,32.85,36.53,38.74,4.41,36.2,36.35,40.09,44.65,6.13,41.11,41.22,46.47,25.79,2.61,24.33,24.99,26.85,2.03,0.03,2.02,2.04,2.05,11.29,0.66,10.93,11.1,11.56,0.0,0.0,0.0,0.0,0.0,0.0,0.0,0.0,0.0,0.0,13.58,0.59,13.28,13.57,13.87,21.64,3.81,19.44,19.6,22.82,0.0,0.0,0.0,0.0,0.0,0.0,0.0,0.0,0.0,0.0,3.53,0.09,3.48,3.5,3.56,0.0,0.0,0.0,0.0,0.0,0.0,0.0,0.0,0.0,0.0,5.9,1.72,4.91,4.95,6.42,24.14,0.18,24.1,24.1,24.18,7.66,0.32,7.45,7.7,8.0,7.36,0.04,7.34,7.36,7.38,0.89,0.13,0.82,0.9,0.98,Coagulation,65.0,mg/L,1067.0,Bench-Scale,GAC,RSSCT,2.96,25.809999465942383,False,
1068-1-10,19.11,2.86,18.0,19.0,21.75,6.84,0.17,6.72,6.82,6.97,0.13,0.04,0.1,0.13,0.15,65.95,15.28,60.5,62.0,65.0,,,,,,85.68,2.83,84.0,86.0,87.0,60.55,5.18,57.0,60.0,64.0,0.1,0.04,0.05,0.08,0.1,10.0,0.0,10.0,10.0,10.0,4.26,0.39,3.95,4.2,4.54,2.48,0.12,2.35,2.5,2.56,0.081,0.009,0.073,0.082,0.085,1.89,0.18,1.8,1.85,1.95,8.19,2.83,7.02,9.15,9.95,501.54,74.53,465.0,525.0,535.0,286.6,38.38,271.1,286.0,311.8,88.41,18.19,74.6,91.0,102.7,94.34,18.34,81.4,97.15,107.9,97.83,18.25,84.4,100.15,112.8,265.38,37.72,250.0,265.0,290.0,19.46,0.95,19.0,19.5,20.0,1.75,0.17,1.6,1.7,1.8,0.0,0.0,0.0,0.0,0.0,7.14,2.79,6.0,7.6,8.1,55.65,13.57,43.0,53.0,69.0,25.62,5.75,21.0,27.0,28.0,0.0,0.0,0.0,0.0,0.0,0.0,0.0,0.0,0.0,0.0,5.93,0.74,5.4,5.8,6.5,0.0,0.0,0.0,0.0,0.0,0.18,0.67,0.0,0.0,0.0,3.3,1.07,2.6,3.0,3.9,236.69,98.27,168.0,168.0,264.0,23.0,0.0,23.0,23.0,23.0,9.02,0.15,8.93,9.05,9.12,0.59,0.82,0.2,0.3,0.65,Lime softening,16.0,mg/L,1068.0,Pilot-Scale,GAC,Pilot Columns,3.9,10.449999809265137,True,2026-01-10
1068-1-20,19.11,2.86,18.0,19.0,21.75,6.84,0.17,6.72,6.82,6.97,0.13,0.04,0.1,0.13,0.15,65.95,15.28,60.5,62.0,65.0,,,,,,85.68,2.83,84.0,86.0,87.0,60.55,5.18,57.0,60.0,64.0,0.1,0.04,0.05,0.08,0.1,10.0,0.0,10.0,10.0,10.0,4.26,0.39,3.95,4.2,4.54,2.48,0.12,2.35,2.5,2.56,0.081,0.009,0.073,0.082,0.085,1.89,0.18,1.8,1.85,1.95,8.19,2.83,7.02,9.15,9.95,501.54,74.53,465.0,525.0,535.0,286.6,38.38,271.1,286.0,311.8,88.41,18.19,74.6,91.0,102.7,94.34,18.34,81.4,97.15,107.9,97.83,18.25,84.4,100.15,112.8,265.38,37.72,250.0,265.0,290.0,19.46,0.95,19.0,19.5,20.0,1.75,0.17,1.6,1.7,1.8,0.0,0.0,0.0,0.0,0.0,7.14,2.79,6.0,7.6,8.1,55.65,13.57,43.0,53.0,69.0,25.62,5.75,21.0,27.0,28.0,0.0,0.0,0.0,0.0,0.0,0.0,0.0,0.0,0.0,0.0,5.93,0.74,5.4,5.8,6.5,0.0,0.0,0.0,0.0,0.0,0.18,0.67,0.0,0.0,0.0,3.3,1.07,2.6,3.0,3.9,228.0,84.54,168.0,168.0,264.0,23.0,0.0,23.0,23.0,23.0,9.05,0.11,8.99,9.06,9.13,0.68,0.77,0.19,0.45,1.0,Lime softening,16.0,mg/L,1068.0,Pilot-Scale,GAC,Pilot Columns,3.9,10.449999809265137,True,2026-01-20
1068-2-10,10.75,2.05,10.0,10.0,10.0,7.33,0.95,7.07,7.12,7.18,0.05,0.03,0.03,0.04,0.06,53.75,5.88,51.0,54.0,56.75,,,,,,90.34,23.48,81.75,85.5,90.25,57.63,24.49,47.75,53.5,55.25,0.19,0.17,0.08,0.11,0.19,10.63,2.5,10.0,10.0,10.0,3.54,0.39,3.28,3.5,3.86,3.04,0.82,2.59,2.88,3.15,0.061,0.006,0.057,0.06,0.065,1.74,0.17,1.61,1.73,1.88,2.66,1.24,2.6,3.0,3.4,389.17,136.0,300.0,340.0,422.5,148.14,26.06,134.05,150.83,166.98,47.25,5.42,43.83,47.0,51.73,52.5,5.68,48.55,52.2,57.03,54.6,5.26,51.25,54.55,56.36,130.38,25.02,117.5,130.0,150.0,15.88,1.77,15.38,16.0,17.0,1.89,0.4,1.6,1.7,2.19,0.0,0.0,0.0,0.0,0.0,1.97,1.86,0.0,2.7,3.51,27.91,2.93,26.0,28.0,29.63,17.38,2.37,16.0,17.0,18.0,0.0,0.0,0.0,0.0,0.0,0.0,0.0,0.0,0.0,0.0,5.25,0.57,4.96,5.4,5.63,0.0,0.0,0.0,0.0,0.0,0.28,0.75,0.0,0.0,0.0,3.2,0.55,3.0,3.2,3.33,185.33,31.22,168.0,168.0,192.0,9.72,0.7,10.0,10.0,10.0,9.16,0.27,9.16,9.21,9.26,1.98,0.38,1.7,2.08,2.3,Lime softening,16.0,mg/L,1068.0,Pilot-Scale,GAC,Pilot Columns,3.9,10.449999809265137,True,2026-02-10
1068-2-20,10.75,2.05,10.0,10.0,10.0,7.33,0.95,7.07,7.12,7.18,0.05,0.03,0.03,0.04,0.06,53.75,5.88,51.0,54.0,56.75,,,,,,90.34,23.48,81.75,85.5,90.25,57.63,24.49,47.75,53.5,55.25,0.19,0.17,0.08,0.11,0.19,10.63,2.5,10.0,10.0,10.0,3.54,0.39,3.28,3.5,3.86,3.04,0.82,2.59,2.88,3.15,0.061,0.006,0.057,0.06,0.065,1.74,0.17,1.61,1.73,1.88,2.66,1.24,2.6,3.0,3.4,389.17,136.0,300.0,340.0,422.5,148.14,26.06,134.05,150.83,166.98,47.25,5.42,43.83,47.0,51.73,52.5,5.68,48.55,52.2,57.03,54.6,5.26,51.25,54.55,56.36,130.38,25.02,117.5,130.0,150.0,15.88,1.77,15.38,16.0,17.0,1.89,0.4,1.6,1.7,2.19,0.0,0.0,0.0,0.0,0.0,1.97,1.86,0.0,2.7,3.51,27.91,2.93,26.0,28.0,29.63,17.38,2.37,16.0,17.0,18.0,0.0,0.0,0.0,0.0,0.0,0.0,0.0,0.0,0.0,0.0,5.25,0.57,4.96,5.4,5.63,0.0,0.0,0.0,0.0,0.0,0.28,0.75,0.0,0.0,0.0,3.2,0.55,3.0,3.2,3.33,176.47,27.64,168.0,168.0,192.0,9.65,0.77,10.0,10.0,10.0,9.16,0.34,9.18,9.21,9.27,2.19,0.49,1.75,2.3,2.5,Lime softening,16.0,mg/L,1068.0,Pilot-Scale,GAC,Pilot Columns,3.9,10.449999809265137,True,2026-02-20
1069-1-BW30LE,23.0,0.0,23.0,23.0,23.0,8.67,0.0,8.67,8.67,8.67,0.59,0.0,0.59,0.59,0.59,43.05,0.0,43.05,43.05,43.05,151.1,0.0,151.1,151.1,151.1,66.65,0.0,66.65,66.65,66.65,56.2,0.0,56.2,56.2,56.2,0.7000000000000001,0.0,0.7000000000000001,0.7000000000000001,0.7000000000000001,105.0,0.0,105.0,105.0,105.0,8.15,0.0,8.15,8.15,8.15,12.88,0.0,12.88,12.88,12.88,0.231,0.0,0.231,0.231,0.231,2.83,0.0,2.83,2.83,2.83,11.8,0.0,11.8,11.8,11.8,467.5,0.0,467.5,467.5,467.5,107.06,0.0,107.06,107.06,107.06,91.2,0.0,91.2,91.2,91.2,99.24,0.0,99.24,99.24,99.24,,,,,,81.49,0.0,81.49,81.49,81.49,21.43,0.0,21.43,21.43,21.43,4.15,0.0,4.15,4.15,4.15,0.0,0.0,0.0,0.0,0.0,3.51,0.0,3.51,3.51,3.51,40.61,0.0,40.61,40.61,40.61,45.86,0.0,45.86,45.86,45.86,0.0,0.0,0.0,0.0,0.0,1.23,0.0,1.23,1.23,1.23,8.040000000000001,0.0,8.040000000000001,8.040000000000001,8.040000000000001,,,,,,,,,,,,,,,,3.5,0.0,3.5,3.5,3.5,25.53,0.05,25.5,25.5,25.53,8.03,0.03,8.040000000000001,8.040000000000001,8.040000000000001,0.96,0.23,0.9,0.9,1.03,Lime softening,155.0,mg/L,1069.0,Bench-Scale,Membrane,RBSMT,7.85,100.5,True,
1069-1-NF200B,23.0,0.0,23.0,23.0,23.0,8.67,0.0,8.67,8.67,8.67,0.59,0.0,0.59,0.59,0.59,43.05,0.0,43.05,43.05,43.05,151.1,0.0,151.1,151.1,151.1,66.65,0.0,66.65,66.65,66.65,56.2,0.0,56.2,56.2,56.2,0.7000000000000001,0.0,0.7000000000000001,0.7000000000000001,0.7000000000000001,105.0,0.0,105.0,105.0,105.0,8.15,0.0,8.15,8.15,8.15,12.88,0.0,12.88,12.88,12.88,0.231,0.0,0.231,0.231,0.231,2.83,0.0,2.83,2.83,2.83,11.8,0.0,11.8,11.8,11.8,467.5,0.0,467.5,467.5,467.5,107.06,0.0,107.06,107.06,107.06,91.2,0.0,91.2,91.2,91.2,99.24,0.0,99.24,99.24,99.24,,,,,,81.49,0.0,81.49,81.49,81.49,21.43,0.0,21.43,21.43,21.43,4.15,0.0,4.15,4.15,4.15,0.0,0.0,0.0,0.0,0.0,3.51,0.0,3.51,3.51,3.51,40.61,0.0,40.61,40.61,40.61,45.86,0.0,45.86,45.86,45.86,0.0,0.0,0.0,0.0,0.0,1.23,0.0,1.23,1.23,1.23,8.040000000000001,0.0,8.040000000000001,8.040000000000001,8.040000000000001,,,,,,,,,,,,,,,,3.5,0.0,3.5,3.5,3.5,25.55,0.05,25.5,25.55,25.6,8.03,0.03,8.03,8.040000000000001,8.040000000000001,0.98,0.14,0.9,0.9,1.0,Lime softening,155.0,mg/L,1069.0,Bench-Scale,Membrane,RBSMT,7.85,100.5,True,
1069-2-BW30LE,23.9,0.0,23.9,23.9,23.9,8.67,0.0,8.67,8.67,8.67,0.26,0.0,0.26,0.26,0.26,54.4,0.0,54.4,54.4,54.4,152.15,0.0,152.15,152.15,152.15,64.9,0.0,64.9,64.9,64.9,55.2,0.0,55.2,55.2,55.2,0.75,0.0,0.75,0.75,0.75,100.0,0.0,100.0,100.0,100.0,8.15,0.0,8.15,8.15,8.15,12.27,0.0,12.27,12.27,12.27,0.22,0.0,0.22,0.22,0.22,2.7,0.0,2.7,2.7,2.7,10.88,0.0,10.88,10.88,10.88,415.0,0.0,415.0,415.0,415.0,97.89,0.0,97.89,97.89,97.89,75.01,0.0,75.01,75.01,75.01,82.05,0.0,82.05,82.05,82.05,,,,,,73.18,0.0,73.18,73.18,73.18,20.88,0.0,20.88,20.88,20.88,3.83,0.0,3.83,3.83,3.83,0.0,0.0,0.0,0.0,0.0,0.0,0.0,0.0,0.0,0.0,35.1,0.0,35.1,35.1,35.1,38.73,0.0,38.73,38.73,38.73,0.0,0.0,0.0,0.0,0.0,1.18,0.0,1.18,1.18,1.18,7.04,0.0,7.04,7.04,7.04,,,,,,,,,,,,,,,,3.5,0.0,3.5,3.5,3.5,25.35,0.24,25.23,25.43,25.55,8.02,0.01,8.01,8.02,8.02,0.8,0.33,0.6,0.6,0.94,Lime softening,155.0,mg/L,1069.0,Bench-Scale,Membrane,RBSMT,7.85,100.5,True,
1069-2-NF200B,23.9,0.0,23.9,23.9,23.9,8.67,0.0,8.67,8.67,8.67,0.26,0.0,0.26,0.26,0.26,54.4,0.0,54.4,54.4,54.4,152.15,0.0,152.15,152.15,152.15,64.9,0.0,64.9,64.9,64.9,55.2,0.0,55.2,55.2,55.2,0.75,0.0,0.75,0.75,0.75,100.0,0.0,100.0,100.0,100.0,8.15,0.0,8.15,8.15,8.15,12.27,0.0,12.27,12.27,12.27,0.22,0.0,0.22,0.22,0.22,2.7,0.0,2.7,2.7,2.7,10.88,0.0,10.88,10.88,10.88,415.0,0.0,415.0,415.0,415.0,97.89,0.0,97.89,97.89,97.89,75.01,0.0,75.01,75.01,75.01,82.05,0.0,82.05,82.05,82.05,,,,,,73.18,0.0,73.18,73.18,73.18,20.88,0.0,20.88,20.88,20.88,3.83,0.0,3.83,3.83,3.83,0.0,0.0,0.0,0.0,0.0,0.0,0.0,0.0,0.0,0.0,35.1,0.0,35.1,35.1,35.1,38.73,0.0,38.73,38.73,38.73,0.0,0.0,0.0,0.0,0.0,1.18,0.0,1.18,1.18,1.18,7.04,0.0,7.04,7.04,7.04,,,,,,,,,,,,,,,,3.5,0.0,3.5,3.5,3.5,25.45,0.11,25.38,25.48,25.55,8.02,0.01,8.01,8.02,8.02,0.65,0.09,0.6,0.6,0.68,Lime softening,155.0,mg/L,1069.0,Bench-Scale,Membrane,RBSMT,7.85,100.5,True,
1069-3-BW30LE,21.2,0.0,21.2,21.2,21.2,8.77,0.0,8.77,8.77,8.77,0.33,0.0,0.33,0.33,0.33,40.25,0.0,40.25,40.25,40.25,145.95000000000002,0.0,145.95000000000002,145.95000000000002,145.95000000000002,56.55,0.0,56.55,56.55,56.55,46.75,0.0,46.75,46.75,46.75,0.6,0.0,0.6,0.6,0.6,110.0,0.0,110.0,110.0,110.0,7.6,0.0,7.6,7.6,7.6,14.47,0.0,14.47,14.47,14.47,0.233,0.0,0.233,0.233,0.233,3.06,0.0,3.06,3.06,3.06,11.01,0.0,11.01,11.01,11.01,455.0,0.0,455.0,455.0,455.0,106.29,0.0,106.29,106.29,106.29,88.25,0.0,88.25,88.25,88.25,97.78,0.0,97.78,97.78,97.78,,,,,,78.33,0.0,78.33,78.33,78.33,23.13,0.0,23.13,23.13,23.13,4.83,0.0,4.83,4.83,4.83,0.0,0.0,0.0,0.0,0.0,3.5700000000000003,0.0,3.5700000000000003,3.5700000000000003,3.5700000000000003,41.16,0.0,41.16,41.16,41.16,41.55,0.0,41.55,41.55,41.55,0.0,0.0,0.0,0.0,0.0,1.98,0.0,1.98,1.98,1.98,9.53,0.0,9.53,9.53,9.53,,,,,,,,,,,,,,,,3.5,0.0,3.5,3.5,3.5,25.13,0.03,25.1,25.13,25.15,8.02,0.02,8.0,8.01,8.03,0.8200000000000001,0.26,0.67,0.79,0.79,Lime softening,155.0,mg/L,1069.0,Bench-Scale,Membrane,RBSMT,7.85,100.5,True,
1069-3-NF200B,21.2,0.0,21.2,21.2,21.2,8.77,0.0,8.77,8.77,8.77,0.33,0.0,0.33,0.33,0.33,40.25,0.0,40.25,40.25,40.25,145.95000000000002,0.0,145.95000000000002,145.95000000000002,145.95000000000002,56.55,0.0,56.55,56.55,56.55,46.75,0.0,46.75,46.75,46.75,0.6,0.0,0.6,0.6,0.6,110.0,0.0,110.0,110.0,110.0,7.6,0.0,7.6,7.6,7.6,14.47,0.0,14.47,14.47,14.47,0.233,0.0,0.233,0.233,0.233,3.06,0.0,3.06,3.06,3.06,11.01,0.0,11.01,11.01,11.01,455.0,0.0,455.0,455.0,455.0,106.29,0.0,106.29,106.29,106.29,88.25,0.0,88.25,88.25,88.25,97.78,0.0,97.78,97.78,97.78,,,,,,78.33,0.0,78.33,78.33,78.33,23.13,0.0,23.13,23.13,23.13,4.83,0.0,4.83,4.83,4.83,0.0,0.0,0.0,0.0,0.0,3.5700000000000003,0.0,3.5700000000000003,3.5700000000000003,3.5700000000000003,41.16,0.0,41.16,41.16,41.16,41.55,0.0,41.55,41.55,41.55,0.0,0.0,0.0,0.0,0.0,1.98,0.0,1.98,1.98,1.98,9.53,0.0,9.53,9.53,9.53,,,,,,,,,,,,,,,,3.5,0.0,3.5,3.5,3.5,25.13,0.03,25.1,25.13,25.15,8.01,0.01,8.0,8.0,8.01,0.73,0.1,0.64,0.79,0.79,Lime softening,155.0,mg/L,1069.0,Bench-Scale,Membrane,RBSMT,7.85,100.5,True,
1069-4-BW30LE,22.9,0.0,22.9,22.9,22.9,8.76,0.0,8.76,8.76,8.76,0.34,0.0,0.34,0.34,0.34,51.25,0.0,51.25,51.25,51.25,151.0,0.0,151.0,151.0,151.0,64.15,0.0,64.15,64.15,64.15,53.55,0.0,53.55,53.55,53.55,0.43,0.0,0.43,0.43,0.43,91.0,0.0,91.0,91.0,91.0,7.35,0.0,7.35,7.35,7.35,12.38,0.0,12.38,12.38,12.38,0.224,0.0,0.224,0.224,0.224,3.0500000000000003,0.0,3.0500000000000003,3.0500000000000003,3.0500000000000003,11.13,0.0,11.13,11.13,11.13,385.0,0.0,385.0,385.0,385.0,90.51,0.0,90.51,90.51,90.51,77.42,0.0,77.42,77.42,77.42,85.56,0.0,85.56,85.56,85.56,,,,,,66.11,0.0,66.11,66.11,66.11,19.81,0.0,19.81,19.81,19.81,4.59,0.0,4.59,4.59,4.59,0.0,0.0,0.0,0.0,0.0,2.49,0.0,2.49,2.49,2.49,36.99,0.0,36.99,36.99,36.99,36.42,0.0,36.42,36.42,36.42,0.0,0.0,0.0,0.0,0.0,1.53,0.0,1.53,1.53,1.53,8.14,0.0,8.14,8.14,8.14,,,,,,,,,,,,,,,,3.5,0.0,3.5,3.5,3.5,25.66,0.12,25.55,25.63,25.8,8.06,0.01,8.06,8.06,8.07,0.92,0.18,0.8200000000000001,0.86,0.93,Lime softening,155.0,mg/L,1069.0,Bench-Scale,Membrane,RBSMT,7.85,100.5,True,
1069-4-NF200B,22.9,0.0,22.9,22.9,22.9,8.76,0.0,8.76,8.76,8.76,0.34,0.0,0.34,0.34,0.34,51.25,0.0,51.25,51.25,51.25,151.0,0.0,151.0,151.0,151.0,64.15,0.0,64.15,64.15,64.15,53.55,0.0,53.55,53.55,53.55,0.43,0.0,0.43,0.43,0.43,86.5,0.0,86.5,86.5,86.5,7.35,0.0,7.35,7.35,7.35,11.77,0.0,11.77,11.77,11.77,0.224,0.0,0.224,0.224,0.224,3.0500000000000003,0.0,3.0500000000000003,3.0500000000000003,3.0500000000000003,11.13,0.0,11.13,11.13,11.13,385.0,0.0,385.0,385.0,385.0,90.51,0.0,90.51,90.51,90.51,77.42,0.0,77.42,77.42,77.42,85.56,0.0,85.56,85.56,85.56,,,,,,66.11,0.0,66.11,66.11,66.11,19.81,0.0,19.81,19.81,19.81,4.59,0.0,4.59,4.59,4.59,0.0,0.0,0.0,0.0,0.0,2.49,0.0,2.49,2.49,2.49,36.99,0.0,36.99,36.99,36.99,36.42,0.0,36.42,36.42,36.42,0.0,0.0,0.0,0.0,0.0,1.53,0.0,1.53,1.53,1.53,8.14,0.0,8.14,8.14,8.14,,,,,,,,,,,,,,,,3.5,0.0,3.5,3.5,3.5,25.66,0.12,25.55,25.63,25.8,8.06,0.01,8.06,8.06,8.06,0.84,0.13,0.81,0.8200000000000001,0.8200000000000001,Lime softening,155.0,mg/L,1069.0,Bench-Scale,Membrane,RBSMT,7.85,100.5,True,
1070-1-15,4.7,0.56,4.5,4.5,4.75,6.56,0.13,6.53,6.6,6.64,0.12,0.03,0.09,0.12,0.14,6.62,1.5,6.0,6.0,8.0,,,,,,12.67,1.56,12.0,13.0,14.0,9.5,0.9,9.5,10.0,10.0,0.0,0.0,0.0,0.0,0.0,10.0,0.0,10.0,10.0,10.0,2.68,0.27,2.45,2.81,2.85,3.77,0.39,3.51,3.56,4.08,0.036,0.01,0.032,0.037,0.04,1.33,0.31,1.19,1.35,1.45,0.44,0.15,0.39,0.44,0.51,204.9,40.48,178.0,208.0,228.5,31.73,5.96,27.24,33.63,34.98,64.73,14.29,52.64,61.29,74.99,66.61,14.51,54.18,64.05,76.65,,,,,,27.18,5.36,23.45,28.2,29.9,4.55,1.05,3.91,4.32,4.73,0.0,0.0,0.0,0.0,0.0,0.0,0.0,0.0,0.0,0.0,3.37,0.76,2.89,3.22,3.5,38.71,9.59,31.55,37.95,45.7,22.15,5.05,18.35,20.9,25.0,0.51,0.65,0.0,0.0,1.12,0.0,0.0,0.0,0.0,0.0,1.88,0.48,1.47,1.74,2.2,,,,,,,,,,,,,,,,24.0,0.0,24.0,24.0,24.0,4.7,0.55,4.5,4.5,4.88,7.51,0.21,7.33,7.56,7.67,0.93,0.43,0.68,0.81,1.01,Coagulation,5.0,mg/L,1070.0,Full-Scale,GAC,Full-Scale Contactors,2.68,10.0,False,2026-01-15
1072-1-10,24.88,1.74,24.0,25.05,25.88,7.52,0.21,7.43,7.49,7.57,0.8,0.52,0.35,0.72,1.17,71.21,13.21,65.0,70.75,77.5,,,,,,93.83,14.11,90.0,97.0,103.25,79.92,15.26,74.25,83.5,89.0,0.0,0.03,0.0,0.0,0.0,61.77,15.29,51.75,52.0,68.0,3.65,0.62,3.34,3.5,3.73,17.42,6.31,14.47,15.29,16.22,0.083,0.015,0.076,0.079,0.088,2.25,0.18,2.12,2.25,2.37,2.62,0.69,2.31,2.89,3.01,258.5,45.62,227.5,265.0,283.75,98.96,19.05,91.23,96.9,99.28,37.6,10.54,30.33,35.85,43.48,45.74,11.26,37.93,44.4,52.08,54.47,12.71,47.38,55.15,58.28,65.08,19.06,50.5,62.0,71.25,24.33,4.37,21.0,23.0,28.0,9.16,4.04,6.68,7.53,9.39,0.38,0.94,0.0,0.0,0.0,2.23,1.81,0.65,2.8,3.45,19.5,5.39,14.5,19.5,24.5,13.8,4.82,11.25,12.0,14.25,0.0,0.0,0.0,0.0,0.0,2.07,0.64,1.73,1.8,2.1,8.14,0.9,7.48,8.5,8.78,0.0,0.0,0.0,0.0,0.0,1.9,1.73,0.55,2.2,2.35,6.83,2.26,5.34,5.75,8.6,24.0,0.0,24.0,24.0,24.0,22.8,2.21,21.6,23.8,24.4,7.9,0.2,7.75,7.88,8.0,0.39,0.3,0.07,0.47,0.59,Coagulation,1.0,mg/L,1072.0,Pilot-Scale,GAC,Pilot Columns,3.63,62.58000183105469,False,2026-01-10
1072-1-20,24.88,1.74,24.0,25.05,25.88,7.52,0.21,7.43,7.49,7.57,0.8,0.52,0.35,0.72,1.17,71.21,13.21,65.0,70.75,77.5,,,,,,93.83,14.11,90.0,97.0,103.25,79.92,15.26,74.25,83.5,89.0,0.0,0.03,0.0,0.0,0.0,61.77,15.29,51.75,52.0,68.0,3.65,0.62,3.34,3.5,3.73,17.42,6.31,14.47,15.29,16.22,0.083,0.015,0.076,0.079,0.088,2.25,0.18,2.12,2.25,2.37,2.62,0.69,2.31,2.89,3.01,258.5,45.62,227.5,265.0,283.75,98.96,19.05,91.23,96.9,99.28,37.6,10.54,30.33,35.85,43.48,45.74,11.26,37.93,44.4,52.08,54.47,12.71,47.38,55.15,58.28,65.08,19.06,50.5,62.0,71.25,24.33,4.37,21.0,23.0,28.0,9.16,4.04,6.68,7.53,9.39,0.38,0.94,0.0,0.0,0.0,2.23,1.81,0.65,2.8,3.45,19.5,5.39,14.5,19.5,24.5,13.8,4.82,11.25,12.0,14.25,0.0,0.0,0.0,0.0,0.0,2.07,0.64,1.73,1.8,2.1,8.14,0.9,7.48,8.5,8.78,0.0,0.0,0.0,0.0,0.0,1.9,1.73,0.55,2.2,2.35,6.83,2.26,5.34,5.75,8.6,24.0,0.0,24.0,24.0,24.0,22.93,2.11,21.55,23.9,24.3,7.93,0.23,7.78,7.91,7.98,0.36,0.31,0.06,0.32,0.63,Coagulation,1.0,mg/L,1072.0,Pilot-Scale,GAC,Pilot Columns,3.63,62.58000183105469,False,2026-01-20
1073-1-TFC-S,23.22,1.77,22.15,23.3,24.63,6.47,0.23,6.390000000000001,6.49,6.55,0.31,0.6900000000000001,0.0,0.0,0.08,84.55,10.64,83.5,87.25,89.25,242.75,22.27,230.0,245.0,252.5,177.5,9.1,170.0,180.0,180.0,153.25,9.22,150.0,150.0,160.0,0.28,,0.28,0.28,0.28,47.55,8.52,41.5,48.0,51.75,2.24,0.22,2.08,2.23,2.4,21.36,4.07,18.25,20.42,23.94,0.086,0.002,0.084,0.086,0.087,3.86,0.39,3.58,3.82,4.13,6.99,0.59,6.99,6.99,7.23,358.33,29.39,358.33,358.33,374.0,78.88,12.08,78.88,78.88,80.0,63.76,11.36,62.82,63.76,66.62,68.98,11.96,67.61,68.98,72.14,,,,,,63.33,10.81,63.33,63.33,64.0,13.72,1.31,13.72,13.72,14.0,1.83,0.16,1.8,1.83,1.83,0.0,0.0,0.0,0.0,0.0,0.32,0.68,0.0,0.32,0.32,27.83,4.7700000000000005,26.0,27.83,27.83,34.63,6.96,34.47,34.63,35.97,0.0,0.0,0.0,0.0,0.0,0.51,0.58,0.0,0.51,0.51,5.68,1.23,5.3,5.68,5.68,,,,,,,,,,,,,,,,45.51,7.43,48.0,48.0,48.0,22.06,2.5,20.0,20.0,25.0,8.05,0.09,7.98,8.040000000000001,8.15,1.05,0.3,0.77,1.1,1.3,Scale Control,,,1073.0,Pilot-Scale,Membrane,2-Stage Pilot,2.24,47.54999923706055,False,
1074-1-ESNA1,,,,,,6.37,0.0,6.37,6.37,6.37,0.25,0.0,0.25,0.25,0.25,3.3000000000000003,0.0,3.3000000000000003,3.3000000000000003,3.3000000000000003,529.75,0.0,529.75,529.75,529.75,256.0,0.0,256.0,256.0,256.0,244.5,0.0,244.5,244.5,244.5,0.47,0.0,0.47,0.47,0.47,108.5,0.0,108.5,108.5,108.5,10.23,0.0,10.23,10.23,10.23,10.61,0.0,10.61,10.61,10.61,0.332,0.0,0.332,0.332,0.332,3.25,0.0,3.25,3.25,3.25,10.39,0.0,10.39,10.39,10.39,1080.0,0.0,1080.0,1080.0,1080.0,165.5,0.0,165.5,165.5,165.5,251.6,0.0,251.6,251.6,251.6,259.3,0.0,259.3,259.3,259.3,,,,,,137.0,0.0,137.0,137.0,137.0,25.6,0.0,25.6,25.6,25.6,2.9,0.0,2.9,2.9,2.9,0.0,0.0,0.0,0.0,0.0,7.1000000000000005,0.0,7.1000000000000005,7.1000000000000005,7.1000000000000005,98.8,0.0,98.8,98.8,98.8,145.0,0.0,145.0,145.0,145.0,0.0,0.0,0.0,0.0,0.0,0.0,0.0,0.0,0.0,0.0,7.5,0.0,7.5,7.5,7.5,,,,,,,,,,,,,,,,24.25,0.19,24.18,24.35,24.36,20.0,0.0,20.0,20.0,20.0,7.48,0.05,7.47,7.49,7.49,1.2,0.34,1.16,1.16,1.19,pH adjustment,3.0,mg/L,1074.0,Bench-Scale,Membrane,RBSMT,10.39,124.4000015258789,False,
1074-1-NF200B,,,,,,6.37,0.0,6.37,6.37,6.37,0.25,0.0,0.25,0.25,0.25,3.3000000000000003,0.0,3.3000000000000003,3.3000000000000003,3.3000000000000003,529.75,0.0,529.75,529.75,529.75,256.0,0.0,256.0,256.0,256.0,244.5,0.0,244.5,244.5,244.5,0.47,0.0,0.47,0.47,0.47,108.5,0.0,108.5,108.5,108.5,10.23,0.0,10.23,10.23,10.23,10.61,0.0,10.61,10.61,10.61,0.332,0.0,0.332,0.332,0.332,3.25,0.0,3.25,3.25,3.25,10.39,0.0,10.39,10.39,10.39,1080.0,0.0,1080.0,1080.0,1080.0,165.5,0.0,165.5,165.5,165.5,251.6,0.0,251.6,251.6,251.6,259.3,0.0,259.3,259.3,259.3,,,,,,137.0,0.0,137.0,137.0,137.0,25.6,0.0,25.6,25.6,25.6,2.9,0.0,2.9,2.9,2.9,0.0,0.0,0.0,0.0,0.0,7.1000000000000005,0.0,7.1000000000000005,7.1000000000000005,7.1000000000000005,98.8,0.0,98.8,98.8,98.8,145.0,0.0,145.0,145.0,145.0,0.0,0.0,0.0,0.0,0.0,0.0,0.0,0.0,0.0,0.0,7.5,0.0,7.5,7.5,7.5,,,,,,,,,,,,,,,,24.25,0.19,24.18,24.35,24.36,20.0,0.0,20.0,20.0,20.0,7.48,0.05,7.47,7.49,7.49,1.2,0.34,1.16,1.16,1.19,pH adjustment,3.0,mg/L,1074.0,Bench-Scale,Membrane,RBSMT,10.39,124.4000015258789,False,
1074-1-NF70,,,,,,6.55,0.0,6.55,6.55,6.55,0.28,0.0,0.28,0.28,0.28,7.4,0.0,7.4,7.4,7.4,467.5,0.0,467.5,467.5,467.5,221.5,0.0,221.5,221.5,221.5,210.5,0.0,210.5,210.5,210.5,0.42,0.0,0.42,0.42,0.42,116.5,0.0,116.5,116.5,116.5,10.74,0.0,10.74,10.74,10.74,10.85,0.0,10.85,10.85,10.85,0.334,0.0,0.334,0.334,0.334,3.11,0.0,3.11,3.11,3.11,11.08,0.13,10.96,11.08,11.2,924.25,16.3,909.0,924.25,939.5,168.9,5.88,163.4,168.9,174.4,188.23,9.65,179.20000000000002,188.23,197.25,196.08,9.92,186.8,196.08,205.35,,,,,,142.25,4.54,138.0,142.25,146.5,24.0,1.28,22.8,24.0,25.2,2.65,0.05,2.6,2.65,2.7,0.0,0.0,0.0,0.0,0.0,6.0,0.32,5.7,6.0,6.3,59.23,3.98,55.5,59.23,62.95,123.0,5.3500000000000005,118.0,123.0,128.0,0.0,0.0,0.0,0.0,0.0,0.0,0.0,0.0,0.0,0.0,7.85,0.27,7.6,7.85,8.1,,,,,,,,,,,,,,,,23.43,1.42,22.25,22.25,24.9,20.0,0.0,20.0,20.0,20.0,7.49,0.05,7.47,7.47,7.5,1.44,0.7000000000000001,0.93,1.35,1.78,pH adjustment,3.0,mg/L,1074.0,Bench-Scale,Membrane,RBSMT,10.39,124.4000015258789,False,
1074-2-ESNA1,,,,,,6.16,0.0,6.16,6.16,6.16,0.26,0.0,0.26,0.26,0.26,19.2,0.0,19.2,19.2,19.2,479.5,0.0,479.5,479.5,479.5,232.5,0.0,232.5,232.5,232.5,220.5,0.0,220.5,220.5,220.5,0.48,0.0,0.48,0.48,0.48,138.0,0.0,138.0,138.0,138.0,9.68,0.0,9.68,9.68,9.68,14.26,0.0,14.26,14.26,14.26,0.38,0.0,0.38,0.38,0.38,3.92,0.0,3.92,3.92,3.92,11.92,0.0,11.92,11.92,11.92,1001.0,0.0,1001.0,1001.0,1001.0,245.65,0.0,245.65,245.65,245.65,179.5,0.0,179.5,179.5,179.5,188.6,0.0,188.6,188.6,188.6,,,,,,206.0,0.0,206.0,206.0,206.0,35.95,0.0,35.95,35.95,35.95,3.7,0.0,3.7,3.7,3.7,0.0,0.0,0.0,0.0,0.0,2.85,0.0,2.85,2.85,2.85,60.0,0.0,60.0,60.0,60.0,116.0,0.0,116.0,116.0,116.0,0.0,0.0,0.0,0.0,0.0,0.65,0.0,0.65,0.65,0.65,9.1,0.0,9.1,9.1,9.1,,,,,,,,,,,,,,,,24.12,1.68,23.77,23.77,24.58,20.0,0.0,20.0,20.0,20.0,7.51,0.04,7.51,7.52,7.52,0.81,0.26,0.75,0.79,0.84,Aeration,3.0,mg/L,1074.0,Bench-Scale,Membrane,RBSMT,10.39,124.4000015258789,False,
1074-2-NF200B,,,,,,6.16,0.0,6.16,6.16,6.16,0.26,0.0,0.26,0.26,0.26,19.2,0.0,19.2,19.2,19.2,479.5,0.0,479.5,479.5,479.5,232.5,0.0,232.5,232.5,232.5,220.5,0.0,220.5,220.5,220.5,0.48,0.0,0.48,0.48,0.48,138.0,0.0,138.0,138.0,138.0,9.68,0.0,9.68,9.68,9.68,14.26,0.0,14.26,14.26,14.26,0.38,0.0,0.38,0.38,0.38,3.92,0.0,3.92,3.92,3.92,11.92,0.0,11.92,11.92,11.92,1001.0,0.0,1001.0,1001.0,1001.0,245.65,0.0,245.65,245.65,245.65,179.5,0.0,179.5,179.5,179.5,188.6,0.0,188.6,188.6,188.6,,,,,,206.0,0.0,206.0,206.0,206.0,35.95,0.0,35.95,35.95,35.95,3.7,0.0,3.7,3.7,3.7,0.0,0.0,0.0,0.0,0.0,2.85,0.0,2.85,2.85,2.85,60.0,0.0,60.0,60.0,60.0,116.0,0.0,116.0,116.0,116.0,0.0,0.0,0.0,0.0,0.0,0.65,0.0,0.65,0.65,0.65,9.1,0.0,9.1,9.1,9.1,,,,,,,,,,,,,,,,24.12,1.68,23.77,23.77,24.58,20.0,0.0,20.0,20.0,20.0,7.51,0.04,7.51,7.52,7.52,0.81,0.26,0.75,0.79,0.84,Aeration,3.0,mg/L,1074.0,Bench-Scale,Membrane,RBSMT,10.39,124.4000015258789,False,
1074-2-NF70,,,,,,6.17,0.0,6.17,6.17,6.17,0.05,0.0,0.05,0.05,0.05,25.1,0.0,25.1,25.1,25.1,470.5,0.0,470.5,470.5,470.5,244.5,0.0,244.5,244.5,244.5,232.0,0.0,232.0,232.0,232.0,0.58,0.0,0.58,0.58,0.58,130.0,0.0,130.0,130.0,130.0,11.05,0.0,11.05,11.05,11.05,11.76,0.0,11.76,11.76,11.76,0.359,0.0,0.359,0.359,0.359,3.24,0.0,3.24,3.24,3.24,11.97,0.0,11.97,11.97,11.97,1059.0,0.0,1059.0,1059.0,1059.0,234.3,0.0,234.3,234.3,234.3,182.4,0.0,182.4,182.4,182.4,190.3,0.0,190.3,190.3,190.3,,,,,,194.0,0.0,194.0,194.0,194.0,36.6,0.0,36.6,36.6,36.6,3.7,0.0,3.7,3.7,3.7,0.0,0.0,0.0,0.0,0.0,7.1000000000000005,0.0,7.1000000000000005,7.1000000000000005,7.1000000000000005,52.8,0.0,52.8,52.8,52.8,122.5,0.0,122.5,122.5,122.5,0.0,0.0,0.0,0.0,0.0,0.0,0.0,0.0,0.0,0.0,7.9,0.0,7.9,7.9,7.9,,,,,,,,,,,,,,,,24.05,0.5700000000000001,23.92,23.92,24.05,20.0,0.0,20.0,20.0,20.0,7.51,0.03,7.51,7.51,7.53,0.8300000000000001,0.29,0.68,0.68,0.96,Aeration,3.0,mg/L,1074.0,Bench-Scale,Membrane,RBSMT,10.39,124.4000015258789,False,
1074-2-TFC-S,,,,,,6.17,0.0,6.17,6.17,6.17,0.05,0.0,0.05,0.05,0.05,25.1,0.0,25.1,25.1,25.1,470.5,0.0,470.5,470.5,470.5,244.5,0.0,244.5,244.5,244.5,232.0,0.0,232.0,232.0,232.0,0.58,0.0,0.58,0.58,0.58,130.0,0.0,130.0,130.0,130.0,11.05,0.0,11.05,11.05,11.05,11.76,0.0,11.76,11.76,11.76,0.359,0.0,0.359,0.359,0.359,3.24,0.0,3.24,3.24,3.24,11.97,0.0,11.97,11.97,11.97,1059.0,0.0,1059.0,1059.0,1059.0,234.3,0.0,234.3,234.3,234.3,182.4,0.0,182.4,182.4,182.4,190.3,0.0,190.3,190.3,190.3,,,,,,194.0,0.0,194.0,194.0,194.0,36.6,0.0,36.6,36.6,36.6,3.7,0.0,3.7,3.7,3.7,0.0,0.0,0.0,0.0,0.0,7.1000000000000005,0.0,7.1000000000000005,7.1000000000000005,7.1000000000000005,52.8,0.0,52.8,52.8,52.8,122.5,0.0,122.5,122.5,122.5,0.0,0.0,0.0,0.0,0.0,0.0,0.0,0.0,0.0,0.0,7.9,0.0,7.9,7.9,7.9,,,,,,,,,,,,,,,,24.05,0.5700000000000001,23.92,23.92,24.05,20.0,0.0,20.0,20.0,20.0,7.51,0.03,7.51,7.51,7.53,0.8300000000000001,0.29,0.68,0.68,0.96,Aeration,3.0,mg/L,1074.0,Bench-Scale,Membrane,RBSMT,10.39,124.4000015258789,False,
1075-1-10,23.53,0.55,23.25,23.5,23.8,6.72,0.58,6.53,7.0,7.05,0.51,0.07,0.48,0.5,0.54,6.5,3.54,5.25,6.5,7.75,,,,,,11.65,2.33,10.83,11.65,12.48,6.75,1.06,6.38,6.75,7.13,0.01,0.0,0.01,0.01,0.01,10.0,0.0,10.0,10.0,10.0,1.83,0.13,1.76,1.8,1.89,5.68,0.18,5.62,5.68,5.75,0.019,0.003,0.017,0.018,0.02,1.02,0.09,0.97,1.0,1.06,1.06,0.21,1.0,1.17,1.18,67.0,3.0,66.25,67.0,67.75,18.42,0.86,18.05,18.62,18.89,21.79,3.73,19.75,20.93,23.4,21.79,3.73,19.75,20.93,23.4,21.79,3.73,19.75,20.93,23.4,18.42,0.86,18.05,18.62,18.89,0.0,0.0,0.0,0.0,0.0,0.0,0.0,0.0,0.0,0.0,0.0,0.0,0.0,0.0,0.0,1.82,1.63,1.17,2.34,2.74,11.53,4.13,9.2,10.1,13.15,7.68,1.54,6.92,7.7,8.46,0.75,0.66,0.53,1.06,1.13,0.0,0.0,0.0,0.0,0.0,0.0,0.0,0.0,0.0,0.0,0.0,0.0,0.0,0.0,0.0,0.0,0.0,0.0,0.0,0.0,0.0,0.0,0.0,0.0,0.0,7.0,0.0,7.0,7.0,7.0,21.0,0.0,21.0,21.0,21.0,7.0,0.0,7.0,7.0,7.0,0.79,0.16,0.7,0.74,0.86,Coagulation,20.0,mg/L,1075.0,Bench-Scale,GAC,RSSCT,1.99,10.0,False,2026-01-10
1075-1-20,24.0,0.56,23.75,24.1,24.3,7.05,0.09,7.03,7.1,7.1,0.47,0.06,0.44,0.45,0.5,11.75,2.47,10.88,11.75,12.63,,,,,,33.5,9.19,30.25,33.5,36.75,7.9,8.34,4.95,7.9,10.85,0.01,0.0,0.01,0.01,0.01,10.0,0.0,10.0,10.0,10.0,1.86,0.1,1.81,1.82,1.9,5.54,0.07,5.52,5.54,5.56,0.019,0.001,0.019,0.019,0.02,1.02,0.04,1.0,1.02,1.04,1.21,0.34,1.08,1.33,1.4,81.25,25.5,74.88,81.25,87.63,18.38,2.68,17.28,19.16,19.88,20.35,3.41,19.16,21.86,22.3,20.35,3.41,19.16,21.86,22.3,20.35,3.41,19.16,21.86,22.3,18.38,2.68,17.28,19.16,19.88,0.0,0.0,0.0,0.0,0.0,0.0,0.0,0.0,0.0,0.0,0.0,0.0,0.0,0.0,0.0,2.57,0.48,2.3,2.34,2.74,10.53,1.83,9.53,10.1,11.32,5.71,2.03,4.72,5.78,6.74,1.54,0.31,1.4,1.6,1.71,0.0,0.0,0.0,0.0,0.0,0.0,0.0,0.0,0.0,0.0,0.0,0.0,0.0,0.0,0.0,0.0,0.0,0.0,0.0,0.0,0.0,0.0,0.0,0.0,0.0,7.0,0.0,7.0,7.0,7.0,21.0,0.0,21.0,21.0,21.0,7.0,0.0,7.0,7.0,7.0,0.76,0.13,0.67,0.74,0.8,Coagulation,20.0,mg/L,,Unknown,,,,,False,2026-01-20
1075-2-10,24.6,0.36,24.4,24.5,24.75,6.29,0.98,5.73,5.9,6.65,0.31,0.21,0.22,0.35,0.42,10.5,2.83,9.5,10.5,11.5,,,,,,19.85,0.21,19.78,19.85,19.93,13.75,0.35,13.63,13.75,13.88,0.01,0.0,0.01,0.01,0.01,10.0,0.0,10.0,10.0,10.0,2.7,0.32,2.54,2.68,2.85,3.75,0.62,3.53,3.75,3.97,0.047,0.006,0.045,0.05,0.05,1.73,0.12,1.66,1.67,1.77,2.37,0.21,2.26,2.34,2.47,184.0,3.12,182.25,183.0,185.25,39.86,7.81,35.5,37.46,43.03,72.08,20.85,61.55,71.66,82.4,72.08,20.85,61.55,71.66,82.4,72.08,20.85,61.55,71.66,82.4,38.5,7.59,34.27,36.19,41.59,1.36,0.22,1.23,1.27,1.44,0.0,0.0,0.0,0.0,0.0,0.0,0.0,0.0,0.0,0.0,3.75,1.35,3.0,3.35,4.31,38.13,20.02,27.23,33.87,46.91,30.19,4.78,27.72,29.84,32.49,0.0,0.0,0.0,0.0,0.0,0.0,0.0,0.0,0.0,0.0,0.0,0.0,0.0,0.0,0.0,0.0,0.0,0.0,0.0,0.0,0.0,0.0,0.0,0.0,0.0,0.0,0.0,0.0,0.0,0.0,7.0,0.0,7.0,7.0,7.0,22.0,0.0,22.0,22.0,22.0,7.0,0.0,7.0,7.0,7.0,0.76,0.25,0.61,0.67,0.89,Coagulation,15.0,mg/L,1075.0,Bench-Scale,GAC,RSSCT,1.99,10.0,False,2026-02-10
1075-2-20,22.63,0.71,22.25,22.5,22.95,6.21,0.85,5.73,5.9,6.54,0.22,0.14,0.16,0.23,0.29,10.5,2.83,9.5,10.5,11.5,,,,,,19.85,0.21,19.78,19.85,19.93,13.75,0.35,13.63,13.75,13.88,0.01,0.0,0.01,0.01,0.01,10.0,0.0,10.0,10.0,10.0,2.59,0.37,2.38,2.39,2.71,3.75,0.62,3.53,3.75,3.97,0.047,0.006,0.045,0.05,0.05,1.81,0.26,1.66,1.67,1.89,1.87,1.03,1.52,2.34,2.47,185.17,2.25,184.0,185.0,186.25,43.37,13.79,35.5,37.46,48.3,81.15,25.89,72.29,93.13,96.01,81.15,25.89,72.29,93.13,96.01,81.15,25.89,72.29,93.13,96.01,42.0,13.53,34.27,36.19,46.83,1.38,0.26,1.23,1.27,1.47,0.0,0.0,0.0,0.0,0.0,0.0,0.0,0.0,0.0,0.0,3.69,1.43,2.91,3.35,4.31,49.34,25.19,40.26,59.94,63.72,27.67,2.12,26.58,27.56,28.7,0.46,0.8,0.0,0.0,0.69,0.0,0.0,0.0,0.0,0.0,0.0,0.0,0.0,0.0,0.0,0.0,0.0,0.0,0.0,0.0,0.0,0.0,0.0,0.0,0.0,0.0,0.0,0.0,0.0,0.0,7.0,0.0,7.0,7.0,7.0,22.0,0.0,22.0,22.0,22.0,7.0,0.0,7.0,7.0,7.0,0.83,0.22,0.71,0.9,0.98,Coagulation,15.0,mg/L,1075.0,Bench-Scale,GAC,RSSCT,1.99,10.0,False,2026-02-20
1075-3-10,21.9,0.36,21.75,22.0,22.1,7.26,0.37,7.15,7.45,7.48,0.15,0.03,0.14,0.16,0.17,13.75,7.42,11.13,13.75,16.38,,,,,,24.0,1.41,23.5,24.0,24.5,18.0,8.49,15.0,18.0,21.0,0.01,0.0,0.01,0.01,0.01,10.0,0.0,10.0,10.0,10.0,1.96,0.42,1.79,2.07,2.2,4.57,0.37,4.44,4.57,4.7,0.037,0.015,0.03,0.04,0.045,1.82,0.55,1.53,1.72,2.07,1.69,0.26,1.55,1.63,1.8,119.5,54.74,101.5,146.5,151.0,22.87,4.13,20.92,23.29,25.03,26.41,11.57,20.48,25.78,32.03,26.41,11.57,20.48,25.78,32.03,26.41,11.57,20.48,25.78,32.03,22.14,3.53,20.41,22.27,23.94,0.73,0.63,0.51,1.02,1.09,0.0,0.0,0.0,0.0,0.0,0.0,0.0,0.0,0.0,0.0,0.0,0.0,0.0,0.0,0.0,10.94,3.72,9.61,12.51,13.07,14.41,6.58,10.87,13.27,17.38,1.06,1.84,0.0,0.0,1.59,0.0,0.0,0.0,0.0,0.0,0.0,0.0,0.0,0.0,0.0,0.0,0.0,0.0,0.0,0.0,0.0,0.0,0.0,0.0,0.0,0.0,0.0,0.0,0.0,0.0,7.0,0.0,7.0,7.0,7.0,22.0,0.0,22.0,22.0,22.0,7.0,0.0,7.0,7.0,7.0,0.75,0.27,0.56,0.75,0.92,Coagulation,18.0,mg/L,1075.0,Bench-Scale,GAC,RSSCT,1.99,10.0,False,2026-03-10
1075-3-20,21.9,0.36,21.75,22.0,22.1,7.26,0.37,7.15,7.45,7.48,0.32,0.31,0.14,0.16,0.42,13.75,7.42,11.13,13.75,16.38,,,,,,24.0,1.41,23.5,24.0,24.5,18.0,8.49,15.0,18.0,21.0,0.01,0.0,0.01,0.01,0.01,10.0,0.0,10.0,10.0,10.0,1.96,0.42,1.79,2.07,2.2,4.57,0.37,4.44,4.57,4.7,0.037,0.015,0.03,0.04,0.045,1.82,0.55,1.53,1.72,2.07,1.69,0.26,1.55,1.63,1.8,119.5,54.74,101.5,146.5,151.0,22.87,4.13,20.92,23.29,25.03,26.41,11.57,20.48,25.78,32.03,26.41,11.57,20.48,25.78,32.03,26.41,11.57,20.48,25.78,32.03,22.14,3.53,20.41,22.27,23.94,0.73,0.63,0.51,1.02,1.09,0.0,0.0,0.0,0.0,0.0,0.0,0.0,0.0,0.0,0.0,0.0,0.0,0.0,0.0,0.0,10.94,3.72,9.61,12.51,13.07,14.41,6.58,10.87,13.27,17.38,1.06,1.84,0.0,0.0,1.59,0.0,0.0,0.0,0.0,0.0,0.0,0.0,0.0,0.0,0.0,0.0,0.0,0.0,0.0,0.0,0.0,0.0,0.0,0.0,0.0,0.0,0.0,0.0,0.0,0.0,7.0,0.0,7.0,7.0,7.0,22.0,0.0,22.0,22.0,22.0,7.0,0.0,7.0,7.0,7.0,0.96,0.28,0.75,0.89,1.22,Coagulation,18.0,mg/L,1075.0,Bench-Scale,GAC,RSSCT,1.99,10.0,False,2026-03-20
1075-4-10,17.67,0.21,17.55,17.6,17.75,6.82,0.09,6.77,6.8,6.86,0.12,0.03,0.11,0.12,0.14,33.0,0.71,32.75,33.0,33.25,,,,,,50.0,16.97,44.0,50.0,56.0,34.0,0.0,34.0,34.0,34.0,0.01,0.0,0.01,0.01,0.01,10.0,,10.0,10.0,10.0,1.51,0.05,1.49,1.49,1.53,6.71,,6.71,6.71,6.71,0.057,0.04,0.035,0.05,0.075,3.79,2.74,2.33,3.38,5.04,1.01,0.05,0.99,1.02,1.04,98.0,0.0,98.0,98.0,98.0,26.08,0.0,26.08,26.08,26.08,44.13,0.0,44.13,44.13,44.13,44.13,0.0,44.13,44.13,44.13,44.13,0.0,44.13,44.13,44.13,9.53,14.33,1.26,1.26,13.67,0.0,0.0,0.0,0.0,0.0,0.0,0.0,0.0,0.0,0.0,0.0,0.0,0.0,0.0,0.0,4.82,0.0,4.82,4.82,4.82,13.86,20.66,8.7,13.86,19.03,8.79,12.66,5.63,8.79,11.96,0.0,0.0,0.0,0.0,0.0,0.0,0.0,0.0,0.0,0.0,0.0,0.0,0.0,0.0,0.0,0.0,0.0,0.0,0.0,0.0,0.0,0.0,0.0,0.0,0.0,0.0,0.0,0.0,0.0,0.0,7.0,0.0,7.0,7.0,7.0,22.0,0.0,22.0,22.0,22.0,7.0,0.0,7.0,7.0,7.0,0.6,0.29,0.42,0.5,0.94,Coagulation,22.0,mg/L,1075.0,Bench-Scale,GAC,RSSCT,1.99,10.0,False,2026-04-10
1075-4-20,17.67,0.21,17.55,17.6,17.75,6.82,0.09,6.77,6.8,6.86,0.12,0.03,0.11,0.12,0.14,33.0,0.71,32.75,33.0,33.25,,,,,,50.0,16.97,44.0,50.0,56.0,34.0,0.0,34.0,34.0,34.0,0.01,0.0,0.01,0.01,0.01,10.0,,10.0,10.0,10.0,1.51,0.05,1.49,1.49,1.53,6.71,,6.71,6.71,6.71,0.057,0.04,0.035,0.05,0.075,3.79,2.74,2.33,3.38,5.04,1.01,0.05,0.99,1.02,1.04,49.33,42.15,25.0,25.0,61.5,9.53,14.33,1.26,1.26,13.67,25.06,38.14,15.53,25.06,34.6,25.06,38.14,15.53,25.06,34.6,25.06,38.14,15.53,25.06,34.6,9.53,14.33,1.26,1.26,13.67,0.0,0.0,0.0,0.0,0.0,0.0,0.0,0.0,0.0,0.0,0.0,0.0,0.0,0.0,0.0,2.41,4.82,1.21,2.41,3.62,13.86,20.66,8.7,13.86,19.03,8.79,12.66,5.63,8.79,11.96,0.0,0.0,0.0,0.0,0.0,0.0,0.0,0.0,0.0,0.0,0.0,0.0,0.0,0.0,0.0,0.0,0.0,0.0,0.0,0.0,0.0,0.0,0.0,0.0,0.0,0.0,0.0,0.0,0.0,0.0,7.0,0.0,7.0,7.0,7.0,22.0,0.0,22.0,22.0,22.0,7.0,0.0,7.0,7.0,7.0,0.67,0.27,0.47,0.66,0.91,Coagulation,22.0,mg/L,1075.0,Bench-Scale,GAC,RSSCT,1.99,10.0,False,2026-04-20
1076-1-10,21.8,0.79,21.5,22.1,22.25,8.01,0.1,7.96,8.02,8.06,0.47,0.3,0.3,0.3,0.56,137.5,0.71,137.25,137.5,137.75,,,,,,166.0,5.66,164.0,166.0,168.0,136.0,26.87,126.5,136.0,145.5,0.15,0.0,0.15,0.15,0.15,126.5,33.23,114.75,126.5,138.25,3.1,0.1,3.05,3.1,3.15,41.36,9.94,37.85,41.36,44.87,0.053,0.002,0.053,0.053,0.054,1.72,0.09,1.69,1.77,1.77,2.9,0.2,2.8,2.9,3.0,383.33,32.15,365.0,370.0,395.0,45.7,4.75,43.1,44.6,47.75,20.77,2.91,19.4,21.1,22.3,26.77,3.81,24.8,26.5,28.6,,,,,,21.0,3.61,19.0,20.0,22.5,17.0,1.0,16.5,17.0,17.5,7.7,0.17,7.6,7.6,7.75,0.0,0.0,0.0,0.0,0.0,0.0,0.0,0.0,0.0,0.0,11.9,2.76,10.35,11.0,13.0,6.63,1.37,5.85,6.0,7.1,0.0,0.0,0.0,0.0,0.0,2.23,0.31,2.1,2.3,2.4,6.0,1.04,5.4,5.4,6.3,,,,,,,,,,,,,,,,3.0,0.0,3.0,3.0,3.0,21.69,0.59,21.0,22.0,22.0,8.2,0.08,8.17,8.2,8.2,1.26,0.15,1.13,1.3,1.39,Clarification,0.24,mg/L,1076.0,Bench-Scale,GAC,RSSCT,3.28,129.5,False,2026-01-10
1076-1-20,22.47,0.5,22.2,22.4,22.7,7.87,0.15,7.8,7.9,7.95,0.5,0.2,0.4,0.5,0.6,133.5,4.95,131.75,133.5,135.25,,,,,,163.0,1.41,162.5,163.0,163.5,125.0,11.31,121.0,125.0,129.0,0.15,0.0,0.15,0.15,0.15,126.5,33.23,114.75,126.5,138.25,3.22,0.19,3.15,3.3,3.33,39.89,7.86,37.11,39.89,42.67,0.064,0.009,0.061,0.069,0.069,1.99,0.18,1.92,2.06,2.09,3.0,0.3,2.85,3.0,3.15,407.5,25.0,401.25,407.5,413.75,52.33,7.15,49.15,53.7,56.2,22.9,2.23,21.65,22.2,23.8,29.47,3.35,27.65,28.8,30.95,,,,,,24.67,4.16,23.0,26.0,27.0,19.0,2.0,18.0,19.0,20.0,8.67,1.05,8.15,8.7,9.2,0.0,0.0,0.0,0.0,0.0,0.0,0.0,0.0,0.0,0.0,12.67,1.53,12.0,13.0,13.5,8.03,0.86,7.65,8.2,8.5,0.0,0.0,0.0,0.0,0.0,2.2,0.36,2.0,2.1,2.35,6.57,1.15,6.0,6.6,7.15,,,,,,,,,,,,,,,,3.0,0.0,3.0,3.0,3.0,21.53,0.52,21.0,22.0,22.0,8.16,0.09,8.1,8.2,8.2,1.46,0.79,1.2,1.3,1.4,Clarification,0.24,mg/L,1076.0,Bench-Scale,GAC,RSSCT,3.28,129.5,False,2026-01-20
1076-2-10,25.33,0.58,25.0,25.0,25.5,8.02,0.09,7.97,8.0,8.06,0.28,0.16,0.22,0.34,0.37,111.85,0.21,111.78,111.85,111.93,,,,,,127.0,1.41,126.5,127.0,127.5,102.95,3.89,101.58,102.95,104.33,0.15,0.0,0.15,0.15,0.15,142.5,4.95,140.75,142.5,144.25,3.37,0.01,3.37,3.37,3.37,42.35,1.56,41.8,42.35,42.9,0.059,0.008,0.056,0.06,0.063,1.76,0.23,1.65,1.79,1.88,3.27,0.21,3.15,3.2,3.35,160.0,5.0,157.5,160.0,162.5,49.1,3.0,47.95,50.2,50.8,18.1,8.23,13.4,14.6,21.05,24.97,9.06,19.75,20.4,27.9,,,,,,17.0,4.36,14.5,15.0,18.5,17.67,0.58,17.5,18.0,18.0,11.9,2.15,10.85,12.0,13.0,2.53,0.76,2.2,2.7,2.95,0.0,0.0,0.0,0.0,0.0,10.7,4.61,8.05,8.5,12.25,5.23,2.66,3.7,3.7,6.0,0.0,0.0,0.0,0.0,0.0,2.17,1.88,1.6,3.2,3.25,6.87,1.05,6.35,6.9,7.4,,,,,,,,,,,,,,,,3.0,0.0,3.0,3.0,3.0,24.03,0.97,23.0,24.0,25.0,8.08,0.08,8.03,8.1,8.14,1.08,0.18,1.0,1.1,1.1,Clarification,0.24,mg/L,1076.0,Bench-Scale,GAC,RSSCT,3.28,129.5,False,2026-02-10
1076-2-20,24.67,1.53,24.0,25.0,25.5,7.99,0.04,7.97,8.0,8.01,0.26,0.15,0.2,0.3,0.35,113.1,1.98,112.4,113.1,113.8,,,,,,127.0,1.41,126.5,127.0,127.5,105.1,0.85,104.8,105.1,105.4,0.15,0.0,0.15,0.15,0.15,130.0,22.63,122.0,130.0,138.0,3.43,0.11,3.37,3.37,3.46,38.64,6.81,36.23,38.64,41.05,0.064,0.003,0.063,0.065,0.066,1.87,0.09,1.81,1.84,1.9,3.47,0.25,3.35,3.5,3.6,158.33,2.89,157.5,160.0,160.0,51.8,6.31,48.55,51.4,54.85,22.8,7.13,20.45,26.3,26.9,30.7,8.93,27.9,35.4,35.85,,,,,,18.67,4.16,17.0,20.0,21.0,18.67,2.08,17.5,18.0,19.5,12.23,2.66,10.85,12.0,13.5,2.23,0.5,2.0,2.3,2.5,0.0,0.0,0.0,0.0,0.0,12.2,4.26,10.3,13.0,14.5,6.63,2.55,5.8,7.9,8.1,0.0,0.0,0.0,0.0,0.0,3.97,1.24,3.25,3.3,4.35,7.9,2.1,6.85,7.9,8.95,,,,,,,,,,,,,,,,3.0,0.0,3.0,3.0,3.0,24.1,1.06,23.0,24.0,24.75,8.07,0.1,8.0,8.09,8.14,1.13,0.16,1.0,1.1,1.2,Clarification,0.24,mg/L,1076.0,Bench-Scale,GAC,RSSCT,3.28,129.5,False,2026-02-20
1076-3-10,24.33,1.15,24.0,25.0,25.0,7.77,0.14,7.71,7.8,7.85,0.34,0.31,0.16,0.2,0.45,99.0,2.83,98.0,99.0,100.0,,,,,,116.0,2.83,115.0,116.0,117.0,91.0,2.83,90.0,91.0,92.0,0.15,0.0,0.15,0.15,0.15,114.5,2.12,113.75,114.5,115.25,3.29,0.08,3.25,3.28,3.32,34.8,0.51,34.61,34.8,34.98,0.055,0.014,0.048,0.053,0.062,1.69,0.45,1.46,1.64,1.9,2.73,0.29,2.65,2.9,2.9,135.0,50.0,122.5,135.0,147.5,41.97,4.95,39.25,40.8,44.1,12.07,1.7,11.2,12.0,12.9,17.9,2.65,16.6,18.0,19.25,,,,,,10.17,1.61,9.25,9.5,10.75,16.0,2.0,15.0,16.0,17.0,13.33,1.53,12.5,13.0,14.0,2.47,0.21,2.35,2.4,2.55,0.0,0.0,0.0,0.0,0.0,6.0,0.95,5.55,6.1,6.5,2.9,0.7,2.55,2.9,3.25,0.0,0.0,0.0,0.0,0.0,3.17,0.15,3.1,3.2,3.25,5.83,0.96,5.4,6.0,6.35,,,,,,,,,,,,,,,,3.0,0.0,3.0,3.0,3.0,21.47,1.13,21.0,22.0,22.0,7.91,0.17,7.8,7.9,8.03,1.05,0.35,0.9,1.0,1.1,Clarification,0.24,mg/L,1076.0,Bench-Scale,GAC,RSSCT,3.28,129.5,False,2026-03-10
1076-3-20,23.73,1.1,23.1,23.2,24.1,7.76,0.13,7.71,7.8,7.84,0.53,0.29,0.45,0.7,0.7,101.0,5.66,99.0,101.0,103.0,,,,,,113.0,1.41,112.5,113.0,113.5,93.0,0.0,93.0,93.0,93.0,0.15,0.0,0.15,0.15,0.15,114.0,1.41,113.5,114.0,114.5,3.32,0.15,3.24,3.26,3.38,35.21,0.07,35.18,35.21,35.23,0.069,0.015,0.062,0.072,0.078,2.09,0.46,1.85,2.07,2.31,2.8,0.36,2.65,2.9,3.0,151.67,7.64,147.5,150.0,155.0,41.3,2.69,39.85,40.8,42.5,15.63,7.27,11.45,12.0,18.0,22.3,9.42,16.9,18.0,25.55,,,,,,10.83,1.89,9.75,10.0,11.5,16.33,0.58,16.0,16.0,16.5,12.0,1.0,11.5,12.0,12.5,2.13,0.21,2.05,2.2,2.25,0.0,0.0,0.0,0.0,0.0,8.0,3.47,6.0,6.1,9.05,3.87,1.85,2.8,2.9,4.45,0.43,0.75,0.0,0.0,0.65,3.33,1.23,2.65,3.0,3.85,6.67,2.18,5.45,6.0,7.55,,,,,,,,,,,,,,,,3.0,0.0,3.0,3.0,3.0,21.33,1.18,20.5,22.0,22.0,7.93,0.14,7.87,7.9,8.0,1.09,0.34,0.9,1.1,1.2,Clarification,0.24,mg/L,1076.0,Bench-Scale,GAC,RSSCT,3.28,129.5,False,2026-03-20
1076-4-10,21.2,1.91,20.65,22.3,22.3,7.6,0.11,7.54,7.58,7.65,0.17,0.06,0.15,0.2,0.2,119.5,0.71,119.25,119.5,119.75,,,,,,159.0,1.41,158.5,159.0,159.5,146.0,1.41,145.5,146.0,146.5,0.15,0.0,0.15,0.15,0.15,140.5,13.44,135.75,140.5,145.25,3.26,0.11,3.2,3.24,3.31,42.44,2.78,41.45,42.44,43.42,0.053,0.006,0.05,0.053,0.056,1.62,0.13,1.56,1.63,1.69,2.24,0.04,2.22,2.23,2.26,150.0,10.0,147.5,150.0,152.5,50.87,0.7,50.5,50.8,51.2,18.2,3.05,17.15,19.6,19.95,24.8,3.65,23.6,26.6,26.9,,,,,,18.33,0.58,18.0,18.0,18.5,19.67,0.58,19.5,20.0,20.0,11.33,0.58,11.0,11.0,11.5,1.53,0.31,1.4,1.6,1.7,0.7,1.21,0.0,0.0,1.05,9.47,1.6,8.7,9.6,10.3,4.6,1.01,4.15,4.8,5.15,0.0,0.0,0.0,0.0,0.0,3.43,0.35,3.25,3.4,3.6,6.6,0.61,6.4,6.9,6.95,,,,,,,,,,,,,,,,8.0,0.0,8.0,8.0,8.0,20.63,0.59,20.0,20.6,21.0,7.84,0.09,7.81,7.86,7.9,0.96,0.13,0.9,1.0,1.0,Clarification,0.24,mg/L,1076.0,Bench-Scale,GAC,RSSCT,3.28,129.5,False,2026-04-10
1076-4-20,22.2,0.36,22.05,22.3,22.4,7.81,0.33,7.62,7.66,7.93,0.15,0.05,0.13,0.15,0.18,119.5,0.71,119.25,119.5,119.75,,,,,,160.0,2.83,159.0,160.0,161.0,145.25,0.35,145.13,145.25,145.38,0.15,0.0,0.15,0.15,0.15,141.5,14.85,136.25,141.5,146.75,3.27,0.05,3.23,3.24,3.28,43.76,4.65,42.11,43.76,45.4,0.058,0.002,0.057,0.057,0.059,1.77,0.09,1.72,1.76,1.81,2.13,0.06,2.1,2.1,2.15,136.67,7.64,132.5,135.0,140.0,53.17,3.05,51.6,53.0,54.65,20.97,1.24,20.25,20.3,21.35,29.53,2.64,28.1,29.0,30.7,,,,,,19.33,1.15,19.0,20.0,20.0,20.33,0.58,20.0,20.0,20.5,11.67,1.15,11.0,11.0,12.0,1.83,0.57,1.6,2.0,2.15,0.0,0.0,0.0,0.0,0.0,11.33,0.58,11.0,11.0,11.5,5.23,0.25,5.1,5.2,5.35,0.0,0.0,0.0,0.0,0.0,4.4,0.72,4.0,4.2,4.7,8.57,1.56,7.85,8.8,9.4,,,,,,,,,,,,,,,,8.0,0.0,8.0,8.0,8.0,20.68,0.71,20.0,20.6,21.0,7.9,0.13,7.84,7.9,7.97,0.98,0.14,0.9,1.0,1.1,Clarification,0.24,mg/L,1076.0,Bench-Scale,GAC,RSSCT,3.28,129.5,False,2026-04-20
1077-1-10,19.67,2.08,18.5,19.0,20.5,6.63,0.25,6.5,6.6,6.75,0.36,0.38,0.15,0.19,0.49,9.33,1.03,8.9,9.6,9.9,,,,,,19.07,1.67,18.4,19.6,20.0,13.4,0.8,13.0,13.4,13.8,0.0,0.0,0.0,0.0,0.0,18.33,14.43,10.0,10.0,22.5,1.77,0.29,1.6,1.6,1.85,10.96,9.48,5.51,6.25,14.06,0.043,0.006,0.042,0.043,0.045,2.35,0.31,2.27,2.35,2.42,0.58,0.44,0.35,0.68,0.91,140.0,0.0,140.0,140.0,140.0,8.2,2.8,7.5,8.2,8.9,19.25,9.3,16.93,19.25,21.58,20.6,9.0,18.35,20.6,22.85,,,,,,6.15,1.9,5.68,6.15,6.63,2.05,0.9,1.83,2.05,2.28,0.0,0.0,0.0,0.0,0.0,0.0,0.0,0.0,0.0,0.0,0.0,0.0,0.0,0.0,0.0,13.5,5.0,12.25,13.5,14.75,5.75,4.3,4.68,5.75,6.83,0.0,0.0,0.0,0.0,0.0,0.0,0.0,0.0,0.0,0.0,1.35,0.3,1.28,1.35,1.43,,,,,,,,,,,,,,,,2.0,0.0,2.0,2.0,2.0,23.81,3.26,20.5,24.0,27.0,6.15,0.24,6.0,6.1,6.4,0.47,0.43,0.13,0.24,0.9,Coagulation,30.0,mg/L,1077.0,Pilot-Scale,GAC,Pilot Columns,1.59,22.040000915527344,False,2026-01-10
1077-1-20,19.67,2.08,18.5,19.0,20.5,6.63,0.25,6.5,6.6,6.75,0.36,0.38,0.15,0.19,0.49,9.33,1.03,8.9,9.6,9.9,,,,,,19.07,1.67,18.4,19.6,20.0,13.4,0.8,13.0,13.4,13.8,0.0,0.0,0.0,0.0,0.0,18.33,14.43,10.0,10.0,22.5,1.77,0.29,1.6,1.6,1.85,10.96,9.48,5.51,6.25,14.06,0.043,0.006,0.042,0.043,0.045,2.35,0.31,2.27,2.35,2.42,0.58,0.44,0.35,0.68,0.91,140.0,0.0,140.0,140.0,140.0,8.2,2.8,7.5,8.2,8.9,19.25,9.3,16.93,19.25,21.58,20.6,9.0,18.35,20.6,22.85,,,,,,6.15,1.9,5.68,6.15,6.63,2.05,0.9,1.83,2.05,2.28,0.0,0.0,0.0,0.0,0.0,0.0,0.0,0.0,0.0,0.0,0.0,0.0,0.0,0.0,0.0,13.5,5.0,12.25,13.5,14.75,5.75,4.3,4.68,5.75,6.83,0.0,0.0,0.0,0.0,0.0,0.0,0.0,0.0,0.0,0.0,1.35,0.3,1.28,1.35,1.43,,,,,,,,,,,,,,,,2.0,0.0,2.0,2.0,2.0,24.34,3.24,21.38,25.65,27.0,6.18,0.23,6.0,6.1,6.38,0.53,0.47,0.13,0.27,0.92,Coagulation,30.0,mg/L,1077.0,Pilot-Scale,GAC,Pilot Columns,1.59,22.040000915527344,False,2026-01-20
1078-1-TFC-S,29.0,0.0,29.0,29.0,29.0,5.66,0.37,5.51,5.69,5.87,7.390000000000001,17.47,0.95,1.86,2.47,49.06,12.93,42.0,50.0,55.5,317.61,32.63,294.5,299.0,331.5,299.47,22.52,288.0,290.0,315.0,278.45,22.61,259.5,276.0,291.5,0.79,0.23,0.67,0.6900000000000001,0.78,,,,,,13.89,2.17,12.48,13.95,15.5,,,,,,0.514,0.064,0.49,0.501,0.541,3.56,0.71,3.23,3.35,3.69,,,,,,,,,,,,,,,,,,,,,,,,,,,,,,,,,,,,,,,,,,,,,,,,,,,,,,,,,,,,,,,,,,,,,,,,,,,,,,,,,,,,,,,,,,,,,,,,,,,,,,,,,,,,,,,,,,,,Scale Control,42.0,mg/L,1078.0,Pilot-Scale,Membrane,3-Stage Pilot,13.89,,False,
1079-1-ESNA1,25.03,0.09,25.0,25.0,25.0,7.21,0.07,7.2,7.2,7.2,0.53,0.31,0.36,0.41,0.53,170.75,22.85,156.0,164.0,182.5,211.88,15.8,206.25,210.0,217.5,211.5,4.24,210.0,211.0,213.0,205.0,5.55,205.5,206.0,208.0,0.24,0.09,0.19,0.27,0.3,87.31,7.38,82.75,86.0,92.88,7.930000000000001,0.75,7.38,7.73,8.46,11.11,1.48,10.05,11.06,11.62,0.328,0.016,0.317,0.336,0.338,4.17,0.31,4.01,4.05,4.42,16.47,2.58,15.1,15.8,17.46,568.9300000000001,253.57,620.0,660.0,690.0,222.76,20.67,202.93,229.33,237.41,86.88,11.48,80.7,86.45,93.23,93.93,11.83,86.85000000000001,93.9,100.35,99.61,13.11,91.88,99.8,106.9,190.0,19.09,170.0,195.0,206.25,28.88,3.48,27.5,28.5,31.25,3.89,0.86,3.1,3.93,4.3100000000000005,0.0,0.0,0.0,0.0,0.0,3.36,1.52,3.33,3.5500000000000003,3.83,46.0,4.3,43.38,46.5,49.38,37.31,7.59,31.25,37.5,41.75,0.0,0.0,0.0,0.0,0.0,0.21,0.41,0.0,0.0,0.14,7.05,0.73,6.65,6.93,7.61,0.0,0.0,0.0,0.0,0.0,0.13,0.35,0.0,0.0,0.0,5.5600000000000005,1.63,4.95,6.2,6.6000000000000005,6.0,0.0,6.0,6.0,6.0,25.0,0.0,25.0,25.0,25.0,8.83,0.12,8.75,8.83,8.89,0.77,0.18,0.67,0.8,0.92,Filtration,,,1079.0,Pilot-Scale,Membrane,3-Stage Pilot,7.96,86.0999984741211,False,
1079-1-TFC-ULP,26.4,,,,,7.3,,,,,1.6,,,,,,,,,,260.0,,,,,200.0,,,,,190.0,,,,,0.07,,,,,10.0,,,,,8.1,,,,,1.23,,,,,0.246,,,,,3.04,,,,,11.3,,,,,580.0,,,,,238.1,,,,,90.7,,,,,99.1,,,,,106.9,,,,,200.0,,,,,34.0,,,,,4.1,,,,,0.0,,,,,3.7,,,,,46.0,,,,,41.0,,,,,0.0,,,,,0.0,,,,,8.4,,,,,0.0,,,,,0.0,,,,,7.8,,,,,6.0,0.0,6.0,6.0,6.0,25.0,0.0,25.0,25.0,25.0,8.74,0.02,8.73,8.74,8.75,0.6,0.0,0.6,0.6,0.6,Filtration,5.0,mg/L,1079.0,Pilot-Scale,Membrane,3-Stage Pilot,7.96,86.0999984741211,False,
1079-1-TS80,26.93,0.7000000000000001,26.75,27.0,27.18,7.0600000000000005,0.17,6.96,7.1000000000000005,7.2,0.51,0.07,0.48,0.5,0.53,167.25,9.22,160.75,164.5,171.0,246.88,4.73,245.63,248.75,250.0,210.25,5.32,207.0,210.5,213.75,206.75,4.57,203.5,206.5,209.75,0.39,0.07,0.35,0.4,0.44,82.0,9.63,77.25,80.5,85.25,8.040000000000001,0.28,7.84,7.98,8.18,10.21,1.28,9.62,9.76,10.35,0.354,0.006,0.351,0.354,0.357,4.41,0.18,4.33,4.42,4.5,14.66,2.62,13.13,15.13,16.66,620.0,139.34,512.5,587.5,695.0,217.88,38.42,199.58,209.7,228.0,98.51,13.13,90.69,99.3,107.13,105.94,13.87,97.59,106.75,115.1,112.26,15.11,102.71,112.55,122.1,191.25,34.25,175.0,182.5,198.75,23.5,4.2,21.75,24.0,25.75,3.13,0.45,2.83,3.2,3.5,0.0,0.0,0.0,0.0,0.0,4.14,1.08,3.34,3.83,4.63,50.63,7.36,47.63,52.5,55.5,43.75,6.18,39.0,42.0,46.75,0.0,0.0,0.0,0.0,0.0,0.0,0.0,0.0,0.0,0.0,7.43,0.75,6.9,7.45,7.98,0.0,0.0,0.0,0.0,0.0,0.0,0.0,0.0,0.0,0.0,6.33,1.42,5.38,6.05,7.0,6.0,0.0,6.0,6.0,6.0,26.25,0.46,26.0,26.0,26.25,8.81,0.1,8.75,8.84,8.89,0.85,0.16,0.8,0.9,0.92,Filtration,5.0,mg/L,1079.0,Pilot-Scale,Membrane,3-Stage Pilot,7.96,86.0999984741211,False,
1079-2-TS80,25.94,1.51,25.0,26.0,26.0,6.68,0.67,6.140000000000001,7.19,7.2,0.67,0.44,0.48,0.5,0.6,198.1,42.66,168.0,192.0,196.5,246.33,14.09,250.0,250.0,250.0,223.56,27.64,210.0,218.0,220.0,196.22,33.79,198.0,204.0,208.0,0.41,0.17,0.38,0.44,0.45,96.44,8.75,94.75,97.5,99.25,7.94,0.77,7.3,7.9,8.3,12.46,1.08,11.45,12.48,13.33,0.34,0.028,0.323,0.344,0.357,4.32,0.61,3.94,4.3100000000000005,4.82,14.64,1.88,14.1,15.15,15.7,632.8100000000001,229.62,477.5,597.5,813.75,155.82,77.73,142.4,176.3,202.2,88.71000000000001,44.77,58.65,76.25,109.85,95.31,47.01,64.08,83.15,118.08,113.38,62.56,75.75,89.05,126.68,152.28,43.97,150.0,150.0,170.0,22.52,7.31,19.0,25.0,28.0,3.1,1.28,3.3000000000000003,3.4,3.8,0.0,0.0,0.0,0.0,0.0,2.79,1.25,2.45,3.2,3.6,43.44,15.76,31.0,42.0,57.0,44.56,30.88,25.5,35.5,54.5,0.0,0.0,0.0,0.0,0.0,1.56,3.21,0.0,1.0,1.0,7.09,2.76,5.8,7.6,9.2,0.0,0.0,0.0,0.0,0.0,6.8100000000000005,15.48,0.0,2.18,2.43,8.73,6.97,4.2,6.5,9.2,6.0,0.0,6.0,6.0,6.0,25.3,0.59,25.0,25.0,26.0,8.72,0.14,8.68,8.74,8.82,0.77,0.22,0.5,0.8,1.0,Filtration,,,1079.0,Pilot-Scale,Membrane,3-Stage Pilot,7.96,86.0999984741211,False,
1080-1-NF200B,24.0,0.0,24.0,24.0,24.0,7.85,0.0,7.85,7.85,7.85,0.21,0.0,0.21,0.21,0.21,145.0,0.0,145.0,145.0,145.0,247.0,0.0,247.0,247.0,247.0,199.0,0.0,199.0,199.0,199.0,164.0,0.0,164.0,164.0,164.0,0.02,0.01,0.01,0.01,0.02,150.0,0.0,150.0,150.0,150.0,8.3,0.0,8.3,8.3,8.3,18.07,0.0,18.07,18.07,18.07,0.209,0.0,0.209,0.209,0.209,2.52,0.0,2.52,2.52,2.52,11.16,0.0,11.16,11.16,11.16,1580.0,0.0,1580.0,1580.0,1580.0,342.5,0.0,342.5,342.5,342.5,214.8,0.0,214.8,214.8,214.8,236.8,0.0,236.8,236.8,236.8,280.7,0.0,280.7,280.7,280.7,255.0,0.0,255.0,255.0,255.0,71.5,0.0,71.5,71.5,71.5,16.0,0.0,16.0,16.0,16.0,0.0,0.0,0.0,0.0,0.0,9.95,0.0,9.95,9.95,9.95,84.5,0.0,84.5,84.5,84.5,115.0,0.0,115.0,115.0,115.0,2.0,0.0,2.0,2.0,2.0,3.35,0.0,3.35,3.35,3.35,22.0,0.0,22.0,22.0,22.0,0.0,0.0,0.0,0.0,0.0,5.4,0.0,5.4,5.4,5.4,38.5,0.0,38.5,38.5,38.5,72.0,0.0,72.0,72.0,72.0,24.0,0.0,24.0,24.0,24.0,7.92,0.06,7.87,7.9,7.97,1.07,0.3,0.84,0.93,1.22,Carbon contact,0.2,mg/L,1080.0,Bench-Scale,Membrane,RBSMT,7.05,186.25,False,
1080-1-NTR7450,23.0,0.0,23.0,23.0,23.0,7.35,0.0,7.35,7.35,7.35,0.14,0.0,0.14,0.14,0.14,43.0,0.0,43.0,43.0,43.0,215.0,0.0,215.0,215.0,215.0,141.0,0.0,141.0,141.0,141.0,104.0,0.0,104.0,104.0,104.0,0.08,0.0,0.08,0.08,0.08,110.0,0.0,110.0,110.0,110.0,6.3,0.0,6.3,6.3,6.3,17.46,0.0,17.46,17.46,17.46,0.123,0.0,0.123,0.123,0.123,1.95,0.0,1.95,1.95,1.95,6.1000000000000005,0.0,6.1000000000000005,6.1000000000000005,6.1000000000000005,540.0,0.0,540.0,540.0,540.0,123.73,0.15,123.73,123.8,123.8,90.75,0.0,90.75,90.75,90.75,104.75,0.0,104.75,104.75,104.75,133.3,0.0,133.3,133.3,133.3,77.5,0.0,77.5,77.5,77.5,34.0,0.0,34.0,34.0,34.0,12.0,0.0,12.0,12.0,12.0,0.23,0.15,0.23,0.3,0.3,5.25,0.0,5.25,5.25,5.25,35.5,0.0,35.5,35.5,35.5,45.0,0.0,45.0,45.0,45.0,1.9,0.0,1.9,1.9,1.9,3.1,0.0,3.1,3.1,3.1,14.0,0.0,14.0,14.0,14.0,0.0,0.0,0.0,0.0,0.0,6.05,0.0,6.05,6.05,6.05,22.5,0.0,22.5,22.5,22.5,24.0,0.0,24.0,24.0,24.0,24.0,0.0,24.0,24.0,24.0,7.96,0.04,7.95,7.95,8.0,0.79,0.16,0.76,0.86,0.91,Carbon contact,3.3,mg/L,1080.0,Bench-Scale,Membrane,RBSMT,7.05,186.25,False,
1080-1-TFC-SR,23.0,0.0,23.0,23.0,23.0,7.35,0.0,7.35,7.35,7.35,0.14,0.0,0.14,0.14,0.14,43.0,0.0,43.0,43.0,43.0,215.0,0.0,215.0,215.0,215.0,141.0,0.0,141.0,141.0,141.0,104.0,0.0,104.0,104.0,104.0,0.08,0.0,0.08,0.08,0.08,110.0,0.0,110.0,110.0,110.0,6.3,0.0,6.3,6.3,6.3,17.46,0.0,17.46,17.46,17.46,0.123,0.0,0.123,0.123,0.123,1.95,0.0,1.95,1.95,1.95,6.1000000000000005,0.0,6.1000000000000005,6.1000000000000005,6.1000000000000005,540.0,0.0,540.0,540.0,540.0,123.73,0.15,123.73,123.8,123.8,90.75,0.0,90.75,90.75,90.75,104.75,0.0,104.75,104.75,104.75,133.3,0.0,133.3,133.3,133.3,77.5,0.0,77.5,77.5,77.5,34.0,0.0,34.0,34.0,34.0,12.0,0.0,12.0,12.0,12.0,0.23,0.15,0.23,0.3,0.3,5.25,0.0,5.25,5.25,5.25,35.5,0.0,35.5,35.5,35.5,45.0,0.0,45.0,45.0,45.0,1.9,0.0,1.9,1.9,1.9,3.1,0.0,3.1,3.1,3.1,14.0,0.0,14.0,14.0,14.0,0.0,0.0,0.0,0.0,0.0,6.05,0.0,6.05,6.05,6.05,22.5,0.0,22.5,22.5,22.5,24.0,0.0,24.0,24.0,24.0,24.0,0.0,24.0,24.0,24.0,7.98,0.03,7.95,7.98,8.0,0.96,0.21,0.91,0.91,1.16,Carbon contact,3.3,mg/L,1080.0,Bench-Scale,Membrane,RBSMT,7.05,186.25,False,
1080-2-NF200B,23.75,0.0,23.75,23.75,23.75,7.6,0.0,7.6,7.6,7.6,0.22,0.0,0.22,0.22,0.22,217.0,0.0,217.0,217.0,217.0,353.5,0.0,353.5,353.5,353.5,268.0,0.0,268.0,268.0,268.0,225.0,0.0,225.0,225.0,225.0,0.15,0.0,0.15,0.15,0.15,305.0,0.0,305.0,305.0,305.0,7.75,0.0,7.75,7.75,7.75,39.35,0.0,39.35,39.35,39.35,0.17,0.0,0.17,0.17,0.17,2.19,0.0,2.19,2.19,2.19,9.55,0.0,9.55,9.55,9.55,892.5,0.0,892.5,892.5,892.5,324.65000000000003,0.0,324.65000000000003,324.65000000000003,324.65000000000003,112.9,0.0,112.9,112.9,112.9,140.4,0.0,140.4,140.4,140.4,191.1,0.0,191.1,191.1,191.1,165.0,0.0,165.0,165.0,165.0,100.0,0.0,100.0,100.0,100.0,54.0,0.0,54.0,54.0,54.0,5.65,0.0,5.65,5.65,5.65,5.8500000000000005,0.0,5.8500000000000005,5.8500000000000005,5.8500000000000005,46.5,0.0,46.5,46.5,46.5,45.0,0.0,45.0,45.0,45.0,5.55,0.0,5.55,5.55,5.55,10.0,0.0,10.0,10.0,10.0,27.5,0.0,27.5,27.5,27.5,4.2,0.0,4.2,4.2,4.2,13.5,0.0,13.5,13.5,13.5,32.0,0.0,32.0,32.0,32.0,48.0,0.0,48.0,48.0,48.0,24.0,0.0,24.0,24.0,24.0,8.0,0.0,8.0,8.0,8.0,0.94,0.09,0.95,0.95,0.97,Coagulation,0.44,mg/L,1080.0,Bench-Scale,Membrane,RBSMT,7.05,186.25,False,
1080-2-NTR7450,24.0,0.0,24.0,24.0,24.0,7.19,0.0,7.19,7.19,7.19,0.2,0.0,0.2,0.2,0.2,60.0,0.0,60.0,60.0,60.0,254.0,0.0,254.0,254.0,254.0,197.0,0.0,197.0,197.0,197.0,137.0,0.0,137.0,137.0,137.0,0.11,0.0,0.11,0.11,0.11,180.0,0.0,180.0,180.0,180.0,5.8,0.0,5.8,5.8,5.8,31.03,0.0,31.03,31.03,31.03,0.112,0.0,0.112,0.112,0.112,1.93,0.0,1.93,1.93,1.93,7.58,0.0,7.58,7.58,7.58,545.0,0.0,545.0,545.0,545.0,216.0,0.0,216.0,216.0,216.0,100.3,0.0,100.3,100.3,100.3,118.8,0.0,118.8,118.8,118.8,156.3,0.0,156.3,156.3,156.3,135.0,0.0,135.0,135.0,135.0,57.0,0.0,57.0,57.0,57.0,22.0,0.0,22.0,22.0,22.0,2.0,0.0,2.0,2.0,2.0,5.3500000000000005,0.0,5.3500000000000005,5.3500000000000005,5.3500000000000005,40.5,0.0,40.5,40.5,40.5,47.5,0.0,47.5,47.5,47.5,1.9,0.0,1.9,1.9,1.9,5.05,0.0,5.05,5.05,5.05,18.5,0.0,18.5,18.5,18.5,0.0,0.0,0.0,0.0,0.0,8.0,0.0,8.0,8.0,8.0,29.5,0.0,29.5,29.5,29.5,48.0,0.0,48.0,48.0,48.0,24.0,0.0,24.0,24.0,24.0,8.0,0.0,8.0,8.0,8.0,0.94,0.15,0.9,0.93,0.93,Carbon contact,4.6,mg/L,1080.0,Bench-Scale,Membrane,RBSMT,7.05,186.25,False,
1080-2-TFC-SR,24.0,0.0,24.0,24.0,24.0,7.19,0.0,7.19,7.19,7.19,0.2,0.0,0.2,0.2,0.2,60.0,0.0,60.0,60.0,60.0,254.0,0.0,254.0,254.0,254.0,197.0,0.0,197.0,197.0,197.0,137.0,0.0,137.0,137.0,137.0,0.11,0.0,0.11,0.11,0.11,180.0,0.0,180.0,180.0,180.0,5.8,0.0,5.8,5.8,5.8,31.03,0.0,31.03,31.03,31.03,0.112,0.0,0.112,0.112,0.112,1.93,0.0,1.93,1.93,1.93,7.58,0.0,7.58,7.58,7.58,545.0,0.0,545.0,545.0,545.0,216.0,0.0,216.0,216.0,216.0,100.3,0.0,100.3,100.3,100.3,118.8,0.0,118.8,118.8,118.8,156.3,0.0,156.3,156.3,156.3,135.0,0.0,135.0,135.0,135.0,57.0,0.0,57.0,57.0,57.0,22.0,0.0,22.0,22.0,22.0,2.0,0.0,2.0,2.0,2.0,5.3500000000000005,0.0,5.3500000000000005,5.3500000000000005,5.3500000000000005,40.5,0.0,40.5,40.5,40.5,47.5,0.0,47.5,47.5,47.5,1.9,0.0,1.9,1.9,1.9,5.05,0.0,5.05,5.05,5.05,18.5,0.0,18.5,18.5,18.5,0.0,0.0,0.0,0.0,0.0,8.0,0.0,8.0,8.0,8.0,29.5,0.0,29.5,29.5,29.5,48.0,0.0,48.0,48.0,48.0,24.0,0.0,24.0,24.0,24.0,8.0,0.0,8.0,8.0,8.0,0.86,0.16,0.86,0.93,0.93,Carbon contact,4.6,mg/L,1080.0,Bench-Scale,Membrane,RBSMT,7.05,186.25,False,
1080-3-TFC-SR,24.0,0.0,24.0,24.0,24.0,7.85,0.0,7.85,7.85,7.85,0.21,0.0,0.21,0.21,0.21,145.0,0.0,145.0,145.0,145.0,247.0,0.0,247.0,247.0,247.0,199.0,0.0,199.0,199.0,199.0,164.0,0.0,164.0,164.0,164.0,0.02,0.01,0.01,0.01,0.02,150.0,0.0,150.0,150.0,150.0,8.3,0.0,8.3,8.3,8.3,18.07,0.0,18.07,18.07,18.07,0.209,0.0,0.209,0.209,0.209,2.52,0.0,2.52,2.52,2.52,11.16,0.0,11.16,11.16,11.16,1060.0,0.0,1060.0,1060.0,1060.0,298.0,0.0,298.0,298.0,298.0,214.8,0.0,214.8,214.8,214.8,236.8,0.0,236.8,236.8,236.8,280.7,0.0,280.7,280.7,280.7,220.0,0.0,220.0,220.0,220.0,71.5,0.0,71.5,71.5,71.5,16.0,0.0,16.0,16.0,16.0,0.0,0.0,0.0,0.0,0.0,9.95,0.0,9.95,9.95,9.95,84.5,0.0,84.5,84.5,84.5,115.0,0.0,115.0,115.0,115.0,2.0,0.0,2.0,2.0,2.0,3.35,0.0,3.35,3.35,3.35,22.0,0.0,22.0,22.0,22.0,0.0,0.0,0.0,0.0,0.0,5.4,0.0,5.4,5.4,5.4,38.5,0.0,38.5,38.5,38.5,72.0,0.0,72.0,72.0,72.0,24.0,0.0,24.0,24.0,24.0,7.94,0.09,7.87,7.92,8.0,1.06,0.29,0.84,0.92,1.25,Carbon contact,0.2,mg/L,1080.0,Bench-Scale,Membrane,RBSMT,7.05,186.25,False,
1080-4-TFC-SR,23.75,0.0,23.75,23.75,23.75,7.6,0.0,7.6,7.6,7.6,0.22,0.0,0.22,0.22,0.22,217.0,0.0,217.0,217.0,217.0,353.5,0.0,353.5,353.5,353.5,268.0,0.0,268.0,268.0,268.0,225.0,0.0,225.0,225.0,225.0,0.15,0.0,0.15,0.15,0.15,305.0,0.0,305.0,305.0,305.0,7.75,0.0,7.75,7.75,7.75,39.35,0.0,39.35,39.35,39.35,0.17,0.0,0.17,0.17,0.17,2.19,0.0,2.19,2.19,2.19,9.55,0.0,9.55,9.55,9.55,892.5,0.0,892.5,892.5,892.5,324.65000000000003,0.0,324.65000000000003,324.65000000000003,324.65000000000003,112.9,0.0,112.9,112.9,112.9,140.4,0.0,140.4,140.4,140.4,191.1,0.0,191.1,191.1,191.1,165.0,0.0,165.0,165.0,165.0,100.0,0.0,100.0,100.0,100.0,54.0,0.0,54.0,54.0,54.0,5.65,0.0,5.65,5.65,5.65,5.8500000000000005,0.0,5.8500000000000005,5.8500000000000005,5.8500000000000005,46.5,0.0,46.5,46.5,46.5,45.0,0.0,45.0,45.0,45.0,5.55,0.0,5.55,5.55,5.55,10.0,0.0,10.0,10.0,10.0,27.5,0.0,27.5,27.5,27.5,4.2,0.0,4.2,4.2,4.2,13.5,0.0,13.5,13.5,13.5,32.0,0.0,32.0,32.0,32.0,48.0,0.0,48.0,48.0,48.0,24.0,0.0,24.0,24.0,24.0,8.0,0.0,8.0,8.0,8.0,0.91,0.08,0.9,0.95,0.95,Coagulation,0.44,mg/L,1080.0,Bench-Scale,Membrane,RBSMT,7.05,186.25,False,
1081-1-10,18.32,1.98,16.9,18.9,19.6,7.4,0.03,7.41,7.41,7.41,0.1,0.0,0.1,0.1,0.1,130.25,1.77,129.63,130.25,130.88,,,,,,403.5,14.85,398.25,403.5,408.75,247.0,21.21,239.5,247.0,254.5,0.15,0.01,0.14,0.14,0.15,450.0,14.14,445.0,450.0,455.0,1.98,0.07,1.97,1.99,2.01,232.36,4.15,230.89,232.36,233.83,0.047,0.0,0.047,0.047,0.047,2.42,0.1,2.36,2.36,2.45,3.29,0.13,3.25,3.34,3.37,134.8,7.1,130.95,133.4,137.95,82.33,4.31,80.05,81.79,84.34,8.1,0.33,7.92,8.01,8.23,10.77,0.59,10.44,10.6,11.02,20.08,3.36,18.82,21.37,21.98,3.14,0.16,3.06,3.12,3.22,31.7,1.23,31.01,31.29,32.19,11.43,0.41,11.23,11.47,11.65,36.06,2.86,34.75,36.5,37.59,0.0,0.0,0.0,0.0,0.0,1.54,0.27,1.46,1.69,1.7,0.0,0.0,0.0,0.0,0.0,0.0,0.0,0.0,0.0,0.0,6.56,0.23,6.45,6.59,6.68,2.67,0.26,2.53,2.6,2.78,2.89,2.5,2.15,4.3,4.33,3.98,0.86,3.49,3.57,4.27,2.43,0.52,2.13,2.18,2.61,7.35,0.1,7.3,7.4,7.4,27.4,0.2,27.4,27.4,27.4,7.74,0.04,7.72,7.74,7.76,1.09,0.06,1.06,1.08,1.15,Aeration,,,1081.0,Bench-Scale,GAC,RSSCT,1.83,447.5,False,2026-01-10
1081-1-20,18.32,1.98,16.9,18.9,19.6,7.4,0.03,7.41,7.41,7.41,0.1,0.0,0.1,0.1,0.1,130.25,1.77,129.63,130.25,130.88,,,,,,403.5,14.85,398.25,403.5,408.75,247.0,21.21,239.5,247.0,254.5,0.15,0.01,0.14,0.14,0.15,450.0,14.14,445.0,450.0,455.0,1.98,0.07,1.97,1.99,2.01,232.36,4.15,230.89,232.36,233.83,0.047,0.0,0.047,0.047,0.047,2.42,0.1,2.36,2.36,2.45,3.29,0.13,3.25,3.34,3.37,134.8,7.1,130.95,133.4,137.95,82.33,4.31,80.05,81.79,84.34,8.1,0.33,7.92,8.01,8.23,10.77,0.59,10.44,10.6,11.02,20.08,3.36,18.82,21.37,21.98,3.14,0.16,3.06,3.12,3.22,31.7,1.23,31.01,31.29,32.19,11.43,0.41,11.23,11.47,11.65,36.06,2.86,34.75,36.5,37.59,0.0,0.0,0.0,0.0,0.0,1.54,0.27,1.46,1.69,1.7,0.0,0.0,0.0,0.0,0.0,0.0,0.0,0.0,0.0,0.0,6.56,0.23,6.45,6.59,6.68,2.67,0.26,2.53,2.6,2.78,2.89,2.5,2.15,4.3,4.33,3.98,0.86,3.49,3.57,4.27,2.43,0.52,2.13,2.18,2.61,7.31,0.1,7.2,7.3,7.4,27.24,0.33,27.05,27.3,27.4,7.72,0.04,7.7,7.7,7.73,1.36,0.23,1.19,1.28,1.54,Aeration,,,1081.0,Bench-Scale,GAC,RSSCT,1.83,447.5,False,2026-01-20
1081-2-15,19.03,1.87,18.7,18.9,19.6,7.43,0.02,7.42,7.43,7.44,0.11,0.02,0.1,0.1,0.1,127.78,1.1,127.39,127.78,128.16,,,,,,395.5,10.61,391.75,395.5,399.25,239.5,10.61,235.75,239.5,243.25,0.27,0.09,0.2,0.24,0.27,395.0,7.07,392.5,395.0,397.5,1.79,0.05,1.77,1.79,1.8,221.93,1.32,221.46,221.93,222.39,0.046,0.0,0.046,0.046,0.046,2.59,0.05,2.56,2.59,2.6,3.01,0.48,2.65,2.98,3.34,138.84,8.39,134.13,139.13,143.84,72.2,4.13,69.51,72.44,75.13,7.92,2.32,6.25,7.68,9.35,10.65,2.67,8.75,10.41,12.31,19.61,5.48,15.77,19.87,23.7,2.76,0.47,2.44,2.65,2.98,28.18,3.07,26.85,27.46,28.8,11.0,1.04,10.29,11.07,11.79,30.25,3.01,28.93,29.7,31.03,0.0,0.0,0.0,0.0,0.0,0.71,0.82,0.0,0.68,1.39,0.52,0.6,0.0,0.51,1.03,0.0,0.0,0.0,0.0,0.0,6.69,1.15,6.17,6.41,6.93,2.73,0.35,2.5,2.73,2.96,2.21,2.56,0.0,2.2,4.42,4.0,0.5,3.82,4.07,4.24,2.75,0.32,2.72,2.87,2.9,7.16,0.25,7.18,7.2,7.21,27.03,0.27,26.7,27.2,27.2,7.75,0.03,7.73,7.76,7.78,1.17,0.39,0.85,1.23,1.51,Aeration,,,1081.0,Bench-Scale,GAC,RSSCT,1.83,447.5,False,2026-02-15
1081-2-5,19.03,1.87,18.7,18.9,19.6,7.43,0.02,7.42,7.43,7.44,0.11,0.02,0.1,0.1,0.1,127.78,1.1,127.39,127.78,128.16,,,,,,395.5,10.61,391.75,395.5,399.25,239.5,10.61,235.75,239.5,243.25,0.27,0.09,0.2,0.24,0.27,395.0,7.07,392.5,395.0,397.5,1.79,0.05,1.77,1.79,1.8,221.93,1.32,221.46,221.93,222.39,0.046,0.0,0.046,0.046,0.046,2.59,0.05,2.56,2.59,2.6,3.01,0.48,2.65,2.98,3.34,138.84,8.39,134.13,139.13,143.84,72.2,4.13,69.51,72.44,75.13,7.92,2.32,6.25,7.68,9.35,10.65,2.67,8.75,10.41,12.31,19.61,5.48,15.77,19.87,23.7,2.76,0.47,2.44,2.65,2.98,28.18,3.07,26.85,27.46,28.8,11.0,1.04,10.29,11.07,11.79,30.25,3.01,28.93,29.7,31.03,0.0,0.0,0.0,0.0,0.0,0.71,0.82,0.0,0.68,1.39,0.52,0.6,0.0,0.51,1.03,0.0,0.0,0.0,0.0,0.0,6.69,1.15,6.17,6.41,6.93,2.73,0.35,2.5,2.73,2.96,2.21,2.56,0.0,2.2,4.42,4.0,0.5,3.82,4.07,4.24,2.75,0.32,2.72,2.87,2.9,7.16,0.27,7.1,7.2,7.3,26.84,0.25,26.7,26.7,27.2,7.77,0.03,7.74,7.78,7.79,0.89,0.25,0.79,0.85,0.97,Aeration,,,1081.0,Bench-Scale,GAC,RSSCT,1.83,447.5,False,2026-02-05
1081-2-7.5,19.03,1.87,18.7,18.9,19.6,7.43,0.02,7.42,7.43,7.44,0.11,0.02,0.1,0.1,0.1,127.78,1.1,127.39,127.78,128.16,,,,,,395.5,10.61,391.75,395.5,399.25,239.5,10.61,235.75,239.5,243.25,0.27,0.09,0.2,0.24,0.27,395.0,7.07,392.5,395.0,397.5,1.79,0.05,1.77,1.79,1.8,221.93,1.32,221.46,221.93,222.39,0.046,0.0,0.046,0.046,0.046,2.59,0.05,2.56,2.59,2.6,3.01,0.48,2.65,2.98,3.34,138.84,8.39,134.13,139.13,143.84,72.2,4.13,69.51,72.44,75.13,7.92,2.32,6.25,7.68,9.35,10.65,2.67,8.75,10.41,12.31,19.61,5.48,15.77,19.87,23.7,2.76,0.47,2.44,2.65,2.98,28.18,3.07,26.85,27.46,28.8,11.0,1.04,10.29,11.07,11.79,30.25,3.01,28.93,29.7,31.03,0.0,0.0,0.0,0.0,0.0,0.71,0.82,0.0,0.68,1.39,0.52,0.6,0.0,0.51,1.03,0.0,0.0,0.0,0.0,0.0,6.69,1.15,6.17,6.41,6.93,2.73,0.35,2.5,2.73,2.96,2.21,2.56,0.0,2.2,4.42,4.0,0.5,3.82,4.07,4.24,2.75,0.32,2.72,2.87,2.9,7.16,0.25,7.1,7.2,7.3,26.64,0.15,26.6,26.6,26.6,7.74,0.03,7.73,7.75,7.77,1.14,0.22,1.13,1.19,1.23,Aeration,,,1081.0,Bench-Scale,GAC,RSSCT,1.83,447.5,False,
1081-3-10pH7.0,20.23,1.42,19.58,20.6,21.25,7.03,0.06,7.01,7.04,7.06,0.13,0.05,0.11,0.13,0.14,100.4,17.68,94.15,100.4,106.65,,,,,,406.0,0.0,406.0,406.0,406.0,250.0,0.0,250.0,250.0,250.0,0.15,0.02,0.14,0.15,0.15,500.0,14.14,495.0,500.0,505.0,1.78,0.02,1.78,1.78,1.79,280.51,8.49,277.51,280.51,283.52,0.047,0.0,0.047,0.047,0.047,2.65,0.02,2.65,2.65,2.66,3.18,0.02,3.18,3.18,3.19,137.58,7.15,135.79,137.58,139.36,82.44,2.46,81.82,82.44,83.05,7.66,3.67,6.75,7.66,8.58,10.44,4.65,9.27,10.44,11.6,19.45,12.19,16.4,19.45,22.5,2.96,0.09,2.94,2.96,2.98,31.99,0.03,31.98,31.99,32.0,11.79,0.4,11.68,11.79,11.89,35.7,2.0,35.2,35.7,36.2,0.0,0.0,0.0,0.0,0.0,1.14,0.21,1.09,1.14,1.19,0.0,0.0,0.0,0.0,0.0,0.0,0.0,0.0,0.0,0.0,6.52,3.47,5.66,6.52,7.39,2.77,0.98,2.53,2.77,3.02,2.44,4.89,1.22,2.44,3.66,4.0,1.8,3.55,4.0,4.45,2.57,0.86,2.36,2.57,2.79,7.16,0.18,7.01,7.1,7.2,26.34,1.13,25.8,26.2,26.3,7.69,0.04,7.66,7.68,7.71,1.0,0.12,0.95,1.0,1.06,Aeration,,,1081.0,Bench-Scale,GAC,RSSCT,1.83,447.5,False,
1081-3-10pH7.5,20.4,1.49,19.78,20.5,21.13,7.46,0.04,7.43,7.45,7.48,0.15,0.0,0.15,0.15,0.15,121.08,5.2,119.24,121.08,122.91,,,,,,408.0,2.83,407.0,408.0,409.0,250.0,0.0,250.0,250.0,250.0,0.2,0.05,0.17,0.19,0.2,500.0,0.0,500.0,500.0,500.0,1.77,0.04,1.75,1.77,1.78,279.79,6.09,277.63,279.79,281.94,0.047,0.0,0.047,0.047,0.047,2.71,0.05,2.68,2.7,2.73,3.04,0.0,3.04,3.04,3.04,142.25,0.0,142.25,142.25,142.25,87.44,0.0,87.44,87.44,87.44,10.15,0.0,10.15,10.15,10.15,13.64,0.0,13.64,13.64,13.64,26.9,0.0,26.9,26.9,26.9,3.06,0.0,3.06,3.06,3.06,33.28,0.0,33.28,33.28,33.28,12.5,0.0,12.5,12.5,12.5,38.6,0.0,38.6,38.6,38.6,0.0,0.0,0.0,0.0,0.0,1.26,0.0,1.26,1.26,1.26,0.0,0.0,0.0,0.0,0.0,0.0,0.0,0.0,0.0,0.0,8.89,0.0,8.89,8.89,8.89,3.49,0.0,3.49,3.49,3.49,5.25,0.0,5.25,5.25,5.25,5.07,0.0,5.07,5.07,5.07,2.94,0.0,2.94,2.94,2.94,7.27,0.22,7.1,7.2,7.45,26.13,0.89,25.8,26.2,26.3,7.73,0.03,7.71,7.72,7.75,1.26,0.41,0.95,1.25,1.59,Aeration,,,1081.0,Bench-Scale,GAC,RSSCT,1.83,447.5,False,
1081-3-10pH7.8,20.45,0.13,20.38,20.45,20.53,7.82,0.03,7.8,7.83,7.84,0.1,0.0,0.1,0.1,0.1,130.83,1.17,130.41,130.83,131.24,,,,,,408.0,2.83,407.0,408.0,409.0,250.0,0.0,250.0,250.0,250.0,0.15,0.01,0.14,0.15,0.15,495.0,7.07,492.5,495.0,497.5,1.77,0.01,1.76,1.76,1.77,281.25,4.02,279.83,281.25,282.67,0.047,0.0,0.047,0.047,0.047,2.67,0.05,2.66,2.67,2.68,3.16,0.09,3.13,3.16,3.18,137.55,6.2,136.0,137.55,139.1,83.45,13.07,80.18,83.45,86.72,7.75,4.19,6.7,7.75,8.79,10.39,5.51,9.02,10.39,11.77,19.0,13.31,15.67,19.0,22.32,2.85,0.48,2.73,2.85,2.97,31.31,5.71,29.88,31.31,32.74,11.44,2.58,10.8,11.44,12.09,37.85,4.3,36.78,37.85,38.93,0.0,0.0,0.0,0.0,0.0,1.18,0.21,1.13,1.18,1.23,0.0,0.0,0.0,0.0,0.0,0.0,0.0,0.0,0.0,0.0,6.57,3.97,5.57,6.57,7.56,2.65,1.32,2.32,2.65,2.98,2.34,4.69,1.17,2.34,3.52,3.73,2.09,3.21,3.73,4.25,2.53,1.02,2.28,2.53,2.79,7.27,0.12,7.2,7.2,7.3,25.95,0.97,25.2,25.8,26.28,7.73,0.02,7.71,7.73,7.75,1.04,0.24,0.93,1.01,1.11,Aeration,,,1081.0,Bench-Scale,GAC,RSSCT,1.83,447.5,False,
1082-1-10,23.1,0.1,23.05,23.1,23.15,8.34,0.17,8.25,8.32,8.42,0.67,0.23,0.6,0.79,0.81,42.0,0.0,42.0,42.0,42.0,,,,,,69.0,1.41,68.5,69.0,69.5,49.0,1.41,48.5,49.0,49.5,0.1,0.07,0.05,0.08,0.1,25.0,4.24,23.5,25.0,26.5,5.82,0.05,5.79,5.8,5.84,4.32,0.74,4.06,4.32,4.58,0.115,0.007,0.113,0.119,0.12,1.98,0.11,1.94,2.02,2.05,4.69,0.03,4.68,4.7,4.71,458.33,7.64,455.0,460.0,462.5,149.3,11.1,145.85,155.2,155.7,84.53,0.25,84.4,84.5,84.65,89.07,0.47,88.8,88.9,89.25,92.97,0.65,92.65,93.0,93.3,133.33,11.55,130.0,140.0,140.0,14.67,0.58,14.5,15.0,15.0,1.3,0.17,1.2,1.2,1.35,0.0,0.0,0.0,0.0,0.0,3.87,0.93,3.55,4.3,4.4,38.33,0.58,38.0,38.0,38.5,42.33,1.53,41.5,42.0,43.0,0.0,0.0,0.0,0.0,0.0,0.0,0.0,0.0,0.0,0.0,4.53,0.6,4.25,4.6,4.85,0.0,0.0,0.0,0.0,0.0,0.0,0.0,0.0,0.0,0.0,3.9,0.26,3.8,4.0,4.05,18.0,0.0,18.0,18.0,18.0,23.0,0.0,23.0,23.0,23.0,8.5,0.0,8.5,8.5,8.5,0.81,0.18,0.64,0.84,0.89,Washwater return,,,1082.0,Bench-Scale,GAC,RSSCT,4.8100000000000005,23.75,False,2026-01-10
1082-1-20,23.1,0.1,23.05,23.1,23.15,8.34,0.17,8.25,8.32,8.42,0.67,0.23,0.6,0.79,0.81,42.0,0.0,42.0,42.0,42.0,,,,,,69.0,1.41,68.5,69.0,69.5,49.0,1.41,48.5,49.0,49.5,0.1,0.07,0.05,0.08,0.1,25.0,4.24,23.5,25.0,26.5,5.82,0.05,5.79,5.8,5.84,4.32,0.74,4.06,4.32,4.58,0.115,0.007,0.113,0.119,0.12,1.98,0.11,1.94,2.02,2.05,4.69,0.03,4.68,4.7,4.71,458.33,7.64,455.0,460.0,462.5,149.3,11.1,145.85,155.2,155.7,84.53,0.25,84.4,84.5,84.65,89.07,0.47,88.8,88.9,89.25,92.97,0.65,92.65,93.0,93.3,133.33,11.55,130.0,140.0,140.0,14.67,0.58,14.5,15.0,15.0,1.3,0.17,1.2,1.2,1.35,0.0,0.0,0.0,0.0,0.0,3.87,0.93,3.55,4.3,4.4,38.33,0.58,38.0,38.0,38.5,42.33,1.53,41.5,42.0,43.0,0.0,0.0,0.0,0.0,0.0,0.0,0.0,0.0,0.0,0.0,4.53,0.6,4.25,4.6,4.85,0.0,0.0,0.0,0.0,0.0,0.0,0.0,0.0,0.0,0.0,3.9,0.26,3.8,4.0,4.05,18.0,0.0,18.0,18.0,18.0,23.0,0.0,23.0,23.0,23.0,8.5,0.0,8.5,8.5,8.5,0.83,0.28,0.64,0.8,1.04,Washwater return,,,1082.0,Bench-Scale,GAC,RSSCT,4.8100000000000005,23.75,False,2026-01-20
1082-2-10,21.13,0.91,20.8,21.5,21.65,8.44,0.35,8.32,8.6,8.64,0.31,0.08,0.27,0.3,0.35,42.0,2.83,41.0,42.0,43.0,,,,,,64.0,5.66,62.0,64.0,66.0,40.5,2.12,39.75,40.5,41.25,0.07,0.01,0.06,0.06,0.07,38.0,0.0,38.0,38.0,38.0,3.64,0.14,3.57,3.61,3.7,10.41,0.54,10.22,10.41,10.6,0.063,0.002,0.062,0.062,0.064,1.73,0.03,1.72,1.72,1.74,2.27,0.2,2.16,2.2,2.35,183.33,5.77,180.0,180.0,185.0,60.27,3.33,59.0,61.5,62.15,23.67,0.58,23.5,24.0,24.0,28.3,0.53,28.1,28.5,28.6,33.33,2.44,31.95,32.4,34.25,43.33,2.08,42.5,44.0,44.5,13.33,1.15,13.0,14.0,14.0,3.6,0.17,3.5,3.5,3.65,0.0,0.0,0.0,0.0,0.0,0.0,0.0,0.0,0.0,0.0,13.0,0.0,13.0,13.0,13.0,10.67,0.58,10.5,11.0,11.0,0.0,0.0,0.0,0.0,0.0,0.0,0.0,0.0,0.0,0.0,4.63,0.12,4.6,4.7,4.7,0.0,0.0,0.0,0.0,0.0,0.73,1.27,0.0,0.0,1.1,4.3,0.95,3.75,3.8,4.6,18.0,0.0,18.0,18.0,18.0,14.57,2.24,11.5,16.1,16.1,8.5,0.0,8.5,8.5,8.5,0.68,0.27,0.48,0.6,0.92,Washwater return,,,1082.0,Bench-Scale,GAC,RSSCT,4.8100000000000005,23.75,False,2026-02-10
1082-2-20,21.13,0.91,20.8,21.5,21.65,8.44,0.35,8.32,8.6,8.64,0.31,0.08,0.27,0.3,0.35,42.0,2.83,41.0,42.0,43.0,,,,,,64.0,5.66,62.0,64.0,66.0,40.5,2.12,39.75,40.5,41.25,0.07,0.01,0.06,0.06,0.07,38.0,0.0,38.0,38.0,38.0,3.64,0.14,3.57,3.61,3.7,10.41,0.54,10.22,10.41,10.6,0.063,0.002,0.062,0.062,0.064,1.73,0.03,1.72,1.72,1.74,2.27,0.2,2.16,2.2,2.35,183.33,5.77,180.0,180.0,185.0,60.27,3.33,59.0,61.5,62.15,23.67,0.58,23.5,24.0,24.0,28.3,0.53,28.1,28.5,28.6,33.33,2.44,31.95,32.4,34.25,43.33,2.08,42.5,44.0,44.5,13.33,1.15,13.0,14.0,14.0,3.6,0.17,3.5,3.5,3.65,0.0,0.0,0.0,0.0,0.0,0.0,0.0,0.0,0.0,0.0,13.0,0.0,13.0,13.0,13.0,10.67,0.58,10.5,11.0,11.0,0.0,0.0,0.0,0.0,0.0,0.0,0.0,0.0,0.0,0.0,4.63,0.12,4.6,4.7,4.7,0.0,0.0,0.0,0.0,0.0,0.73,1.27,0.0,0.0,1.1,4.3,0.95,3.75,3.8,4.6,18.0,0.0,18.0,18.0,18.0,14.33,2.74,11.5,16.1,16.9,8.5,0.0,8.5,8.5,8.5,0.82,0.3,0.59,0.71,1.05,Washwater return,,,1082.0,Bench-Scale,GAC,RSSCT,4.8100000000000005,23.75,False,2026-02-20
1082-3-10,18.63,1.21,17.95,18.2,19.1,8.69,0.2,8.59,8.68,8.79,0.14,0.01,0.14,0.14,0.14,50.0,2.83,49.0,50.0,51.0,,,,,,72.0,2.83,71.0,72.0,73.0,40.0,2.83,39.0,40.0,41.0,0.61,0.36,0.36,0.49,0.61,22.0,0.0,22.0,22.0,22.0,4.7,0.04,4.69,4.72,4.73,4.7,0.05,4.68,4.7,4.71,0.073,0.002,0.072,0.072,0.074,1.55,0.03,1.54,1.55,1.57,2.91,0.14,2.87,2.98,2.99,206.67,2.89,205.0,205.0,207.5,60.7,1.04,60.35,61.2,61.3,26.33,0.58,26.0,26.0,26.5,30.0,0.62,29.65,29.8,30.25,33.9,2.0,32.75,32.9,34.55,44.67,1.15,44.0,44.0,45.0,13.67,2.31,13.0,15.0,15.0,2.37,0.15,2.3,2.4,2.45,0.0,0.0,0.0,0.0,0.0,0.0,0.0,0.0,0.0,0.0,13.67,0.58,13.5,14.0,14.0,12.67,0.58,12.5,13.0,13.0,0.0,0.0,0.0,0.0,0.0,0.0,0.0,0.0,0.0,0.0,3.67,0.15,3.6,3.7,3.75,0.0,0.0,0.0,0.0,0.0,0.83,1.44,0.0,0.0,1.25,3.07,0.31,2.9,3.0,3.2,18.0,0.0,18.0,18.0,18.0,3.0,0.0,3.0,3.0,3.0,8.55,0.08,8.48,8.56,8.59,0.79,0.17,0.72,0.81,0.88,Washwater return,,,1082.0,Bench-Scale,GAC,RSSCT,4.8100000000000005,23.75,False,2026-03-10
1082-3-20,18.63,1.21,17.95,18.2,19.1,8.69,0.2,8.59,8.68,8.79,0.14,0.01,0.14,0.14,0.14,50.0,2.83,49.0,50.0,51.0,,,,,,72.0,2.83,71.0,72.0,73.0,40.0,2.83,39.0,40.0,41.0,0.61,0.36,0.36,0.49,0.61,22.0,0.0,22.0,22.0,22.0,4.7,0.04,4.69,4.72,4.73,4.7,0.05,4.68,4.7,4.71,0.073,0.002,0.072,0.072,0.074,1.55,0.03,1.54,1.55,1.57,2.91,0.14,2.87,2.98,2.99,206.67,2.89,205.0,205.0,207.5,60.7,1.04,60.35,61.2,61.3,26.33,0.58,26.0,26.0,26.5,30.0,0.62,29.65,29.8,30.25,33.9,2.0,32.75,32.9,34.55,44.67,1.15,44.0,44.0,45.0,13.67,2.31,13.0,15.0,15.0,2.37,0.15,2.3,2.4,2.45,0.0,0.0,0.0,0.0,0.0,0.0,0.0,0.0,0.0,0.0,13.67,0.58,13.5,14.0,14.0,12.67,0.58,12.5,13.0,13.0,0.0,0.0,0.0,0.0,0.0,0.0,0.0,0.0,0.0,0.0,3.67,0.15,3.6,3.7,3.75,0.0,0.0,0.0,0.0,0.0,0.83,1.44,0.0,0.0,1.25,3.07,0.31,2.9,3.0,3.2,18.0,0.0,18.0,18.0,18.0,3.0,0.0,3.0,3.0,3.0,8.61,0.16,8.53,8.56,8.62,0.76,0.2,0.66,0.76,0.93,Washwater return,,,1082.0,Bench-Scale,GAC,RSSCT,4.8100000000000005,23.75,False,2026-03-20
1082-4-10,20.47,0.81,20.0,20.1,20.75,8.45,0.18,8.36,8.43,8.54,0.71,0.24,0.62,0.8,0.85,37.5,2.12,36.75,37.5,38.25,,,,,,64.5,0.71,64.25,64.5,64.75,47.0,12.73,42.5,47.0,51.5,0.07,0.04,0.04,0.06,0.07,10.0,0.0,10.0,10.0,10.0,5.08,0.07,5.04,5.06,5.11,1.97,0.04,1.95,1.97,1.98,0.092,0.001,0.092,0.093,0.093,1.82,0.02,1.81,1.81,1.83,3.44,0.14,3.37,3.43,3.51,275.0,18.03,267.5,280.0,285.0,89.77,7.66,86.05,90.2,93.7,40.07,4.0,38.05,40.0,42.05,42.63,3.47,40.8,42.2,44.25,44.2,0.4,44.1,44.2,44.3,81.0,5.2,79.5,84.0,84.0,8.37,3.17,6.55,6.9,9.45,0.4,0.69,0.0,0.0,0.6,0.0,0.0,0.0,0.0,0.0,1.4,1.21,1.05,2.1,2.1,19.67,2.08,18.5,19.0,20.5,19.0,3.61,17.0,18.0,20.5,0.0,0.0,0.0,0.0,0.0,0.0,0.0,0.0,0.0,0.0,2.57,0.64,2.2,2.2,2.75,0.0,0.0,0.0,0.0,0.0,1.25,2.5,0.63,1.25,1.88,2.13,0.35,1.95,2.1,2.3,18.0,0.0,18.0,18.0,18.0,10.76,0.58,10.4,10.6,10.9,8.38,0.11,8.29,8.33,8.48,0.82,0.14,0.8,0.84,0.89,Washwater return,,,1082.0,Bench-Scale,GAC,RSSCT,4.8100000000000005,23.75,False,2026-04-10
1082-4-20,20.47,0.81,20.0,20.1,20.75,8.45,0.18,8.36,8.43,8.54,0.71,0.24,0.62,0.8,0.85,37.5,2.12,36.75,37.5,38.25,,,,,,64.5,0.71,64.25,64.5,64.75,47.0,12.73,42.5,47.0,51.5,0.07,0.04,0.04,0.06,0.07,10.0,0.0,10.0,10.0,10.0,5.08,0.07,5.04,5.06,5.11,1.97,0.04,1.95,1.97,1.98,0.092,0.001,0.092,0.093,0.093,1.82,0.02,1.81,1.81,1.83,3.44,0.14,3.37,3.43,3.51,275.0,18.03,267.5,280.0,285.0,89.77,7.66,86.05,90.2,93.7,40.07,4.0,38.05,40.0,42.05,42.63,3.47,40.8,42.2,44.25,44.2,0.4,44.1,44.2,44.3,81.0,5.2,79.5,84.0,84.0,8.37,3.17,6.55,6.9,9.45,0.4,0.69,0.0,0.0,0.6,0.0,0.0,0.0,0.0,0.0,1.4,1.21,1.05,2.1,2.1,19.67,2.08,18.5,19.0,20.5,19.0,3.61,17.0,18.0,20.5,0.0,0.0,0.0,0.0,0.0,0.0,0.0,0.0,0.0,0.0,2.57,0.64,2.2,2.2,2.75,0.0,0.0,0.0,0.0,0.0,1.25,2.5,0.63,1.25,1.88,2.13,0.35,1.95,2.1,2.3,18.0,0.0,18.0,18.0,18.0,10.49,0.75,10.0,10.5,11.0,8.34,0.09,8.3,8.33,8.41,0.83,0.2,0.71,0.88,0.97,Washwater return,,,1082.0,Bench-Scale,GAC,RSSCT,4.8100000000000005,23.75,False,2026-04-20
1083-1-10,20.33,1.15,20.0,21.0,21.0,7.61,0.36,7.41,7.46,7.74,0.2,0.01,0.2,0.2,0.2,75.15,0.49,74.98,75.15,75.33,,,,,,102.15,2.9,101.13,102.15,103.18,86.0,2.97,84.95,86.0,87.05,0.15,0.0,0.15,0.15,0.15,72.0,1.41,71.5,72.0,72.5,3.05,0.09,3.0,3.0,3.08,23.44,1.27,22.99,23.44,23.88,0.068,0.009,0.063,0.066,0.072,2.23,0.23,2.11,2.19,2.33,4.41,0.79,3.97,4.19,4.74,300.0,8.66,295.0,295.0,302.5,112.16,6.97,108.14,108.43,114.31,60.98,10.8,56.46,63.88,66.96,71.39,11.25,66.91,75.04,77.7,,,,,,73.23,3.8,71.05,71.4,74.5,29.58,2.34,28.24,28.5,30.38,9.35,0.93,8.86,9.24,9.79,0.0,0.0,0.0,0.0,0.0,4.2,0.24,4.12,4.31,4.34,33.7,4.19,32.01,34.99,36.04,21.1,6.58,18.16,22.34,24.66,0.0,0.0,0.0,0.0,0.0,1.98,0.3,1.84,2.03,2.14,10.41,0.72,10.03,10.32,10.74,,,,,,,,,,,,,,,,119.23,0.26,119.0,119.0,119.5,17.0,0.0,17.0,17.0,17.0,7.68,0.06,7.64,7.68,7.71,1.04,0.66,0.72,0.88,0.98,Coagulation,47.0,mg/L,1083.0,Bench-Scale,GAC,RSSCT,3.76,87.22000122070312,False,2026-01-10
1083-1-20,21.0,1.73,20.5,22.0,22.0,7.78,0.27,7.66,7.83,7.93,0.2,0.01,0.2,0.2,0.21,72.15,3.75,70.83,72.15,73.48,,,,,,100.25,0.21,100.18,100.25,100.33,84.9,1.41,84.4,84.9,85.4,0.15,0.0,0.15,0.15,0.15,74.5,4.95,72.75,74.5,76.25,3.08,0.08,3.05,3.1,3.13,23.85,1.85,23.2,23.85,24.51,0.069,0.008,0.064,0.066,0.072,2.23,0.22,2.11,2.18,2.33,4.17,1.09,3.62,4.14,4.71,321.67,23.09,315.0,335.0,335.0,115.29,10.56,109.21,109.98,118.71,73.15,12.1,66.31,68.73,77.78,84.41,12.77,77.14,79.24,89.1,,,,,,74.73,7.66,70.31,70.69,77.13,30.59,2.46,29.23,29.97,31.64,9.97,0.68,9.66,10.08,10.33,0.0,0.0,0.0,0.0,0.0,3.92,0.46,3.72,4.03,4.17,38.01,3.22,36.32,37.65,39.52,28.99,9.38,23.62,24.91,32.31,0.0,0.0,0.0,0.0,0.0,2.23,0.09,2.2,2.25,2.28,11.27,0.81,10.83,11.16,11.64,,,,,,,,,,,,,,,,119.4,0.34,119.0,119.5,119.5,17.0,0.0,17.0,17.0,17.0,7.73,0.05,7.68,7.75,7.78,0.83,0.18,0.71,0.75,0.93,Coagulation,47.0,mg/L,1083.0,Bench-Scale,GAC,RSSCT,3.76,87.22000122070312,False,2026-01-20
1083-2-10,20.33,1.15,20.0,21.0,21.0,8.2,0.08,8.17,8.23,8.24,0.58,0.17,0.48,0.48,0.63,98.75,1.77,98.13,98.75,99.38,,,,,,114.8,2.4,113.95,114.8,115.65,89.85,0.35,89.73,89.85,89.98,0.15,0.0,0.15,0.15,0.15,125.0,35.36,112.5,125.0,137.5,4.88,0.08,4.85,4.9,4.93,25.73,7.81,22.96,25.73,28.49,0.089,0.002,0.088,0.089,0.09,1.83,0.03,1.81,1.82,1.84,6.53,0.08,6.5,6.56,6.58,385.0,91.79,332.5,345.0,417.5,180.33,6.26,177.23,180.46,183.49,114.83,8.88,111.19,117.45,119.77,131.91,10.55,126.8,132.53,137.34,,,,,,120.17,4.71,118.03,120.92,122.69,46.14,1.27,45.42,45.67,46.63,14.02,0.41,13.79,13.87,14.18,0.0,0.0,0.0,0.0,0.0,6.86,0.95,6.32,6.54,7.23,53.62,2.66,52.23,53.35,54.88,49.69,6.76,46.13,48.91,52.85,1.64,0.19,1.53,1.57,1.71,3.02,0.46,2.75,2.78,3.17,17.09,2.62,15.61,16.13,18.09,,,,,,,,,,,,,,,,120.0,0.0,120.0,120.0,120.0,27.6,0.0,27.6,27.6,27.6,6.95,0.02,6.93,6.95,6.96,0.54,0.15,0.43,0.52,0.56,Coagulation,32.0,mg/L,1083.0,Bench-Scale,GAC,RSSCT,3.76,87.22000122070312,False,2026-02-10
1083-2-20,23.0,0.0,23.0,23.0,23.0,8.13,0.06,8.1,8.12,8.16,0.81,0.14,0.77,0.88,0.89,100.25,3.18,99.13,100.25,101.38,,,,,,116.85,4.17,115.38,116.85,118.33,92.6,4.24,91.1,92.6,94.1,0.15,0.0,0.15,0.15,0.15,84.57,5.04,82.78,84.57,86.35,4.83,0.23,4.7,4.7,4.9,17.26,0.03,17.25,17.26,17.27,0.09,0.001,0.089,0.09,0.091,1.87,0.06,1.85,1.89,1.9,6.75,0.34,6.55,6.57,6.85,511.67,68.25,475.0,500.0,542.5,180.1,9.82,174.6,176.99,184.04,124.23,11.8,117.51,119.38,128.53,143.11,14.03,135.09,137.02,148.09,,,,,,120.24,8.69,115.34,117.18,123.61,46.24,1.26,45.56,45.98,46.8,13.61,0.2,13.51,13.58,13.71,0.0,0.0,0.0,0.0,0.0,6.49,3.52,4.63,6.08,8.14,60.78,3.53,59.68,62.66,62.81,52.15,5.84,48.78,49.12,54.0,1.54,0.21,1.42,1.45,1.61,3.28,0.5,2.99,3.02,3.44,18.88,2.25,17.58,17.64,19.56,,,,,,,,,,,,,,,,120.0,0.0,120.0,120.0,120.0,27.49,0.07,27.45,27.5,27.5,6.94,0.02,6.93,6.93,6.95,0.56,0.19,0.42,0.56,0.68,Coagulation,32.0,mg/L,1083.0,Bench-Scale,GAC,RSSCT,3.76,87.22000122070312,False,2026-02-20
1083-3-10,21.0,0.0,21.0,21.0,21.0,8.07,0.05,8.05,8.06,8.09,0.29,0.08,0.24,0.26,0.32,83.55,3.46,82.33,83.55,84.78,,,,,,91.55,4.45,89.98,91.55,93.13,74.4,3.54,73.15,74.4,75.65,0.15,0.0,0.15,0.15,0.15,100.15,0.35,100.03,100.15,100.28,3.67,0.15,3.6,3.7,3.75,26.71,0.41,26.57,26.71,26.86,0.062,0.005,0.061,0.062,0.063,1.66,0.08,1.64,1.66,1.68,6.96,0.05,6.94,6.97,6.99,361.67,10.41,357.5,365.0,367.5,168.82,3.25,166.99,167.72,170.1,77.11,7.45,72.85,73.92,79.77,93.47,8.99,88.31,89.34,96.56,,,,,,110.73,2.78,109.31,110.61,112.09,39.5,0.49,39.25,39.48,39.74,16.73,0.27,16.63,16.84,16.89,1.86,0.17,1.8,1.93,1.95,7.77,0.66,7.41,7.6,8.05,46.32,3.09,44.6,45.39,47.57,17.42,2.85,15.78,15.96,18.33,1.78,0.32,1.6,1.68,1.91,3.82,0.61,3.47,3.49,4.01,16.36,1.56,15.46,15.5,16.83,,,,,,,,,,,,,,,,120.0,0.0,120.0,120.0,120.0,27.33,0.1,27.3,27.4,27.4,8.02,0.01,8.01,8.01,8.02,0.81,0.12,0.74,0.81,0.9,Coagulation,0.43,mg/L,1083.0,Bench-Scale,GAC,RSSCT,3.76,87.22000122070312,False,2026-03-10
1083-3-20,20.33,1.15,20.0,21.0,21.0,8.15,0.04,8.14,8.16,8.17,0.26,0.08,0.21,0.22,0.29,85.95,5.02,84.18,85.95,87.73,,,,,,86.1,11.31,82.1,86.1,90.1,68.4,8.49,65.4,68.4,71.4,0.15,0.0,0.15,0.15,0.15,102.05,0.07,102.03,102.05,102.08,3.77,0.06,3.75,3.8,3.8,26.86,0.02,26.85,26.86,26.86,0.059,0.006,0.055,0.056,0.061,1.56,0.17,1.46,1.48,1.62,6.49,0.28,6.34,6.44,6.62,370.0,42.72,347.5,365.0,390.0,146.24,30.45,129.03,135.23,157.95,65.72,5.3,63.16,66.08,68.45,81.22,5.17,78.71,81.52,83.88,,,,,,93.79,22.21,81.26,85.91,102.39,35.25,5.52,32.13,33.3,37.39,15.32,2.27,14.03,14.38,16.15,1.87,0.46,1.61,1.65,2.02,6.37,3.55,5.1,7.88,8.4,39.16,1.54,38.38,39.11,39.92,14.63,0.74,14.2,14.24,14.86,1.01,0.91,0.63,1.26,1.51,4.54,0.12,4.48,4.55,4.61,15.5,0.13,15.43,15.44,15.55,,,,,,,,,,,,,,,,120.0,0.0,120.0,120.0,120.0,27.12,0.14,27.0,27.1,27.1,8.01,0.03,8.01,8.02,8.02,0.57,0.33,0.3,0.65,0.85,Coagulation,30.0,mg/L,1083.0,Bench-Scale,GAC,RSSCT,3.76,87.22000122070312,False,2026-03-20
1083-4-10,23.0,1.0,22.5,23.0,23.5,8.26,0.04,8.25,8.28,8.29,0.37,0.08,0.34,0.39,0.42,93.25,2.47,92.38,93.25,94.13,,,,,,109.6,4.95,107.85,109.6,111.35,95.25,4.03,93.83,95.25,96.68,0.15,0.0,0.15,0.15,0.15,75.0,2.83,74.0,75.0,76.0,3.37,0.08,3.33,3.35,3.4,22.56,1.09,22.18,22.56,22.95,0.062,0.001,0.062,0.062,0.063,1.85,0.06,1.82,1.84,1.87,4.74,0.4,4.53,4.68,4.92,291.67,12.58,285.0,290.0,297.5,125.26,6.6,122.8,127.83,129.01,74.36,2.44,73.41,75.22,75.74,88.87,2.89,87.66,89.65,90.47,,,,,,83.8,5.35,82.24,86.86,86.89,29.71,1.32,29.15,30.04,30.44,11.07,0.33,10.88,10.88,11.17,0.68,0.59,0.5,1.0,1.01,2.74,2.5,1.67,3.33,4.11,43.14,4.69,40.65,42.47,45.3,23.66,0.77,23.22,23.36,23.95,1.39,0.35,1.2,1.35,1.55,3.43,0.71,3.11,3.57,3.82,14.5,0.48,14.25,14.44,14.73,,,,,,,,,,,,,,,,120.0,0.0,120.0,120.0,120.0,18.77,0.06,18.7,18.8,18.8,7.96,0.01,7.95,7.96,7.96,1.02,0.14,0.92,1.02,1.11,Coagulation,29.5,mg/L,1083.0,Bench-Scale,GAC,RSSCT,3.76,87.22000122070312,False,2026-04-10
1083-4-20,21.33,2.31,20.0,20.0,22.0,8.27,0.04,8.26,8.27,8.29,0.28,0.12,0.25,0.35,0.36,96.25,1.77,95.63,96.25,96.88,,,,,,111.2,0.42,111.05,111.2,111.35,98.0,0.57,97.8,98.0,98.2,0.15,0.0,0.15,0.15,0.15,64.5,10.61,60.75,64.5,68.25,3.4,0.1,3.35,3.4,3.45,18.67,2.69,17.72,18.67,19.62,0.06,0.002,0.059,0.059,0.06,1.76,0.07,1.74,1.79,1.8,4.43,0.11,4.37,4.4,4.48,266.67,31.75,257.5,285.0,285.0,133.23,16.57,123.83,126.86,139.45,81.14,7.07,77.65,81.33,84.72,96.09,8.04,92.21,96.64,100.24,,,,,,89.66,13.68,81.9,84.44,94.81,32.43,3.53,30.4,30.7,33.59,11.15,0.69,10.86,11.35,11.53,0.0,0.0,0.0,0.0,0.0,3.92,1.95,2.79,2.88,4.52,44.52,1.61,43.6,43.65,45.01,28.26,2.87,27.29,29.62,29.91,1.08,0.96,0.72,1.43,1.63,3.35,0.73,2.97,3.27,3.69,14.95,1.02,14.56,15.31,15.52,,,,,,,,,,,,,,,,120.0,0.0,120.0,120.0,120.0,18.81,0.09,18.7,18.8,18.9,7.96,0.01,7.96,7.96,7.97,1.1,0.16,1.03,1.12,1.18,Coagulation,29.5,mg/L,1083.0,Bench-Scale,GAC,RSSCT,3.76,87.22000122070312,False,2026-04-20
3001-1-10,21.87,0.23,21.8,22.0,22.0,9.37,0.06,9.35,9.4,9.4,0.23,0.01,0.23,0.23,0.24,69.0,0.0,69.0,69.0,69.0,,,,,,122.0,1.41,121.5,122.0,122.5,41.5,0.71,41.25,41.5,41.75,0.04,0.01,0.03,0.04,0.04,200.0,,200.0,200.0,200.0,3.23,0.26,3.08,3.12,3.32,65.79,,65.79,65.79,65.79,0.06,0.001,0.06,0.06,0.061,1.87,0.15,1.8,1.89,1.95,1.68,0.05,1.66,1.69,1.71,391.67,145.11,342.5,460.0,475.0,120.67,8.62,116.0,119.0,124.5,68.03,3.5,66.9,69.8,70.05,80.03,2.73,78.9,80.8,81.55,92.45,0.9,92.23,92.45,92.68,24.33,3.21,22.5,23.0,25.5,34.0,4.36,31.5,32.0,35.5,42.33,1.15,42.0,43.0,43.0,20.0,1.0,19.5,20.0,20.5,2.63,2.65,1.3,2.6,3.95,40.33,1.53,39.5,40.0,41.0,11.33,0.58,11.0,11.0,11.5,0.4,0.69,0.0,0.0,0.6,13.33,0.58,13.0,13.0,13.5,12.0,1.0,11.5,12.0,12.5,4.8,0.8,4.6,4.8,5.0,3.73,0.67,3.35,3.4,3.95,3.23,0.84,2.75,2.8,3.5,23.56,1.97,23.5,24.0,25.0,21.57,0.43,21.5,21.6,21.6,9.1,0.07,9.04,9.12,9.15,0.71,0.67,0.12,0.57,0.99,Lime softening,80.0,mg/L,3001.0,Bench-Scale,GAC,RSSCT,2.39,200.8800048828125,True,2026-01-10
3001-1-20,21.87,0.23,21.8,22.0,22.0,9.37,0.06,9.35,9.4,9.4,0.23,0.01,0.23,0.23,0.24,69.0,0.0,69.0,69.0,69.0,,,,,,122.0,1.41,121.5,122.0,122.5,41.5,0.71,41.25,41.5,41.75,0.04,0.01,0.03,0.04,0.04,200.0,,200.0,200.0,200.0,3.23,0.26,3.08,3.12,3.32,65.79,,65.79,65.79,65.79,0.06,0.001,0.06,0.06,0.061,1.87,0.15,1.8,1.89,1.95,1.68,0.05,1.66,1.69,1.71,391.67,145.11,342.5,460.0,475.0,120.67,8.62,116.0,119.0,124.5,68.5,4.01,66.9,69.8,70.75,80.5,3.36,78.9,80.8,82.25,90.67,4.45,88.85,92.0,93.15,24.33,3.21,22.5,23.0,25.5,34.0,4.36,31.5,32.0,35.5,42.33,1.15,42.0,43.0,43.0,20.0,1.0,19.5,20.0,20.5,2.63,2.65,1.3,2.6,3.95,40.33,1.53,39.5,40.0,41.0,11.33,0.58,11.0,11.0,11.5,0.87,0.76,0.6,1.2,1.3,13.33,0.58,13.0,13.0,13.5,12.0,1.0,11.5,12.0,12.5,3.2,2.8,2.2,4.4,4.8,3.73,0.67,3.35,3.4,3.95,3.23,0.84,2.75,2.8,3.5,23.61,1.93,23.63,24.0,24.75,21.74,0.41,21.6,21.6,22.0,9.14,0.06,9.11,9.14,9.18,0.84,0.78,0.13,0.81,1.39,Lime softening,80.0,mg/L,3001.0,Bench-Scale,GAC,RSSCT,2.39,200.8800048828125,True,2026-01-20
3001-2-10,25.0,0.0,25.0,25.0,25.0,9.95,0.05,9.93,9.96,9.98,0.05,0.06,0.02,0.02,0.07,56.0,0.0,56.0,56.0,56.0,,,,,,97.5,0.71,97.25,97.5,97.75,36.5,0.71,36.25,36.5,36.75,0.02,0.0,0.02,0.02,0.02,199.5,2.12,198.75,199.5,200.25,1.98,0.05,1.97,2.0,2.01,101.05,2.18,100.28,101.05,101.82,0.036,0.004,0.035,0.038,0.039,1.83,0.2,1.77,1.93,1.95,1.63,0.02,1.63,1.64,1.65,546.67,370.05,430.0,740.0,760.0,100.57,19.1,93.85,109.0,111.5,19.7,2.35,18.9,20.8,21.05,28.77,3.35,27.75,30.6,30.7,33.3,2.0,32.8,33.3,33.8,30.33,6.11,27.0,29.0,33.0,27.33,5.51,25.5,30.0,30.5,28.0,11.27,24.5,34.0,34.5,14.9,7.98,12.35,19.0,19.5,0.0,0.0,0.0,0.0,0.0,10.23,0.68,9.85,10.0,10.5,1.17,1.07,0.7,1.4,1.75,0.0,0.0,0.0,0.0,0.0,8.3,1.99,7.7,9.4,9.45,9.07,1.07,8.6,9.3,9.65,0.0,0.0,0.0,0.0,0.0,1.0,2.0,0.5,1.0,1.5,1.07,0.93,0.75,1.5,1.6,24.02,0.42,24.0,24.0,24.38,25.82,1.17,25.0,25.75,26.0,9.9,0.12,9.85,9.9,9.98,0.87,0.42,0.56,0.81,1.16,Lime softening,80.0,mg/L,3001.0,Bench-Scale,GAC,RSSCT,2.39,200.8800048828125,True,2026-02-10
3001-2-20,25.0,0.0,25.0,25.0,25.0,9.95,0.05,9.93,9.96,9.98,0.05,0.06,0.02,0.02,0.07,56.0,0.0,56.0,56.0,56.0,,,,,,97.5,0.71,97.25,97.5,97.75,36.5,0.71,36.25,36.5,36.75,0.02,0.0,0.02,0.02,0.02,199.5,2.12,198.75,199.5,200.25,1.98,0.05,1.97,2.0,2.01,101.05,2.18,100.28,101.05,101.82,0.036,0.004,0.035,0.038,0.039,1.83,0.2,1.77,1.93,1.95,1.63,0.02,1.63,1.64,1.65,546.67,370.05,430.0,740.0,760.0,100.57,19.1,93.85,109.0,111.5,19.7,2.35,18.9,20.8,21.05,28.77,3.35,27.75,30.6,30.7,33.3,2.0,32.8,33.3,33.8,30.33,6.11,27.0,29.0,33.0,27.33,5.51,25.5,30.0,30.5,28.0,11.27,24.5,34.0,34.5,14.9,7.98,12.35,19.0,19.5,0.0,0.0,0.0,0.0,0.0,10.23,0.68,9.85,10.0,10.5,1.17,1.07,0.7,1.4,1.75,0.0,0.0,0.0,0.0,0.0,8.3,1.99,7.7,9.4,9.45,9.07,1.07,8.6,9.3,9.65,0.0,0.0,0.0,0.0,0.0,1.0,2.0,0.5,1.0,1.5,1.07,0.93,0.75,1.5,1.6,24.05,0.42,24.0,24.0,24.44,25.86,0.86,26.0,26.0,26.0,9.89,0.12,9.81,9.9,9.99,0.85,0.34,0.62,0.79,1.05,Lime softening,80.0,mg/L,3001.0,Bench-Scale,GAC,RSSCT,2.39,200.8800048828125,True,2026-02-20
3001-3-10,21.33,0.57,21.1,21.5,21.65,9.83,0.12,9.8,9.9,9.9,0.11,0.06,0.07,0.08,0.13,53.5,0.71,53.25,53.5,53.75,,,,,,94.0,0.0,94.0,94.0,94.0,31.5,0.71,31.25,31.5,31.75,0.02,0.0,0.02,0.02,0.02,206.5,3.54,205.25,206.5,207.75,2.25,0.06,2.21,2.22,2.27,91.41,1.87,90.75,91.41,92.07,0.045,0.003,0.044,0.045,0.047,2.02,0.16,1.94,2.03,2.1,1.59,0.35,1.46,1.73,1.79,886.67,865.24,415.0,700.0,1265.0,92.07,33.3,77.1,98.0,110.0,21.03,3.78,19.4,21.9,23.1,29.47,5.05,27.45,31.1,32.3,29.85,10.1,27.33,29.85,32.38,31.67,4.62,29.0,29.0,33.0,26.0,10.15,21.5,28.0,31.5,24.0,12.49,19.0,28.0,31.0,10.4,7.26,7.6,13.0,14.5,0.97,1.67,0.0,0.0,1.45,10.33,0.58,10.0,10.0,10.5,1.97,0.42,1.8,2.1,2.2,0.33,0.58,0.0,0.0,0.5,7.43,2.63,6.6,8.8,8.95,8.43,1.33,8.05,9.2,9.2,0.0,0.0,0.0,0.0,0.0,0.0,0.0,0.0,0.0,0.0,1.23,0.21,1.15,1.3,1.35,24.04,0.43,24.0,24.0,24.5,22.48,0.3,22.5,22.6,22.7,9.75,0.08,9.7,9.7,9.8,0.49,0.23,0.27,0.55,0.66,Lime softening,10.0,mg/L,3001.0,Bench-Scale,GAC,RSSCT,2.39,200.8800048828125,True,2026-03-10
3001-3-20,21.33,0.57,21.1,21.5,21.65,9.83,0.12,9.8,9.9,9.9,0.11,0.06,0.07,0.08,0.13,53.5,0.71,53.25,53.5,53.75,,,,,,94.0,0.0,94.0,94.0,94.0,31.5,0.71,31.25,31.5,31.75,0.02,0.0,0.02,0.02,0.02,206.5,3.54,205.25,206.5,207.75,2.25,0.06,2.21,2.22,2.27,91.41,1.87,90.75,91.41,92.07,0.045,0.003,0.044,0.045,0.047,2.02,0.16,1.94,2.03,2.1,1.59,0.35,1.46,1.73,1.79,886.67,865.24,415.0,700.0,1265.0,92.07,33.3,77.1,98.0,110.0,21.03,3.78,19.4,21.9,23.1,29.47,5.05,27.45,31.1,32.3,29.85,10.1,27.33,29.85,32.38,31.67,4.62,29.0,29.0,33.0,26.0,10.15,21.5,28.0,31.5,24.0,12.49,19.0,28.0,31.0,10.4,7.26,7.6,13.0,14.5,0.97,1.67,0.0,0.0,1.45,10.33,0.58,10.0,10.0,10.5,1.97,0.42,1.8,2.1,2.2,0.33,0.58,0.0,0.0,0.5,7.43,2.63,6.6,8.8,8.95,8.43,1.33,8.05,9.2,9.2,0.0,0.0,0.0,0.0,0.0,0.0,0.0,0.0,0.0,0.0,1.23,0.21,1.15,1.3,1.35,24.07,0.39,24.0,24.0,24.38,22.45,0.28,22.43,22.55,22.6,9.74,0.08,9.7,9.73,9.79,0.64,0.37,0.41,0.52,0.73,Lime softening,80.0,mg/L,3001.0,Bench-Scale,GAC,RSSCT,2.39,200.8800048828125,True,2026-03-20
3001-4-10,19.77,0.12,19.7,19.7,19.8,9.6,0.0,9.6,9.6,9.6,0.23,0.06,0.2,0.21,0.26,54.5,2.12,53.75,54.5,55.25,,,,,,95.5,3.54,94.25,95.5,96.75,35.0,1.41,34.5,35.0,35.5,0.03,0.02,0.02,0.03,0.03,197.5,14.85,192.25,197.5,202.75,2.1,0.04,2.09,2.12,2.12,93.16,7.0,90.68,93.16,95.64,0.036,0.001,0.036,0.036,0.037,1.72,0.06,1.7,1.75,1.75,1.6,0.04,1.59,1.6,1.62,291.67,133.26,242.5,345.0,367.5,99.0,7.0,95.0,96.0,101.5,20.9,1.51,20.2,21.1,21.7,28.07,1.65,27.25,28.1,28.9,32.23,6.09,28.75,29.6,34.4,15.0,1.0,14.5,15.0,15.5,23.67,2.08,22.5,23.0,24.5,36.0,2.65,34.5,35.0,37.0,24.33,1.53,23.5,24.0,25.0,0.0,0.0,0.0,0.0,0.0,6.93,0.59,6.6,6.7,7.15,3.8,0.79,3.35,3.5,4.1,0.37,0.64,0.0,0.0,0.55,9.8,0.2,9.7,9.8,9.9,7.17,0.21,7.05,7.1,7.25,1.33,2.31,0.0,0.0,2.0,1.07,1.85,0.0,0.0,1.6,1.77,0.46,1.5,1.5,1.9,24.07,0.23,24.0,24.0,24.19,19.93,0.12,19.8,19.9,20.0,9.5,0.03,9.48,9.49,9.51,0.55,0.36,0.24,0.47,0.78,Lime softening,80.0,mg/L,3001.0,Bench-Scale,GAC,RSSCT,2.39,200.8800048828125,True,2026-04-10
3001-4-20,19.77,0.12,19.7,19.7,19.8,9.6,0.0,9.6,9.6,9.6,0.23,0.06,0.2,0.21,0.26,54.5,2.12,53.75,54.5,55.25,,,,,,95.5,3.54,94.25,95.5,96.75,35.0,1.41,34.5,35.0,35.5,0.03,0.02,0.02,0.03,0.03,197.5,14.85,192.25,197.5,202.75,2.1,0.04,2.09,2.12,2.12,93.16,7.0,90.68,93.16,95.64,0.036,0.001,0.036,0.036,0.037,1.72,0.06,1.7,1.75,1.75,1.6,0.04,1.59,1.6,1.62,291.67,133.26,242.5,345.0,367.5,99.0,7.0,95.0,96.0,101.5,20.9,1.51,20.2,21.1,21.7,28.07,1.65,27.25,28.1,28.9,32.23,6.09,28.75,29.6,34.4,15.0,1.0,14.5,15.0,15.5,23.67,2.08,22.5,23.0,24.5,36.0,2.65,34.5,35.0,37.0,24.33,1.53,23.5,24.0,25.0,0.0,0.0,0.0,0.0,0.0,6.93,0.59,6.6,6.7,7.15,3.8,0.79,3.35,3.5,4.1,0.37,0.64,0.0,0.0,0.55,9.8,0.2,9.7,9.8,9.9,7.17,0.21,7.05,7.1,7.25,1.33,2.31,0.0,0.0,2.0,1.07,1.85,0.0,0.0,1.6,1.77,0.46,1.5,1.5,1.9,24.04,0.19,24.0,24.0,24.0,19.77,0.2,19.63,19.8,19.88,9.49,0.04,9.46,9.47,9.5,0.64,0.24,0.45,0.58,0.86,Lime softening,80.0,mg/L,3001.0,Bench-Scale,GAC,RSSCT,2.39,200.8800048828125,True,2026-04-20
3002-1-10,20.8,1.31,20.2,21.0,21.5,9.33,0.12,9.3,9.4,9.4,0.38,0.17,0.29,0.31,0.45,45.0,4.24,43.5,45.0,46.5,,,,,,103.0,4.24,101.5,103.0,104.5,52.95,4.17,51.48,52.95,54.43,0.05,0.0,0.05,0.05,0.05,75.0,7.07,72.5,75.0,77.5,3.14,0.14,3.08,3.18,3.22,24.32,1.18,23.91,24.32,24.74,0.068,0.001,0.067,0.068,0.068,2.19,0.11,2.17,2.19,2.22,1.2,0.72,0.8,1.0,1.5,144.03,46.62,121.75,147.9,168.25,43.65,25.15,31.3,44.5,56.43,15.53,3.63,14.2,17.0,17.6,19.3,4.99,17.5,21.4,22.15,,,,,,24.37,9.31,19.25,22.1,28.35,6.67,6.22,3.86,7.72,10.01,11.73,9.25,7.65,13.6,16.75,0.88,0.8,0.54,1.08,1.32,0.0,0.0,0.0,0.0,0.0,11.9,1.87,10.85,11.3,12.65,2.87,1.67,2.2,3.4,3.8,0.0,0.0,0.0,0.0,0.0,0.77,1.33,0.0,0.0,1.15,3.77,1.91,2.7,3.2,4.55,,,,,,,,,,,,,,,,19.0,0.0,19.0,19.0,19.0,1.0,0.0,1.0,1.0,1.0,9.15,0.24,8.94,9.1,9.35,0.93,0.42,0.5,0.98,1.3,Coagulation,2.0,mg/L,3002.0,Bench-Scale,GAC,RSSCT,3.01,82.25,False,2026-01-10
3002-1-20,21.67,0.58,21.5,22.0,22.0,9.33,0.12,9.3,9.4,9.4,0.39,0.17,0.3,0.31,0.45,45.0,4.24,43.5,45.0,46.5,,,,,,103.0,4.24,101.5,103.0,104.5,52.95,4.17,51.48,52.95,54.43,0.09,0.04,0.06,0.08,0.09,75.0,7.07,72.5,75.0,77.5,3.07,0.1,3.02,3.06,3.12,24.32,1.18,23.91,24.32,24.74,0.069,0.002,0.068,0.068,0.07,2.24,0.09,2.19,2.25,2.28,0.93,0.4,0.75,1.0,1.15,151.17,57.27,121.75,147.9,178.95,32.82,13.47,26.99,35.88,40.19,15.73,3.86,14.2,17.0,17.9,20.23,5.78,18.25,22.9,23.55,,,,,,17.63,4.0,15.4,16.4,19.25,5.29,4.59,3.86,7.72,7.94,9.2,6.53,7.0,12.3,12.95,0.7,0.61,0.51,1.02,1.05,0.0,0.0,0.0,0.0,0.0,11.3,0.9,10.85,11.3,11.75,2.87,1.67,2.2,3.4,3.8,0.0,0.0,0.0,0.0,0.0,1.57,1.36,1.15,2.3,2.35,4.5,2.01,3.8,5.4,5.65,,,,,,,,,,,,,,,,19.0,0.0,19.0,19.0,19.0,1.0,0.0,1.0,1.0,1.0,8.98,0.44,8.91,9.0,9.1,1.07,0.46,0.6,1.3,1.4,Coagulation,2.0,mg/L,3002.0,Bench-Scale,GAC,RSSCT,3.01,82.25,False,2026-01-20
3002-2-10,23.0,1.0,22.5,23.0,23.5,9.13,0.45,8.9,9.1,9.35,0.3,0.02,0.3,0.3,0.31,44.5,0.71,44.25,44.5,44.75,,,,,,112.0,2.83,111.0,112.0,113.0,64.9,1.41,64.4,64.9,65.4,0.05,0.0,0.05,0.05,0.05,47.0,0.0,47.0,47.0,47.0,3.32,0.29,3.16,3.22,3.43,14.06,1.63,13.49,14.06,14.64,0.085,0.005,0.084,0.087,0.088,2.59,0.34,2.48,2.76,2.79,1.53,0.15,1.45,1.5,1.6,190.9,13.82,186.35,197.7,198.85,26.29,6.51,24.11,29.4,30.04,17.67,1.19,17.25,18.2,18.35,21.6,1.93,20.9,22.4,22.7,,,,,,15.2,3.99,13.95,17.3,17.5,7.18,1.8,6.64,8.18,8.23,3.44,0.86,3.15,3.83,3.94,0.47,0.41,0.33,0.65,0.7,0.0,0.0,0.0,0.0,0.0,9.8,1.82,8.75,8.9,10.4,4.67,1.16,4.05,4.5,5.2,2.47,0.7,2.1,2.4,2.8,0.73,0.64,0.5,1.0,1.1,3.93,0.74,3.65,4.2,4.35,,,,,,,,,,,,,,,,16.0,0.0,16.0,16.0,16.0,19.81,7.87,22.75,23.0,24.0,8.9,0.41,8.58,8.9,9.16,1.0,0.3,0.9,0.95,1.06,Carbon contact,2.4,mg/L,3002.0,Bench-Scale,GAC,RSSCT,3.01,82.25,False,2026-02-10
3002-2-20,23.0,1.0,22.5,23.0,23.5,9.07,0.55,8.8,9.1,9.35,0.32,0.01,0.31,0.32,0.32,44.5,0.71,44.25,44.5,44.75,,,,,,112.0,2.83,111.0,112.0,113.0,64.9,1.41,64.4,64.9,65.4,0.05,0.0,0.05,0.05,0.05,47.0,0.0,47.0,47.0,47.0,3.29,0.3,3.12,3.15,3.4,14.06,1.63,13.49,14.06,14.64,0.087,0.007,0.084,0.087,0.09,2.66,0.4,2.51,2.82,2.88,1.53,0.15,1.45,1.5,1.6,215.33,18.58,205.0,210.0,223.0,26.9,5.47,25.01,29.4,30.04,17.63,1.25,17.2,18.2,18.35,21.73,1.7,21.1,22.4,22.7,,,,,,15.43,3.59,14.3,17.3,17.5,7.45,1.34,7.04,8.18,8.23,3.55,0.68,3.31,3.83,3.94,0.46,0.4,0.32,0.64,0.69,0.0,0.0,0.0,0.0,0.0,9.3,2.42,8.0,8.9,10.4,5.03,1.25,4.6,5.6,5.75,2.57,0.86,2.1,2.4,2.95,0.73,0.64,0.5,1.0,1.1,4.1,0.46,3.9,4.2,4.35,,,,,,,,,,,,,,,,16.0,0.0,16.0,16.0,16.0,21.0,6.66,23.0,23.0,24.0,8.69,0.47,8.3,8.7,9.0,1.05,0.32,0.85,0.9,1.15,Coagulation,4.5,mg/L,3002.0,Bench-Scale,GAC,RSSCT,3.01,82.25,False,2026-02-20
3002-3-10,23.0,1.0,22.5,23.0,23.5,9.43,0.23,9.3,9.3,9.5,0.21,0.1,0.16,0.16,0.24,51.0,2.83,50.0,51.0,52.0,,,,,,121.5,0.71,121.25,121.5,121.75,54.4,0.71,54.15,54.4,54.65,0.05,0.0,0.05,0.05,0.05,136.5,4.95,134.75,136.5,138.25,2.64,0.17,2.59,2.64,2.68,52.16,,52.16,52.16,52.16,0.073,0.006,0.07,0.07,0.075,2.82,0.24,2.76,2.82,2.88,1.6,0.0,1.6,1.6,1.6,130.05,6.3,128.48,130.05,131.63,41.5,6.07,39.25,43.9,44.95,22.1,2.19,20.9,21.6,23.05,29.0,1.8,28.0,28.5,29.75,,,,,,14.97,6.45,11.3,12.4,17.35,12.43,1.44,11.9,13.0,13.25,11.15,2.66,9.72,10.7,12.35,2.95,1.02,2.43,2.89,3.45,0.0,0.0,0.0,0.0,0.0,14.3,1.66,13.35,13.6,14.9,3.0,0.2,2.9,3.0,3.1,0.0,0.0,0.0,0.0,0.0,4.8,0.44,4.65,5.0,5.05,6.9,0.4,6.7,6.9,7.1,,,,,,,,,,,,,,,,16.0,0.0,16.0,16.0,16.0,23.94,0.25,24.0,24.0,24.0,9.18,0.38,9.08,9.25,9.3,0.73,0.33,0.58,0.68,0.76,Carbon contact,2.4,mg/L,3002.0,Bench-Scale,GAC,RSSCT,3.01,82.25,False,2026-03-10
3002-3-20,22.67,0.58,22.5,23.0,23.0,9.37,0.31,9.2,9.3,9.5,0.21,0.1,0.16,0.16,0.24,51.0,2.83,50.0,51.0,52.0,,,,,,121.5,0.71,121.25,121.5,121.75,54.4,0.71,54.15,54.4,54.65,0.05,0.0,0.05,0.05,0.05,136.5,4.95,134.75,136.5,138.25,2.69,0.27,2.62,2.69,2.75,52.16,,52.16,52.16,52.16,0.071,0.003,0.07,0.07,0.073,2.68,0.05,2.67,2.68,2.69,1.67,0.12,1.6,1.6,1.7,137.27,12.89,130.05,133.2,142.45,45.7,10.97,40.3,46.0,51.26,22.43,2.75,20.9,21.6,23.55,29.77,3.1,28.0,28.5,30.9,,,,,,15.23,6.3,11.7,13.2,17.75,13.83,3.52,11.9,13.0,15.35,12.91,5.62,9.72,10.7,15.0,3.72,2.3,2.43,2.89,4.61,0.0,0.0,0.0,0.0,0.0,13.7,0.66,13.35,13.6,14.0,3.43,0.93,2.9,3.0,3.75,0.0,0.0,0.0,0.0,0.0,5.3,1.18,4.65,5.0,5.8,7.33,0.45,7.1,7.3,7.55,,,,,,,,,,,,,,,,16.0,0.0,16.0,16.0,16.0,23.29,1.16,23.0,24.0,24.0,9.14,0.47,9.1,9.2,9.3,0.84,0.35,0.6,0.9,0.95,Carbon contact,2.4,mg/L,3002.0,Bench-Scale,GAC,RSSCT,3.01,82.25,False,2026-03-20
3002-4-10,22.0,1.0,21.5,22.0,22.5,9.53,0.15,9.45,9.5,9.6,0.63,0.42,0.39,0.41,0.76,52.5,2.12,51.75,52.5,53.25,,,,,,118.0,0.0,118.0,118.0,118.0,51.9,0.0,51.9,51.9,51.9,0.09,0.04,0.06,0.08,0.09,70.5,2.12,69.75,70.5,71.25,2.95,0.14,2.88,2.91,3.01,23.43,0.4,23.29,23.43,23.57,0.085,0.002,0.084,0.084,0.086,2.87,0.06,2.84,2.89,2.9,1.57,0.21,1.45,1.5,1.65,195.57,21.24,183.35,185.2,202.6,56.43,3.65,55.03,57.76,58.49,21.93,1.8,21.05,22.0,22.85,27.0,1.9,26.2,27.5,28.05,,,,,,42.3,3.4,40.55,42.1,43.95,10.55,1.72,9.58,9.88,11.19,3.58,0.97,3.06,3.42,4.02,0.0,0.0,0.0,0.0,0.0,0.0,0.0,0.0,0.0,0.0,17.67,2.2,16.4,16.6,18.4,3.8,0.52,3.5,3.5,3.95,0.0,0.0,0.0,0.0,0.0,0.47,0.81,0.0,0.0,0.7,5.07,0.38,4.85,4.9,5.2,,,,,,,,,,,,,,,,16.25,0.68,16.0,16.0,16.0,14.0,0.82,13.0,14.0,15.0,9.45,0.18,9.4,9.5,9.5,0.93,0.32,0.79,0.9,1.01,Carbon contact,2.4,mg/L,3002.0,Bench-Scale,GAC,RSSCT,3.01,82.25,False,2026-04-10
3002-4-20,22.0,1.0,21.5,22.0,22.5,9.53,0.15,9.45,9.5,9.6,0.63,0.42,0.39,0.41,0.76,52.5,2.12,51.75,52.5,53.25,,,,,,118.0,0.0,118.0,118.0,118.0,51.9,0.0,51.9,51.9,51.9,0.09,0.04,0.06,0.08,0.09,70.5,2.12,69.75,70.5,71.25,2.95,0.14,2.88,2.91,3.01,23.43,0.4,23.29,23.43,23.57,0.085,0.002,0.084,0.084,0.086,2.87,0.06,2.84,2.89,2.9,1.57,0.21,1.45,1.5,1.65,195.57,21.24,183.35,185.2,202.6,56.43,3.65,55.03,57.76,58.49,21.93,1.8,21.05,22.0,22.85,27.0,1.9,26.2,27.5,28.05,,,,,,42.3,3.4,40.55,42.1,43.95,10.55,1.72,9.58,9.88,11.19,3.58,0.97,3.06,3.42,4.02,0.0,0.0,0.0,0.0,0.0,0.0,0.0,0.0,0.0,0.0,17.67,2.2,16.4,16.6,18.4,3.8,0.52,3.5,3.5,3.95,0.0,0.0,0.0,0.0,0.0,0.47,0.81,0.0,0.0,0.7,5.07,0.38,4.85,4.9,5.2,,,,,,,,,,,,,,,,17.88,3.0,16.0,16.0,18.0,13.45,1.12,13.0,14.0,14.0,9.38,0.16,9.3,9.4,9.5,0.94,0.32,0.8,1.0,1.1,Carbon contact,2.4,mg/L,3002.0,Bench-Scale,GAC,RSSCT,3.01,82.25,False,2026-04-20
3004-1-LFC1,13.56,1.16,12.95,13.28,13.89,5.5,0.46,5.23,5.49,5.76,0.12,0.02,0.1,0.12,0.13,2.25,1.5,1.0,2.0,3.25,72.5,6.8100000000000005,70.5,74.0,76.0,28.25,3.2,26.75,27.0,28.5,14.75,0.5,14.75,15.0,15.0,0.03,0.0,0.03,0.03,0.03,26.25,4.79,23.75,27.5,30.0,2.5,0.11,2.45,2.47,2.52,10.59,2.29,9.48,11.13,12.25,0.036,0.003,0.034,0.035,0.037,1.425,0.12,1.36,1.42,1.49,2.05,0.3,1.89,2.07,2.23,132.14,15.87,120.09,130.3,142.35,39.36,4.5,36.66,37.53,40.23,27.68,2.81,25.38,27.2,29.5,30.64,2.98,28.23,30.23,32.64,37.29,4.15,34.25,36.28,39.31,29.6,5.32,26.2,27.4,30.8,6.79,0.86,6.58,6.95,7.16,2.98,0.17,2.88,2.95,3.0500000000000003,0.0,0.0,0.0,0.0,0.0,0.0,0.0,0.0,0.0,0.0,10.55,1.4,9.38,10.45,11.63,17.13,1.44,16.0,16.75,17.88,0.0,0.0,0.0,0.0,0.0,0.0,0.0,0.0,0.0,0.0,2.96,0.25,2.9,3.0500000000000003,3.11,0.0,0.0,0.0,0.0,0.0,0.53,1.05,0.0,0.0,0.53,6.13,0.34,5.95,6.05,6.23,23.93,0.27,23.79,24.04,24.08,15.89,1.21,15.1,15.6,16.2,6.99,0.06,6.95,6.99,7.0200000000000005,1.33,0.08,1.29,1.31,1.33,Carbon contact,3.2,mg/L,3004.0,Bench-Scale,Membrane,LTSEBST,2.51,26.940000534057617,False,
3004-1-NF70,25.13,3.33,22.72,26.22,27.85,6.82,0.8300000000000001,6.32,6.68,6.91,0.17,0.1,0.11,0.14,0.17,12.58,4.32,9.5,13.0,16.25,70.5,9.63,60.46,73.51,77.9,37.42,7.45,32.5,37.5,39.25,21.13,7.37,16.5,18.5,22.25,0.04,0.04,0.03,0.03,0.03,23.5,9.36,17.5,26.5,30.5,2.6,0.22,2.52,2.63,2.72,9.22,4.13,6.53,9.44,11.71,0.043,0.004,0.041,0.044,0.046,1.779,0.21,1.63,1.74,1.86,2.95,0.62,2.46,3.16,3.3200000000000003,186.31,45.2,157.64,174.05,205.53,51.31,12.04,41.2,46.0,59.9,41.25,6.74,35.75,39.5,45.5,44.79,6.890000000000001,39.5,43.0,48.98,50.38,9.06,43.55,48.8,56.18,41.82,10.19,35.45,36.0,47.6,8.77,2.05,7.2,8.950000000000001,9.53,0.78,0.73,0.0,1.03,1.18,0.0,0.0,0.0,0.0,0.0,0.2,0.63,0.0,0.0,0.0,16.75,2.7,15.25,16.0,17.75,24.3,4.57,20.75,23.5,27.75,0.0,0.0,0.0,0.0,0.0,0.0,0.0,0.0,0.0,0.0,3.54,0.39,3.25,3.6,3.7,0.0,0.0,0.0,0.0,0.0,0.0,0.0,0.0,0.0,0.0,5.23,2.11,4.43,6.1000000000000005,6.49,23.87,0.64,23.43,23.92,24.0,23.52,1.55,22.95,23.98,24.64,7.16,0.21,7.04,7.2,7.26,1.35,0.68,1.05,1.18,1.44,Carbon contact,2.36,mg/L,3004.0,Bench-Scale,Membrane,LTSEBST,2.51,26.940000534057617,False,
3004-2-NF70,16.0,3.15,13.9,15.83,18.13,6.99,0.94,6.5,7.2,7.45,0.16,0.1,0.1,0.11,0.17,13.57,7.5,9.5,16.0,18.5,68.14,15.24,59.5,63.0,77.0,30.79,2.8000000000000003,29.0,30.5,32.5,14.0,1.63,13.5,14.0,15.0,0.03,0.01,0.03,0.03,0.03,32.86,3.93,30.0,32.0,34.5,2.37,0.12,2.3000000000000003,2.36,2.42,13.91,1.84,12.39,14.35,15.1,0.039,0.006,0.035,0.04,0.041,1.636,0.26,1.47,1.61,1.8,2.44,0.52,2.5,2.64,2.69,156.23,26.32,130.8,164.20000000000002,175.95000000000002,38.74,7.97,34.6,38.4,45.2,31.75,5.18,29.5,31.05,33.28,35.39,5.5600000000000005,32.95,34.95,37.03,42.06,5.71,40.13,41.9,44.2,30.16,7.32,25.55,30.7,35.5,7.09,0.99,6.58,6.7,7.45,1.49,1.52,0.0,1.3,2.95,0.0,0.0,0.0,0.0,0.0,0.5700000000000001,1.39,0.0,0.0,0.0,13.08,2.69,11.25,13.0,14.0,17.92,2.01,16.5,18.5,19.38,0.0,0.0,0.0,0.0,0.0,0.18,0.45,0.0,0.0,0.0,3.64,0.51,3.43,3.5500000000000003,4.01,0.0,0.0,0.0,0.0,0.0,0.0,0.0,0.0,0.0,0.0,6.67,1.0,5.95,6.5,7.43,24.24,1.08,24.0,24.0,24.0,16.23,1.36,15.35,16.5,17.330000000000002,7.12,0.16,7.0,7.08,7.15,1.18,0.29,1.18,1.3,1.32,Carbon contact,2.36,mg/L,3004.0,Bench-Scale,Membrane,LTSEBST,2.51,26.940000534057617,False,
3005-1-10,24.06,3.26,20.93,24.8,26.6,8.26,0.32,7.93,8.3,8.5,0.21,0.05,0.17,0.21,0.23,64.5,14.7,52.0,60.0,79.5,,,,,,101.3,21.9,81.25,101.0,120.75,79.7,19.28,63.0,77.0,98.5,0.05,0.0,0.05,0.05,0.05,135.5,20.06,116.25,140.0,150.0,3.79,0.06,3.8,3.8,3.8,35.76,5.32,30.59,37.34,39.47,0.085,0.006,0.08,0.084,0.088,2.24,0.18,2.13,2.2,2.36,3.68,0.43,3.38,3.49,3.9,297.86,41.42,265.0,295.0,325.0,124.58,12.43,116.26,123.45,135.0,41.0,7.67,36.16,37.75,45.06,54.55,9.04,48.96,51.4,56.31,,,,,,57.7,6.68,54.25,57.0,59.75,39.1,5.0,36.0,39.0,43.5,24.05,5.96,19.13,26.5,27.75,3.73,1.99,2.46,4.15,5.05,3.54,1.14,2.65,3.4,3.89,21.1,3.87,18.25,20.0,22.75,11.99,3.06,10.25,11.5,12.75,0.4,0.66,0.0,0.0,0.75,3.98,1.08,3.16,3.85,4.69,13.55,2.24,12.13,13.5,15.0,,,,,,,,,,,,,,,,24.0,0.0,24.0,24.0,24.0,24.43,3.18,22.0,25.2,26.0,8.19,0.41,7.9,8.05,8.6,0.92,0.13,0.85,0.93,1.0,Coagulation,20.0,mg/L,3005.0,Pilot-Scale,GAC,Pilot Columns,3.58,135.6999969482422,False,2026-01-10
3005-1-20,24.06,3.26,20.93,24.8,26.6,8.26,0.32,7.93,8.3,8.5,0.21,0.05,0.17,0.21,0.23,64.5,14.7,52.0,60.0,79.5,,,,,,101.3,21.9,81.25,101.0,120.75,79.7,19.28,63.0,77.0,98.5,0.05,0.0,0.05,0.05,0.05,135.5,20.06,116.25,140.0,150.0,3.79,0.06,3.8,3.8,3.8,35.76,5.32,30.59,37.34,39.47,0.085,0.006,0.08,0.084,0.088,2.24,0.18,2.13,2.2,2.36,3.68,0.43,3.38,3.49,3.9,297.86,41.42,265.0,295.0,325.0,124.58,12.43,116.26,123.45,135.0,41.0,7.67,36.16,37.75,45.06,54.55,9.04,48.96,51.4,56.31,,,,,,57.7,6.68,54.25,57.0,59.75,39.1,5.0,36.0,39.0,43.5,24.05,5.96,19.13,26.5,27.75,3.73,1.99,2.46,4.15,5.05,3.54,1.14,2.65,3.4,3.89,21.1,3.87,18.25,20.0,22.75,11.99,3.06,10.25,11.5,12.75,0.4,0.66,0.0,0.0,0.75,3.98,1.08,3.16,3.85,4.69,13.55,2.24,12.13,13.5,15.0,,,,,,,,,,,,,,,,24.0,0.0,24.0,24.0,24.0,24.6,3.38,22.0,25.7,27.0,8.18,0.43,7.8,7.95,8.6,0.94,0.1,0.89,0.96,0.99,Coagulation,52.0,mg/L,3005.0,Pilot-Scale,GAC,Pilot Columns,3.58,135.6999969482422,False,2026-01-20
3005-2-20EC,26.11,4.08,23.5,26.5,29.5,7.5,1.13,6.6,7.5,8.3,0.16,0.07,0.1,0.15,0.23,63.13,18.56,51.0,57.0,79.0,,,,,,115.0,23.73,107.0,118.0,126.5,94.52,23.32,83.5,98.0,102.5,0.05,0.01,0.05,0.05,0.05,136.09,17.71,130.0,140.0,150.0,3.16,0.67,2.73,3.2,3.8,45.59,13.91,37.09,42.11,53.74,0.064,0.022,0.045,0.064,0.082,2.02,0.3,1.8,2.03,2.21,3.48,0.43,3.23,3.42,3.62,234.33,74.13,175.0,250.0,282.5,99.25,32.26,75.88,108.75,124.68,32.84,11.95,23.85,34.5,39.18,43.84,15.04,32.75,47.5,53.73,,,,,,40.02,20.49,20.5,46.0,57.0,31.33,10.21,24.25,32.5,39.5,21.61,5.7,17.5,22.0,26.5,4.94,2.35,3.3,5.1,7.0,3.27,1.39,2.35,3.3,3.7,15.52,7.29,8.85,18.0,20.0,9.49,4.22,6.05,10.0,12.0,0.21,0.51,0.0,0.0,0.0,4.35,1.55,3.25,4.5,5.05,11.01,3.44,8.15,11.0,13.5,,,,,,,,,,,,,,,,24.0,0.0,24.0,24.0,24.0,25.79,4.3,22.0,26.5,29.0,8.1,0.75,7.88,8.0,8.3,0.92,0.16,0.82,0.88,0.99,Coagulation,11.0,mg/L,3005.0,Pilot-Scale,GAC,Pilot Columns,3.58,135.6999969482422,False,
3006-1-10,25.6,3.55,23.0,25.0,28.63,7.22,0.09,7.14,7.22,7.3,0.12,0.04,0.1,0.11,0.12,87.43,14.66,79.25,82.0,95.63,,,,,,128.18,7.2,123.75,128.0,133.0,115.36,6.77,109.58,116.05,119.33,0.11,0.05,0.07,0.1,0.11,118.7,12.19,110.25,113.0,121.5,3.17,0.21,3.09,3.16,3.26,37.63,4.6,34.94,36.42,41.08,0.064,0.006,0.061,0.066,0.068,2.03,0.26,1.94,2.05,2.22,1.97,0.73,1.83,2.15,2.38,247.3,27.62,242.5,250.0,259.5,96.33,7.87,90.9,96.8,102.31,49.52,17.85,38.7,42.74,51.78,62.38,19.92,50.94,55.82,65.45,68.3,12.88,62.16,69.42,75.0,41.69,5.49,38.95,41.38,43.52,29.73,5.29,26.6,29.84,34.33,18.27,3.61,14.78,17.57,21.82,4.36,3.04,2.71,3.6,5.92,0.27,0.86,0.0,0.0,0.0,21.82,7.66,17.67,19.25,23.72,19.76,10.35,12.86,15.42,23.64,0.86,1.22,0.0,0.0,1.7,6.81,2.18,5.53,5.81,8.86,12.86,2.74,10.89,12.52,13.74,6.11,0.05,6.09,6.12,6.14,1.09,2.17,0.0,0.0,1.09,7.95,0.33,7.88,8.07,8.14,18.05,0.15,18.0,18.0,18.0,25.44,2.02,23.9,25.7,26.7,8.09,0.08,8.04,8.09,8.12,0.8,0.12,0.7,0.8,0.9,Coagulation,40.0,mg/L,3006.0,Pilot-Scale,GAC,Pilot Columns,3.22,122.54000091552734,False,2026-01-10
3006-1-20,25.6,3.55,23.0,25.0,28.63,7.22,0.09,7.14,7.22,7.3,0.12,0.04,0.1,0.11,0.12,87.43,14.66,79.25,82.0,95.63,,,,,,128.18,7.2,123.75,128.0,133.0,115.36,6.77,109.58,116.05,119.33,0.11,0.05,0.07,0.1,0.11,118.7,12.19,110.25,113.0,121.5,3.17,0.21,3.09,3.16,3.26,37.63,4.6,34.94,36.42,41.08,0.064,0.006,0.061,0.066,0.068,2.03,0.26,1.94,2.05,2.22,1.97,0.73,1.83,2.15,2.38,247.3,27.62,242.5,250.0,259.5,96.33,7.87,90.9,96.8,102.31,49.52,17.85,38.7,42.74,51.78,62.38,19.92,50.94,55.82,65.45,68.3,12.88,62.16,69.42,75.0,41.69,5.49,38.95,41.38,43.52,29.73,5.29,26.6,29.84,34.33,18.27,3.61,14.78,17.57,21.82,4.36,3.04,2.71,3.6,5.92,0.27,0.86,0.0,0.0,0.0,21.82,7.66,17.67,19.25,23.72,19.76,10.35,12.86,15.42,23.64,0.86,1.22,0.0,0.0,1.7,6.81,2.18,5.53,5.81,8.86,12.86,2.74,10.89,12.52,13.74,6.11,0.05,6.09,6.12,6.14,1.09,2.17,0.0,0.0,1.09,7.95,0.33,7.88,8.07,8.14,18.0,0.0,18.0,18.0,18.0,25.84,2.1,25.0,26.1,27.08,8.08,0.08,8.01,8.08,8.14,0.8,0.14,0.69,0.83,0.9,Coagulation,40.0,mg/L,3006.0,Pilot-Scale,GAC,Pilot Columns,3.22,122.54000091552734,False,2026-01-20
4005-1-NF70,14.35,3.13,11.9,15.5,16.85,6.1000000000000005,0.2,6.0,6.0,6.2,0.09,0.01,0.09,0.1,0.1,13.83,3.43,12.0,13.5,16.5,87.42,5.64,83.5,86.5,88.75,65.33,15.19,52.5,63.5,79.0,,,,,,,,,,,,,,,,5.45,0.45,5.23,5.45,5.68,,,,,,0.177,0.01,0.177,0.178,0.179,3.18,0.13,3.11,3.12,3.2,4.42,1.37,3.65,3.9,4.94,,,,,,106.6,17.84,96.3,96.3,111.75,123.33,12.7,116.0,116.0,127.0,127.33,10.97,121.0,121.0,130.5,,,,,,94.23,21.36,81.9,81.9,100.4,12.37,3.52,11.35,14.4,14.4,0.0,0.0,0.0,0.0,0.0,0.0,0.0,0.0,0.0,0.0,3.0,0.0,3.0,3.0,3.0,49.0,12.12,42.0,42.0,52.5,66.0,5.2,63.0,63.0,67.5,0.0,0.0,0.0,0.0,0.0,5.33,4.62,4.0,8.0,8.0,4.0,1.73,3.5,5.0,5.0,,,,,,,,,,,,,,,,72.0,0.0,72.0,72.0,72.0,19.0,0.0,19.0,19.0,19.0,7.5,0.0,7.5,7.5,7.5,0.68,0.31,0.65,0.79,0.8,Microfiltration,,,4005.0,Pilot-Scale,Membrane,2-Stage Pilot,5.45,,False,
4006-1-NF70,10.29,2.2,8.75,10.0,11.0,6.19,0.17,6.05,6.15,6.3500000000000005,0.2,0.11,0.12,0.15,0.23,11.5,1.22,10.5,12.0,12.0,126.71,12.23,124.0,130.0,134.0,61.83,6.5200000000000005,62.0,65.0,65.0,,,,,,,,,,,30.0,0.0,30.0,30.0,30.0,2.11,0.27,1.85,2.3000000000000003,2.3000000000000003,14.39,1.89,13.04,13.04,16.23,0.037,0.004,0.033,0.038,0.039,1.654,0.14,1.63,1.65,1.78,1.5,0.2,1.38,1.45,1.59,,,,,,43.09,4.2,42.15,43.6,44.85,42.67,8.16,38.5,43.5,45.5,45.67,9.29,41.75,47.0,50.0,,,,,,34.57,5.12,32.5,33.4,37.1,7.83,1.23,7.45,7.6,8.25,0.6900000000000001,0.66,0.0,1.0,1.15,0.0,0.0,0.0,0.0,0.0,1.29,1.6,0.0,0.0,3.0,19.5,3.56,17.5,20.0,22.5,20.57,4.69,18.0,20.0,23.0,0.0,0.0,0.0,0.0,0.0,0.71,1.11,0.0,0.0,1.0,3.14,1.57,3.0,3.0,4.0,,,,,,,,,,,,,,,,72.0,0.0,72.0,72.0,72.0,11.0,0.0,11.0,11.0,11.0,7.5,0.0,7.5,7.5,7.5,0.76,0.14,0.67,0.73,0.79,Coagulation,40.0,mg/L,4006.0,Bench-Scale,Membrane,LTSEBST,2.27,30.0,False,
4006-2-NF70,14.0,0.0,14.0,14.0,14.0,6.18,0.11,6.140000000000001,6.18,6.21,0.19,0.04,0.18,0.19,0.21,9.0,0.0,9.0,9.0,9.0,86.5,2.12,85.75,86.5,87.25,56.0,0.0,56.0,56.0,56.0,,,,,,,,,,,30.0,0.0,30.0,30.0,30.0,2.85,0.07,2.83,2.85,2.88,10.53,0.26,10.44,10.53,10.62,0.044,0.007,0.042,0.044,0.047,1.547,0.29,1.45,1.55,1.65,1.97,0.23,1.88,1.97,2.05,,,,,,79.05,11.38,75.03,79.05,83.08,73.0,39.6,59.0,73.0,87.0,75.5,40.31,61.25,75.5,89.75,,,,,,70.55,11.81,66.38,70.55,74.73,8.5,0.42,8.35,8.5,8.65,0.0,0.0,0.0,0.0,0.0,0.0,0.0,0.0,0.0,0.0,3.5,2.12,2.75,3.5,4.25,33.0,16.97,27.0,33.0,39.0,36.0,19.8,29.0,36.0,43.0,0.0,0.0,0.0,0.0,0.0,0.5,0.71,0.25,0.5,0.75,2.5,0.71,2.25,2.5,2.75,,,,,,,,,,,,,,,,72.0,0.0,72.0,72.0,72.0,19.0,0.0,19.0,19.0,19.0,7.5,0.0,7.5,7.5,7.5,0.84,0.1,0.8300000000000001,0.89,0.9,Coagulation,40.0,mg/L,4006.0,Bench-Scale,Membrane,LTSEBST,2.27,30.0,False,
4007-1-NF70,24.0,0.0,24.0,24.0,24.0,6.46,0.66,5.95,6.2,7.0,0.9,1.48,0.21,0.24,0.37,138.0,58.4,90.5,130.0,185.0,305.45,37.51,285.0,320.0,325.0,212.73,10.09,210.0,210.0,215.0,199.09,17.580000000000002,190.0,190.0,205.0,,,,,,,,,,,3.15,0.54,2.85,3.0,3.5500000000000003,,,,,,,,,,,,,,,,9.93,1.81,8.35,10.2,11.1,376.36,138.87,375.0,410.0,445.0,98.7,36.79,84.25,103.0,126.5,74.64,33.12,57.5,82.0,103.5,,,,,,,,,,,81.8,35.21,68.5,83.0,106.5,15.7,3.06,14.0,15.5,18.5,1.18,1.08,0.0,1.0,2.0,0.0,0.0,0.0,0.0,0.0,5.82,6.3100000000000005,0.5,3.0,11.0,31.45,16.94,24.0,37.0,41.0,37.18,16.36,25.5,37.0,48.0,0.18,0.6,0.0,0.0,0.0,0.0,0.0,0.0,0.0,0.0,,,,,,,,,,,,,,,,,,,,,96.0,0.0,96.0,96.0,96.0,20.0,0.0,20.0,20.0,20.0,7.6,0.0,7.6,7.6,7.6,2.31,1.36,1.47,2.1,3.27,Filtration,110.0,mg/L,4007.0,Pilot-Scale,Membrane,2-Stage Pilot,3.15,,False,
4008-1-NF70,24.0,0.0,24.0,24.0,24.0,6.13,0.22,5.98,6.1000000000000005,6.25,0.51,0.39,0.2,0.43,0.75,133.0,31.17,113.75,139.0,158.25,324.0,22.99,306.75,324.5,341.75,229.75,6.55,227.25,229.5,232.0,203.5,6.3500000000000005,200.0,200.5,204.0,,,,,,,,,,,3.63,0.22,3.48,3.6,3.75,,,,,,,,,,,,,,,,8.43,0.42,8.23,8.35,8.55,526.25,70.49,481.5,530.5,575.25,113.9,20.65,98.3,114.0,129.6,78.5,31.73,61.25,84.0,101.25,,,,,,,,,,,91.5,19.74,79.75,95.5,107.25,20.5,5.45,17.75,20.5,23.25,1.9,1.48,1.35,2.0,2.5500000000000003,0.0,0.0,0.0,0.0,0.0,7.0,7.390000000000001,1.5,6.0,11.5,34.75,12.39,31.25,38.5,42.0,36.0,12.27,28.5,38.0,45.5,0.5,1.0,0.0,0.0,0.5,0.25,0.5,0.0,0.0,0.25,,,,,,,,,,,,,,,,,,,,,96.0,0.0,96.0,96.0,96.0,20.0,0.0,20.0,20.0,20.0,7.6,0.0,7.6,7.6,7.6,2.61,1.69,1.42,2.8000000000000003,4.12,Filtration,110.0,mg/L,4008.0,Pilot-Scale,Membrane,2-Stage Pilot,3.58,,False,
4009-1-10,20.2,0.0,20.2,20.2,20.2,6.97,0.25,6.85,7.0,7.1,0.19,0.02,0.19,0.19,0.2,33.1,5.0,30.65,33.3,35.65,,,,,,61.67,1.76,60.75,61.5,62.5,55.0,0.0,55.0,55.0,55.0,0.01,0.0,0.01,0.01,0.01,10.0,0.0,10.0,10.0,10.0,3.62,0.26,3.45,3.58,3.76,2.77,0.2,2.66,2.8,2.9,0.056,0.009,0.048,0.054,0.062,1.56,0.37,1.28,1.51,1.79,4.83,0.72,4.48,4.5,4.85,271.0,20.19,261.5,273.2,281.6,158.75,11.93,155.5,161.5,164.75,62.03,13.82,54.1,61.93,69.85,62.03,13.82,54.1,61.93,69.85,,,,,,133.25,9.07,131.25,136.5,138.5,22.0,3.56,19.0,21.5,24.5,3.5,0.58,3.0,3.5,4.0,0.0,0.0,0.0,0.0,0.0,0.0,0.0,0.0,0.0,0.0,39.9,9.37,32.85,39.25,46.3,22.13,5.1,20.46,22.68,24.34,0.0,0.0,0.0,0.0,0.0,0.0,0.0,0.0,0.0,0.0,0.0,0.0,0.0,0.0,0.0,,,,,,,,,,,,,,,,72.0,0.0,72.0,72.0,72.0,30.0,0.0,30.0,30.0,30.0,8.0,0.0,8.0,8.0,8.0,0.91,0.63,0.5,0.78,1.08,Coagulation,45.0,mg/L,4009.0,Bench-Scale,GAC,RSSCT,3.58,10.0,False,2026-01-10
4009-1-20,20.2,0.0,20.2,20.2,20.2,6.97,0.25,6.85,7.0,7.1,0.19,0.02,0.19,0.19,0.2,33.1,5.0,30.65,33.3,35.65,,,,,,61.67,1.76,60.75,61.5,62.5,55.0,0.0,55.0,55.0,55.0,0.01,0.0,0.01,0.01,0.01,10.0,0.0,10.0,10.0,10.0,3.62,0.26,3.45,3.58,3.76,2.77,0.2,2.66,2.8,2.9,0.056,0.009,0.048,0.054,0.062,1.56,0.37,1.28,1.51,1.79,4.83,0.72,4.48,4.5,4.85,271.0,20.19,261.5,273.2,281.6,158.75,11.93,155.5,161.5,164.75,62.03,13.82,54.1,61.93,69.85,62.03,13.82,54.1,61.93,69.85,,,,,,133.25,9.07,131.25,136.5,138.5,22.0,3.56,19.0,21.5,24.5,3.5,0.58,3.0,3.5,4.0,0.0,0.0,0.0,0.0,0.0,0.0,0.0,0.0,0.0,0.0,39.9,9.37,32.85,39.25,46.3,22.13,5.1,20.46,22.68,24.34,0.0,0.0,0.0,0.0,0.0,0.0,0.0,0.0,0.0,0.0,0.0,0.0,0.0,0.0,0.0,,,,,,,,,,,,,,,,72.0,0.0,72.0,72.0,72.0,30.0,0.0,30.0,30.0,30.0,8.0,0.0,8.0,8.0,8.0,1.06,0.72,0.55,0.83,1.6,Coagulation,45.0,mg/L,4009.0,Bench-Scale,GAC,RSSCT,3.58,10.0,False,2026-01-20
4009-2-10,21.8,0.0,21.8,21.8,21.8,6.7,0.2,6.6,6.7,6.8,0.17,0.04,0.14,0.17,0.18,27.7,2.05,26.0,27.5,28.0,,,,,,53.0,3.46,51.0,51.0,53.0,49.0,5.79,45.0,48.0,48.0,0.01,0.0,0.01,0.01,0.01,10.0,0.0,10.0,10.0,10.0,4.2,1.02,3.59,3.91,4.53,2.48,0.53,2.25,2.57,2.79,0.0,0.0,0.0,0.0,0.0,0.0,0.0,0.0,0.0,0.0,4.97,0.2,4.86,4.9,5.05,301.95,26.3,295.38,301.95,308.53,194.67,43.82,176.5,207.0,219.0,68.18,22.36,62.59,68.18,73.77,75.34,25.48,68.97,75.34,81.71,,,,,,167.33,38.37,152.5,181.0,189.0,23.0,5.57,20.0,22.0,25.5,4.33,0.58,4.0,4.0,4.5,0.0,0.0,0.0,0.0,0.0,0.0,0.0,0.0,0.0,0.0,47.2,16.0,43.2,47.2,51.2,20.98,6.36,19.39,20.98,22.57,0.0,0.0,0.0,0.0,0.0,0.0,0.0,0.0,0.0,0.0,7.16,3.12,6.38,7.16,7.94,,,,,,,,,,,,,,,,72.0,0.0,72.0,72.0,72.0,30.0,0.0,30.0,30.0,30.0,8.0,0.0,8.0,8.0,8.0,0.71,0.54,0.32,0.53,0.95,Coagulation,45.0,mg/L,4009.0,Bench-Scale,GAC,RSSCT,3.58,10.0,False,2026-02-10
4009-2-20,21.8,0.0,21.8,21.8,21.8,6.7,0.2,6.6,6.7,6.8,0.17,0.04,0.14,0.17,0.18,27.7,2.05,26.0,27.5,28.0,,,,,,53.0,3.46,51.0,51.0,53.0,49.0,5.79,45.0,48.0,48.0,0.01,0.0,0.01,0.01,0.01,10.0,0.0,10.0,10.0,10.0,4.2,1.02,3.59,3.91,4.53,2.48,0.53,2.25,2.57,2.79,0.0,0.0,0.0,0.0,0.0,0.0,0.0,0.0,0.0,0.0,4.97,0.2,4.86,4.9,5.05,301.95,26.3,295.38,301.95,308.53,194.67,43.82,176.5,207.0,219.0,68.18,22.36,62.59,68.18,73.77,75.34,25.48,68.97,75.34,81.71,,,,,,167.33,38.37,152.5,181.0,189.0,23.0,5.57,20.0,22.0,25.5,4.33,0.58,4.0,4.0,4.5,0.0,0.0,0.0,0.0,0.0,0.0,0.0,0.0,0.0,0.0,47.2,16.0,43.2,47.2,51.2,20.98,6.36,19.39,20.98,22.57,0.0,0.0,0.0,0.0,0.0,0.0,0.0,0.0,0.0,0.0,7.16,3.12,6.38,7.16,7.94,,,,,,,,,,,,,,,,72.0,0.0,72.0,72.0,72.0,30.0,0.0,30.0,30.0,30.0,8.0,0.0,8.0,8.0,8.0,1.18,0.6,0.8,1.03,1.55,Coagulation,45.0,mg/L,4009.0,Bench-Scale,GAC,RSSCT,3.58,10.0,False,2026-02-20
4009-3-10,23.15,0.6,22.98,23.3,23.48,6.65,0.45,6.53,6.8,6.93,0.1,0.07,0.09,0.13,0.15,18.0,1.15,17.0,18.0,19.0,,,,,,48.25,1.26,47.75,48.0,48.5,44.0,4.32,42.5,45.0,46.5,0.04,0.01,0.03,0.04,0.04,10.0,0.0,10.0,10.0,10.0,3.12,0.28,2.97,3.0,3.22,3.22,0.27,3.12,3.33,3.37,0.055,0.004,0.054,0.057,0.057,1.73,0.13,1.65,1.66,1.77,4.28,0.28,4.08,4.26,4.46,415.83,51.84,396.13,409.75,429.45,171.0,16.0,167.0,171.0,175.0,87.05,14.1,83.53,87.05,90.58,95.62,10.24,93.06,95.62,98.18,,,,,,142.5,13.0,139.25,142.5,145.75,25.0,2.0,24.5,25.0,25.5,3.5,1.0,3.25,3.5,3.75,0.0,0.0,0.0,0.0,0.0,0.0,0.0,0.0,0.0,0.0,50.4,9.2,48.1,50.4,52.7,36.65,4.9,35.43,36.65,37.88,0.0,0.0,0.0,0.0,0.0,0.0,0.0,0.0,0.0,0.0,8.57,3.86,7.61,8.57,9.54,,,,,,,,,,,,,,,,72.0,0.0,72.0,72.0,72.0,30.0,0.0,30.0,30.0,30.0,8.0,0.0,8.0,8.0,8.0,1.16,0.45,0.91,1.22,1.4,Coagulation,45.0,mg/L,4009.0,Bench-Scale,GAC,RSSCT,3.58,10.0,False,2026-03-10
4009-3-20,23.15,0.6,22.98,23.3,23.48,6.65,0.45,6.53,6.8,6.93,0.1,0.07,0.09,0.13,0.15,18.0,1.15,17.0,18.0,19.0,,,,,,48.25,1.26,47.75,48.0,48.5,44.0,4.32,42.5,45.0,46.5,0.04,0.01,0.03,0.04,0.04,10.0,0.0,10.0,10.0,10.0,3.12,0.28,2.97,3.0,3.22,3.22,0.27,3.12,3.33,3.37,0.055,0.004,0.054,0.057,0.057,1.73,0.13,1.65,1.66,1.77,4.28,0.28,4.08,4.26,4.46,415.83,51.84,396.13,409.75,429.45,171.0,16.0,167.0,171.0,175.0,87.05,14.1,83.53,87.05,90.58,95.62,10.24,93.06,95.62,98.18,,,,,,142.5,13.0,139.25,142.5,145.75,25.0,2.0,24.5,25.0,25.5,3.5,1.0,3.25,3.5,3.75,0.0,0.0,0.0,0.0,0.0,0.0,0.0,0.0,0.0,0.0,50.4,9.2,48.1,50.4,52.7,36.65,4.9,35.43,36.65,37.88,0.0,0.0,0.0,0.0,0.0,0.0,0.0,0.0,0.0,0.0,8.57,3.86,7.61,8.57,9.54,,,,,,,,,,,,,,,,72.0,0.0,72.0,72.0,72.0,30.0,0.0,30.0,30.0,30.0,8.0,0.0,8.0,8.0,8.0,1.54,0.44,1.32,1.55,1.9,Coagulation,45.0,mg/L,4009.0,Bench-Scale,GAC,RSSCT,3.58,10.0,False,2026-03-20
4009-4-10,21.53,3.01,19.8,20.0,22.5,6.6,0.2,6.55,6.6,6.65,0.24,0.05,0.22,0.26,0.27,21.0,0.0,21.0,21.0,21.0,,,,,,44.0,1.41,43.5,44.0,44.5,41.0,1.41,40.5,41.0,41.5,0.01,0.0,0.01,0.01,0.01,10.0,0.0,10.0,10.0,10.0,3.39,0.0,3.39,3.39,3.39,2.95,,2.95,2.95,2.95,0.065,0.004,0.063,0.065,0.067,1.89,0.22,1.84,1.89,1.95,4.12,0.23,4.0,4.1,4.23,425.0,19.0,414.5,420.0,433.0,184.5,57.0,170.25,184.5,198.75,114.5,37.8,105.05,114.5,123.95,114.5,37.8,105.05,114.5,123.95,,,,,,159.0,54.0,145.5,159.0,172.5,24.5,1.0,24.25,24.5,24.75,1.0,2.0,0.5,1.0,1.5,0.0,0.0,0.0,0.0,0.0,0.0,0.0,0.0,0.0,0.0,73.1,20.4,68.0,73.1,78.2,41.4,17.4,37.05,41.4,45.75,0.0,0.0,0.0,0.0,0.0,0.0,0.0,0.0,0.0,0.0,0.0,0.0,0.0,0.0,0.0,,,,,,,,,,,,,,,,72.0,0.0,72.0,72.0,72.0,30.0,0.0,30.0,30.0,30.0,8.0,0.0,8.0,8.0,8.0,0.63,0.31,0.39,0.57,0.9,Coagulation,45.0,mg/L,4009.0,Bench-Scale,GAC,RSSCT,3.58,10.0,False,2026-04-10
4009-4-20,21.53,3.01,19.8,20.0,22.5,6.6,0.2,6.55,6.6,6.65,0.24,0.05,0.22,0.26,0.27,21.0,0.0,21.0,21.0,21.0,,,,,,44.0,1.41,43.5,44.0,44.5,41.0,1.41,40.5,41.0,41.5,0.01,0.0,0.01,0.01,0.01,10.0,0.0,10.0,10.0,10.0,3.39,0.0,3.39,3.39,3.39,2.95,,2.95,2.95,2.95,0.065,0.004,0.063,0.065,0.067,1.89,0.22,1.84,1.89,1.95,4.12,0.23,4.0,4.1,4.23,425.0,19.0,414.5,420.0,433.0,184.5,57.0,170.25,184.5,198.75,114.5,37.8,105.05,114.5,123.95,114.5,37.8,105.05,114.5,123.95,,,,,,159.0,54.0,145.5,159.0,172.5,24.5,1.0,24.25,24.5,24.75,1.0,2.0,0.5,1.0,1.5,0.0,0.0,0.0,0.0,0.0,0.0,0.0,0.0,0.0,0.0,73.1,20.4,68.0,73.1,78.2,41.4,17.4,37.05,41.4,45.75,0.0,0.0,0.0,0.0,0.0,0.0,0.0,0.0,0.0,0.0,0.0,0.0,0.0,0.0,0.0,,,,,,,,,,,,,,,,72.0,0.0,72.0,72.0,72.0,30.0,0.0,30.0,30.0,30.0,8.0,0.0,8.0,8.0,8.0,0.88,0.38,0.64,0.9,1.2,Coagulation,45.0,mg/L,4009.0,Bench-Scale,GAC,RSSCT,3.58,10.0,False,2026-04-20
4011-1-TS80,26.1,3.27,23.6,28.3,28.6,4.64,1.49,3.8,3.8,5.8,0.56,1.03,0.15,0.18,0.21,70.5,13.03,61.5,69.5,78.5,455.71,68.28,430.0,460.0,495.0,195.71,19.02,185.0,190.0,210.0,154.86,33.82,146.0,150.0,180.0,,,,,,,,,,,8.1,1.21,7.25,7.9,8.8,,,,,,,,,,,,,,,,24.8,0.0,24.8,24.8,24.8,1258.57,220.79,1150.0,1300.0,1420.0,370.57,102.46,365.5,402.0,426.5,242.71,80.26,215.5,239.0,306.5,,,,,,,,,,,214.29,96.07,230.0,240.0,265.0,111.57,19.36,96.0,110.0,125.0,41.43,11.18,32.5,45.0,49.5,3.29,5.96,0.0,0.0,4.0,8.57,3.99,8.5,10.0,10.5,111.14,25.86,99.5,110.0,130.0,130.67000000000002,26.43,112.5,135.0,150.0,0.5700000000000001,0.98,0.0,0.0,1.0,10.43,6.32,5.5,9.0,15.0,,,,,,,,,,,,,,,,,,,,,96.0,0.0,96.0,96.0,96.0,22.0,0.0,22.0,22.0,22.0,7.6,0.0,7.6,7.6,7.6,0.2,0.0,0.2,0.2,0.2,Coagulation,151.4,mg/L,4011.0,Pilot-Scale,Membrane,2-Stage Pilot,8.1,,False,
4015-1-10,20.03,0.21,19.95,20.1,20.15,7.77,0.06,7.75,7.8,7.8,0.29,0.12,0.26,0.29,0.32,79.0,4.24,77.5,79.0,80.5,,,,,,141.5,4.95,139.75,141.5,143.25,101.0,7.07,98.5,101.0,103.5,0.01,0.0,0.01,0.01,0.01,90.0,0.0,90.0,90.0,90.0,3.23,0.15,3.15,3.2,3.3,3.0,0.0,0.03,3.0,3.0,0.075,0.002,0.074,0.075,0.076,2.31,0.06,2.29,2.33,2.34,3.2,0.27,3.08,3.22,3.34,300.0,86.6,250.0,250.0,325.0,85.33,6.73,81.45,81.5,87.3,52.33,16.44,43.0,46.0,58.5,63.67,19.66,52.5,56.0,71.0,,,,,,45.87,3.35,43.95,44.4,47.05,27.2,1.99,26.05,26.1,27.8,11.3,1.28,10.6,11.0,11.85,0.97,0.25,0.85,1.0,1.1,1.33,2.31,0.0,0.0,2.0,23.67,6.43,20.0,21.0,26.0,24.0,7.21,20.0,22.0,27.0,0.0,0.0,0.0,0.0,0.0,3.33,0.58,3.0,3.0,3.5,11.33,3.21,9.5,10.0,12.5,,,,,,,,,,,,,,,,24.0,0.0,24.0,24.0,24.0,20.0,0.0,20.0,20.0,20.0,8.0,0.0,8.0,8.0,8.0,1.02,0.08,0.97,1.04,1.08,Coagulation,50.0,mg/L,4015.0,Bench-Scale,GAC,RSSCT,3.12,80.0,False,2026-01-10
4015-1-20,,,,,,,,,,,,,,,,,,,,,,,,,,,,,,,,,,,,,,,,,,,,,,3.5,0.0,3.5,3.5,3.5,,,,,,0.074,0.002,0.074,0.075,0.076,2.12,0.06,2.1,2.14,2.16,3.44,0.19,3.33,3.36,3.51,276.67,11.55,270.0,270.0,280.0,86.3,5.2,85.0,86.3,87.6,58.5,1.0,58.25,58.5,58.75,70.0,0.0,70.0,70.0,70.0,,,,,,46.3,5.6,44.9,46.3,47.7,29.3,2.72,27.75,28.2,30.3,11.73,0.81,11.3,11.6,12.1,1.03,0.15,0.95,1.0,1.1,3.5,3.0,2.75,3.5,4.25,25.5,1.0,25.25,25.5,25.75,26.5,1.0,26.25,26.5,26.75,0.0,0.0,0.0,0.0,0.0,3.0,0.0,3.0,3.0,3.0,11.5,1.0,11.25,11.5,11.75,,,,,,,,,,,,,,,,24.0,0.0,24.0,24.0,24.0,20.0,0.0,20.0,20.0,20.0,8.0,0.0,8.0,8.0,8.0,1.01,0.09,0.94,1.0,1.07,Coagulation,50.0,mg/L,4015.0,Bench-Scale,GAC,RSSCT,3.12,80.0,False,2026-01-20
4015-2-10,20.67,0.35,20.5,20.7,20.85,7.83,0.06,7.8,7.8,7.85,0.22,0.02,0.22,0.22,0.23,54.5,6.36,52.25,54.5,56.75,,,,,,112.0,0.0,112.0,112.0,112.0,80.5,0.71,80.25,80.5,80.75,0.03,0.01,0.02,0.03,0.03,90.0,0.0,90.0,90.0,90.0,2.27,0.06,2.25,2.3,2.3,4.0,0.0,0.04,4.0,4.0,0.042,0.002,0.041,0.041,0.043,1.86,0.13,1.78,1.78,1.89,2.14,0.02,2.13,2.14,2.15,313.33,5.77,310.0,310.0,315.0,64.8,0.69,64.6,65.2,65.2,23.33,0.58,23.0,23.0,23.5,32.0,1.0,31.5,32.0,32.5,,,,,,23.07,0.23,23.0,23.2,23.2,23.2,0.53,23.0,23.4,23.5,15.7,0.35,15.5,15.5,15.8,2.83,0.12,2.8,2.9,2.9,0.0,0.0,0.0,0.0,0.0,11.0,0.0,11.0,11.0,11.0,8.33,0.58,8.0,8.0,8.5,0.0,0.0,0.0,0.0,0.0,4.0,0.0,4.0,4.0,4.0,8.67,0.58,8.5,9.0,9.0,,,,,,,,,,,,,,,,24.0,0.0,24.0,24.0,24.0,20.0,0.0,20.0,20.0,20.0,8.0,0.0,8.0,8.0,8.0,0.96,0.03,0.94,0.96,0.98,Coagulation,50.0,mg/L,4015.0,Bench-Scale,GAC,RSSCT,3.12,80.0,False,2026-02-10
4015-3-10,21.03,0.42,20.8,20.9,21.2,7.27,0.06,7.25,7.3,7.3,0.19,0.01,0.18,0.19,0.19,59.0,4.24,57.5,59.0,60.5,,,,,,114.5,0.71,114.25,114.5,114.75,81.5,4.95,79.75,81.5,83.25,0.16,0.01,0.15,0.16,0.16,70.0,0.0,70.0,70.0,70.0,3.67,0.06,3.65,3.7,3.7,2.0,0.0,0.02,2.0,2.0,0.075,0.001,0.075,0.075,0.075,2.04,0.04,2.01,2.03,2.06,3.83,0.06,3.8,3.82,3.86,316.67,15.28,310.0,320.0,325.0,100.47,4.9,98.65,102.4,103.25,63.0,9.64,59.5,67.0,68.5,72.67,11.02,69.0,78.0,79.0,,,,,,65.43,4.24,63.9,67.2,67.85,26.77,1.04,26.35,27.1,27.35,8.27,0.38,8.05,8.1,8.4,0.0,0.0,0.0,0.0,0.0,3.33,4.16,1.0,2.0,5.0,27.33,3.79,26.0,29.0,29.5,30.67,4.51,28.5,31.0,33.0,0.0,0.0,0.0,0.0,0.0,1.67,0.58,1.5,2.0,2.0,9.67,1.53,9.0,10.0,10.5,,,,,,,,,,,,,,,,24.0,0.0,24.0,24.0,24.0,20.0,0.0,20.0,20.0,20.0,8.0,0.0,8.0,8.0,8.0,0.87,0.09,0.81,0.86,0.93,Coagulation,50.0,mg/L,4015.0,Bench-Scale,GAC,RSSCT,3.12,80.0,False,2026-03-10
4015-4-10,22.23,0.21,22.15,22.3,22.35,7.61,0.03,7.6,7.61,7.63,0.09,0.01,0.08,0.09,0.09,43.5,2.12,42.75,43.5,44.25,,,,,,117.5,3.54,116.25,117.5,118.75,80.0,0.0,80.0,80.0,80.0,0.14,0.0,0.14,0.14,0.14,80.0,0.0,80.0,80.0,80.0,2.95,0.3,2.88,2.95,3.03,3.0,0.0,0.03,3.0,3.0,0.049,0.002,0.049,0.049,0.05,1.68,0.07,1.66,1.68,1.7,2.37,0.03,2.35,2.35,2.38,210.0,17.32,205.0,220.0,220.0,76.77,0.74,76.35,76.5,77.05,37.0,0.0,37.0,37.0,37.0,46.0,0.0,46.0,46.0,46.0,,,,,,40.37,0.55,40.1,40.4,40.65,24.0,0.36,23.8,23.9,24.15,11.53,0.45,11.3,11.5,11.75,0.87,0.12,0.8,0.8,0.9,0.0,0.0,0.0,0.0,0.0,17.0,0.0,17.0,17.0,17.0,15.67,1.15,15.0,15.0,16.0,1.33,1.15,1.0,2.0,2.0,3.0,0.0,3.0,3.0,3.0,9.0,0.0,9.0,9.0,9.0,,,,,,,,,,,,,,,,24.0,0.0,24.0,24.0,24.0,20.0,0.0,20.0,20.0,20.0,8.0,0.0,8.0,8.0,8.0,1.03,0.05,1.0,1.05,1.05,Coagulation,50.0,mg/L,4015.0,Bench-Scale,GAC,RSSCT,3.12,80.0,False,2026-04-10
4016-1-20,13.03,5.96,8.35,12.2,14.7,6.61,0.34,6.33,6.6,6.8,0.12,0.07,0.08,0.09,0.15,42.67,13.89,34.0,40.0,49.0,,,,,,102.13,23.79,87.5,110.0,121.0,71.17,17.28,61.5,74.0,83.25,0.07,0.04,0.04,0.05,0.07,60.6,26.29,40.0,57.0,75.0,2.68,0.6,2.2,2.7,3.1,22.3,7.99,17.56,20.36,23.02,0.054,0.017,0.045,0.05,0.064,2.01,0.29,1.85,2.07,2.22,2.65,1.45,1.94,2.44,3.16,209.87,72.1,151.5,200.0,247.5,71.75,23.36,54.55,63.1,87.0,37.53,13.11,29.0,36.0,41.0,44.93,15.18,34.5,43.0,49.5,,,,,,43.91,16.12,33.5,35.7,52.18,19.81,6.77,15.65,18.1,23.55,7.7,4.39,5.05,6.0,9.9,0.33,0.91,0.0,0.0,0.0,2.0,2.2,0.0,2.0,3.0,19.3,6.09,16.0,17.0,22.0,14.23,5.95,10.0,13.0,16.0,0.0,0.0,0.0,0.0,0.0,2.0,1.13,1.5,2.0,2.0,7.4,2.72,5.5,7.0,8.5,,,,,,,,,,,,,,,,24.0,0.0,24.0,24.0,24.0,20.0,0.0,20.0,20.0,20.0,8.0,0.0,8.0,8.0,8.0,1.01,0.19,0.87,1.0,1.1,Coagulation,50.0,mg/L,4016.0,Pilot-Scale,GAC,Pilot Columns,2.68,60.59999847412109,False,2026-01-20
4111-1-DS5-DK,21.65,4.26,19.13,20.25,22.78,6.3500000000000005,1.9,6.3500000000000005,7.3,7.3,0.3,0.2,0.2,0.2,0.3,,,,,,460.0,37.42,447.5,465.0,477.5,195.0,12.91,187.5,195.0,202.5,142.5,9.57,137.5,145.0,150.0,,,,,,,,,,,7.98,1.65,6.8,8.0,9.18,,,,,,,,,,,,,,,,24.8,0.0,24.8,24.8,24.8,1237.5,268.87,1137.5,1200.0,1300.0,310.25,31.42,295.5,313.5,328.25,262.0,21.62,251.25,256.0,266.75,,,,,,,,,,,170.0,45.46,147.5,180.0,202.5,88.5,8.35,85.25,90.5,93.75,38.75,9.5,36.5,40.0,42.25,13.0,2.94,10.75,13.0,15.25,13.5,5.51,9.5,13.0,17.0,109.0,15.1,98.0,104.0,115.0,125.0,12.91,117.5,125.0,132.5,4.0,1.41,3.0,3.5,4.5,10.5,1.91,9.0,10.0,11.5,,,,,,,,,,,,,,,,,,,,,96.0,0.0,96.0,96.0,96.0,22.0,0.0,22.0,22.0,22.0,7.6,0.0,7.6,7.6,7.6,0.2,0.0,0.2,0.2,0.2,Coagulation,151.4,mg/L,4111.0,Pilot-Scale,Membrane,2-Stage Pilot,7.98,,False,
4211-1-DS5-DK,24.29,4.58,21.1,21.7,28.6,7.76,0.23,7.7,7.9,7.9,0.17,0.06,0.14,0.14,0.19,89.67,7.0,86.5,89.0,90.75,396.67,82.62,352.5,365.0,392.5,137.14,20.59,125.0,130.0,140.0,102.29,17.52,91.5,98.0,102.5,,,,,,,,,,,25.29,3.45,25.0,27.0,27.0,,,,,,,,,,,,,,,,49.8,0.0,49.8,49.8,49.8,4380.0,828.85,3800.0,4700.0,4700.0,1016.71,267.65,827.5,1010.0,1179.5,1376.83,375.35,1339.5,1432.5,1620.75,,,,,,,,,,,874.29,244.53,705.0,900.0,975.0,133.71,42.42,106.5,125.0,141.0,8.71,13.19,0.0,6.0,9.0,0.0,0.0,0.0,0.0,0.0,20.29,19.3,5.0,16.0,32.0,448.57,125.49,390.0,500.0,535.0,893.33,239.81,867.5,925.0,1065.0,0.43,1.13,0.0,0.0,0.0,4.86,7.4,1.0,2.0,4.5,,,,,,,,,,,,,,,,,,,,,96.0,0.0,96.0,96.0,96.0,22.0,0.0,22.0,22.0,22.0,7.6,0.0,7.6,7.6,7.6,0.2,0.0,0.2,0.2,0.2,Microfiltration,,,4211.0,Bench-Scale,Membrane,LTSEBST,25.28,,False,
